platform,product_id,product_name,category,sub_category,brand,price,mrp,shelf_life_days
Zepto,P00001,Daily Dishwash 1kg,Household,Dishwash,,250.0,,
Zepto,P00002,Quick Apple 500g,Fruits & Vegetables,Fruits,,90.0,,
Zepto,P00003,Fresh Cashew 12 pcs,Grocery & Staples,Dry Fruits,,100.0,,
Zepto,P00004,Quick Toor Dal 500ml,Grocery & Staples,Pulses,,300.0,,
Zepto,P00005,Fresh Chocolate 1L,Snacks & Beverages,Chocolates,,180.0,,
Zepto,P00006,Fresh Tea 500ml,Snacks & Beverages,Tea,,130.0,,
Zepto,P00007,Quick Floor Cleaner 1L,Household,Floor Cleaner,,610.0,,
Zepto,P00008,Pure Tomato 1L,Fruits & Vegetables,Vegetables,,140.0,,
Zepto,P00009,Pure Banana 12 pcs,Fruits & Vegetables,Fruits,,160.0,,
Zepto,P00010,Fresh Potato 200g,Fruits & Vegetables,Vegetables,,90.0,,
Zepto,P00011,Pure Cashew 2kg,Grocery & Staples,Dry Fruits,,100.0,,
Zepto,P00012,Good Cookies 200g,Snacks & Beverages,Biscuits,,250.0,,
Zepto,P00013,Quick Cold Drink 500g,Snacks & Beverages,Soft Drinks,,160.0,,
Zepto,P00014,Daily Toor Dal 1kg,Grocery & Staples,Pulses,,370.0,,
Zepto,P00015,Happy Juice 500g,Snacks & Beverages,Juices,,140.0,,
Zepto,P00016,Urban Eggs 1L,Dairy & Breakfast,Eggs,,140.0,,
Zepto,P00017,Good Toothpaste 200g,Personal Care,Oral Care,,220.0,,
Zepto,P00018,Happy Banana 12 pcs,Fruits & Vegetables,Fruits,,220.0,,
Zepto,P00019,Good Curd 2kg,Dairy & Breakfast,Curd,,260.0,,
Zepto,P00020,Pure Cookies 1kg,Snacks & Beverages,Biscuits,,120.0,,
Zepto,P00021,Pure Eggs 200g,Dairy & Breakfast,Eggs,,40.0,,
Zepto,P00022,Green Atta 500g,Grocery & Staples,Flour,,550.0,,
Zepto,P00023,Green Potato 1L,Fruits & Vegetables,Vegetables,,240.0,,
Zepto,P00024,Urban Almonds 1L,Grocery & Staples,Dry Fruits,,390.0,,
Zepto,P00025,Fresh Bread 6 pcs,Dairy & Breakfast,Bread,,110.0,,
Zepto,P00026,Pure Tea 1L,Snacks & Beverages,Tea,,200.0,,
Zepto,P00027,Metro Eggs 12 pcs,Dairy & Breakfast,Eggs,,290.0,,
Zepto,P00028,Pure Toor Dal 1kg,Grocery & Staples,Pulses,,190.0,,
Zepto,P00029,Daily Chocolate 1L,Snacks & Beverages,Chocolates,,120.0,,
Zepto,P00030,Fresh Cold Drink 500g,Snacks & Beverages,Soft Drinks,,250.0,,
Zepto,P00031,Smart Tea 500ml,Snacks & Beverages,Tea,,220.0,,
Zepto,P00032,Daily Toothpaste 1kg,Personal Care,Oral Care,,240.0,,
Zepto,P00033,Good Tomato 1kg,Fruits & Vegetables,Vegetables,,150.0,,
Zepto,P00034,Daily Juice 1L,Snacks & Beverages,Juices,,130.0,,
Zepto,P00035,Urban Almonds 2kg,Grocery & Staples,Dry Fruits,,770.0,,
Zepto,P00036,Fresh Chocolate 12 pcs,Snacks & Beverages,Chocolates,,70.0,,
Zepto,P00037,Good Eggs 500g,Dairy & Breakfast,Eggs,,450.0,,
Zepto,P00038,Green Dishwash 1L,Household,Dishwash,,250.0,,
Zepto,P00039,Metro Namkeen 1L,Snacks & Beverages,Chips,,530.0,,
Zepto,P00040,Green Tea 1L,Snacks & Beverages,Tea,,120.0,,
Zepto,P00041,Urban Potato 6 pcs,Fruits & Vegetables,Vegetables,,280.0,,
Zepto,P00042,Quick Dishwash 1kg,Household,Dishwash,,270.0,,
Zepto,P00043,Quick Floor Cleaner 500ml,Household,Floor Cleaner,,150.0,,
Zepto,P00044,Fresh Shampoo 500ml,Personal Care,Shampoo,,270.0,,
Zepto,P00045,Smart Curd 200g,Dairy & Breakfast,Curd,,180.0,,
Zepto,P00046,Good Potato 12 pcs,Fruits & Vegetables,Vegetables,,160.0,,
Zepto,P00047,Fresh Almonds 1L,Grocery & Staples,Dry Fruits,,770.0,,
Zepto,P00048,Pure Banana 1L,Fruits & Vegetables,Fruits,,340.0,,
Zepto,P00049,Metro Atta 1L,Grocery & Staples,Flour,,540.0,,
Zepto,P00050,Pure Curd 2kg,Dairy & Breakfast,Curd,,130.0,,
Zepto,P00051,Pure Cookies 200g,Snacks & Beverages,Biscuits,,190.0,,
Zepto,P00052,Quick Potato 1L,Fruits & Vegetables,Vegetables,,80.0,,
Zepto,P00053,Good Tomato 500ml,Fruits & Vegetables,Vegetables,,300.0,,
Zepto,P00054,Metro Curd 500ml,Dairy & Breakfast,Curd,,170.0,,
Zepto,P00055,Urban Apple 1L,Fruits & Vegetables,Fruits,,60.0,,
Zepto,P00056,Green Potato 6 pcs,Fruits & Vegetables,Vegetables,,150.0,,
Zepto,P00057,Smart Almonds 500g,Grocery & Staples,Dry Fruits,,30.0,,
Zepto,P00058,Green Floor Cleaner 200g,Household,Floor Cleaner,,400.0,,
Zepto,P00059,Fresh Eggs 1L,Dairy & Breakfast,Eggs,,70.0,,
Zepto,P00060,Good Atta 6 pcs,Grocery & Staples,Flour,,140.0,,
Zepto,P00061,Urban Coffee 500g,Snacks & Beverages,Coffee,,190.0,,
Zepto,P00062,Metro Dishwash 12 pcs,Household,Dishwash,,580.0,,
Zepto,P00063,Metro Milk 500ml,Dairy & Breakfast,Milk,,160.0,,
Zepto,P00064,Good Toor Dal 2kg,Grocery & Staples,Pulses,,40.0,,
Zepto,P00065,Daily Chocolate 200g,Snacks & Beverages,Chocolates,,150.0,,
Zepto,P00066,Fresh Banana 12 pcs,Fruits & Vegetables,Fruits,,150.0,,
Zepto,P00067,Happy Cookies 12 pcs,Snacks & Beverages,Biscuits,,480.0,,
Zepto,P00068,Pure Namkeen 12 pcs,Snacks & Beverages,Chips,,280.0,,
Zepto,P00069,Pure Floor Cleaner 500ml,Household,Floor Cleaner,,380.0,,
Zepto,P00070,Pure Milk 200g,Dairy & Breakfast,Milk,,160.0,,
Zepto,P00071,Quick Toor Dal 1kg,Grocery & Staples,Pulses,,140.0,,
Zepto,P00072,Fresh Almonds 500ml,Grocery & Staples,Dry Fruits,,40.0,,
Zepto,P00073,Green Potato 500ml,Fruits & Vegetables,Vegetables,,130.0,,
Zepto,P00074,Good Floor Cleaner 500ml,Household,Floor Cleaner,,90.0,,
Zepto,P00075,Happy Apple 1L,Fruits & Vegetables,Fruits,,450.0,,
Zepto,P00076,Metro Potato 1L,Fruits & Vegetables,Vegetables,,340.0,,
Zepto,P00077,Fresh Basmati Rice 2kg,Grocery & Staples,Rice,,110.0,,
Zepto,P00078,Smart Atta 500g,Grocery & Staples,Flour,,230.0,,
Zepto,P00079,Quick Eggs 200g,Dairy & Breakfast,Eggs,,210.0,,
Zepto,P00080,Quick Curd 1L,Dairy & Breakfast,Curd,,580.0,,
Zepto,P00081,Fresh Curd 500g,Dairy & Breakfast,Curd,,390.0,,
Zepto,P00082,Happy Juice 6 pcs,Snacks & Beverages,Juices,,280.0,,
Zepto,P00083,Smart Eggs 6 pcs,Dairy & Breakfast,Eggs,,60.0,,
Zepto,P00084,Pure Dishwash 12 pcs,Household,Dishwash,,230.0,,
Zepto,P00085,Daily Toor Dal 200g,Grocery & Staples,Pulses,,330.0,,
Zepto,P00086,Pure Tomato 500g,Fruits & Vegetables,Vegetables,,160.0,,
Zepto,P00087,Urban Floor Cleaner 1L,Household,Floor Cleaner,,570.0,,
Zepto,P00088,Metro Cashew 12 pcs,Grocery & Staples,Dry Fruits,,110.0,,
Zepto,P00089,Happy Dishwash 500g,Household,Dishwash,,30.0,,
Zepto,P00090,Smart Curd 6 pcs,Dairy & Breakfast,Curd,,110.0,,
Zepto,P00091,Happy Banana 500ml,Fruits & Vegetables,Fruits,,70.0,,
Zepto,P00092,Quick Coffee 500g,Snacks & Beverages,Coffee,,190.0,,
Zepto,P00093,Fresh Apple 500ml,Fruits & Vegetables,Fruits,,150.0,,
Zepto,P00094,Happy Toothpaste 6 pcs,Personal Care,Oral Care,,240.0,,
Zepto,P00095,Smart Curd 1L,Dairy & Breakfast,Curd,,390.0,,
Zepto,P00096,Happy Bread 500ml,Dairy & Breakfast,Bread,,180.0,,
Zepto,P00097,Quick Bread 500ml,Dairy & Breakfast,Bread,,60.0,,
Zepto,P00098,Smart Dishwash 500ml,Household,Dishwash,,640.0,,
Zepto,P00099,Green Tomato 200g,Fruits & Vegetables,Vegetables,,170.0,,
Zepto,P00100,Quick Cookies 500g,Snacks & Beverages,Biscuits,,80.0,,
Zepto,P00101,Pure Toor Dal 6 pcs,Grocery & Staples,Pulses,,470.0,,
Zepto,P00102,Quick Cold Drink 500g,Snacks & Beverages,Soft Drinks,,200.0,,
Zepto,P00103,Quick Chocolate 1kg,Snacks & Beverages,Chocolates,,200.0,,
Zepto,P00104,Urban Curd 1L,Dairy & Breakfast,Curd,,20.0,,
Zepto,P00105,Good Banana 200g,Fruits & Vegetables,Fruits,,520.0,,
Zepto,P00106,Good Floor Cleaner 1kg,Household,Floor Cleaner,,590.0,,
Zepto,P00107,Quick Curd 1kg,Dairy & Breakfast,Curd,,130.0,,
Zepto,P00108,Happy Cold Drink 2kg,Snacks & Beverages,Soft Drinks,,100.0,,
Zepto,P00109,Good Juice 500ml,Snacks & Beverages,Juices,,130.0,,
Zepto,P00110,Green Shampoo 1L,Personal Care,Shampoo,,500.0,,
Zepto,P00111,Daily Atta 500g,Grocery & Staples,Flour,,240.0,,
Zepto,P00112,Smart Cookies 500g,Snacks & Beverages,Biscuits,,590.0,,
Zepto,P00113,Green Curd 500g,Dairy & Breakfast,Curd,,70.0,,
Zepto,P00114,Quick Floor Cleaner 6 pcs,Household,Floor Cleaner,,180.0,,
Zepto,P00115,Smart Potato 1L,Fruits & Vegetables,Vegetables,,40.0,,
Zepto,P00116,Smart Apple 1L,Fruits & Vegetables,Fruits,,190.0,,
Zepto,P00117,Happy Atta 2kg,Grocery & Staples,Flour,,40.0,,
Zepto,P00118,Daily Basmati Rice 500g,Grocery & Staples,Rice,,400.0,,
Zepto,P00119,Urban Dishwash 200g,Household,Dishwash,,220.0,,
Zepto,P00120,Quick Almonds 500ml,Grocery & Staples,Dry Fruits,,50.0,,
Zepto,P00121,Happy Curd 12 pcs,Dairy & Breakfast,Curd,,240.0,,
Zepto,P00122,Metro Cold Drink 500g,Snacks & Beverages,Soft Drinks,,600.0,,
Zepto,P00123,Good Atta 500g,Grocery & Staples,Flour,,380.0,,
Zepto,P00124,Happy Eggs 1L,Dairy & Breakfast,Eggs,,150.0,,
Zepto,P00125,Green Toor Dal 6 pcs,Grocery & Staples,Pulses,,130.0,,
Zepto,P00126,Daily Toothpaste 1kg,Personal Care,Oral Care,,480.0,,
Zepto,P00127,Smart Toor Dal 2kg,Grocery & Staples,Pulses,,200.0,,
Zepto,P00128,Daily Bread 12 pcs,Dairy & Breakfast,Bread,,280.0,,
Zepto,P00129,Smart Coffee 500ml,Snacks & Beverages,Coffee,,100.0,,
Zepto,P00130,Pure Chocolate 1L,Snacks & Beverages,Chocolates,,40.0,,
Zepto,P00131,Daily Namkeen 200g,Snacks & Beverages,Chips,,240.0,,
Zepto,P00132,Fresh Floor Cleaner 1L,Household,Floor Cleaner,,220.0,,
Zepto,P00133,Smart Atta 12 pcs,Grocery & Staples,Flour,,470.0,,
Zepto,P00134,Daily Chocolate 200g,Snacks & Beverages,Chocolates,,350.0,,
Zepto,P00135,Quick Tea 6 pcs,Snacks & Beverages,Tea,,330.0,,
Zepto,P00136,Daily Almonds 12 pcs,Grocery & Staples,Dry Fruits,,30.0,,
Zepto,P00137,Daily Milk 12 pcs,Dairy & Breakfast,Milk,,740.0,,
Zepto,P00138,Happy Toor Dal 6 pcs,Grocery & Staples,Pulses,,270.0,,
Zepto,P00139,Fresh Juice 6 pcs,Snacks & Beverages,Juices,,190.0,,
Zepto,P00140,Pure Namkeen 1kg,Snacks & Beverages,Chips,,60.0,,
Zepto,P00141,Quick Curd 12 pcs,Dairy & Breakfast,Curd,,390.0,,
Zepto,P00142,Metro Bread 500g,Dairy & Breakfast,Bread,,420.0,,
Zepto,P00143,Quick Tea 1L,Snacks & Beverages,Tea,,100.0,,
Zepto,P00144,Pure Juice 12 pcs,Snacks & Beverages,Juices,,300.0,,
Zepto,P00145,Urban Floor Cleaner 200g,Household,Floor Cleaner,,490.0,,
Zepto,P00146,Urban Coffee 6 pcs,Snacks & Beverages,Coffee,,530.0,,
Zepto,P00147,Happy Juice 500g,Snacks & Beverages,Juices,,590.0,,
Zepto,P00148,Metro Bread 200g,Dairy & Breakfast,Bread,,90.0,,
Zepto,P00149,Urban Apple 6 pcs,Fruits & Vegetables,Fruits,,180.0,,
Zepto,P00150,Green Curd 12 pcs,Dairy & Breakfast,Curd,,70.0,,
Zepto,P00151,Happy Atta 200g,Grocery & Staples,Flour,,50.0,,
Zepto,P00152,Daily Cold Drink 1kg,Snacks & Beverages,Soft Drinks,,70.0,,
Zepto,P00153,Smart Potato 12 pcs,Fruits & Vegetables,Vegetables,,250.0,,
Zepto,P00154,Good Namkeen 500g,Snacks & Beverages,Chips,,230.0,,
Zepto,P00155,Fresh Tomato 200g,Fruits & Vegetables,Vegetables,,500.0,,
Zepto,P00156,Pure Cashew 1kg,Grocery & Staples,Dry Fruits,,50.0,,
Zepto,P00157,Happy Shampoo 1kg,Personal Care,Shampoo,,120.0,,
Zepto,P00158,Good Apple 12 pcs,Fruits & Vegetables,Fruits,,120.0,,
Zepto,P00159,Pure Eggs 12 pcs,Dairy & Breakfast,Eggs,,100.0,,
Zepto,P00160,Fresh Curd 12 pcs,Dairy & Breakfast,Curd,,80.0,,
Zepto,P00161,Happy Milk 2kg,Dairy & Breakfast,Milk,,310.0,,
Zepto,P00162,Fresh Floor Cleaner 2kg,Household,Floor Cleaner,,20.0,,
Zepto,P00163,Smart Tea 500ml,Snacks & Beverages,Tea,,230.0,,
Zepto,P00164,Urban Tea 6 pcs,Snacks & Beverages,Tea,,440.0,,
Zepto,P00165,Happy Cookies 500g,Snacks & Beverages,Biscuits,,270.0,,
Zepto,P00166,Good Toothpaste 200g,Personal Care,Oral Care,,30.0,,
Zepto,P00167,Fresh Apple 1kg,Fruits & Vegetables,Fruits,,790.0,,
Zepto,P00168,Happy Atta 12 pcs,Grocery & Staples,Flour,,430.0,,
Zepto,P00169,Smart Cookies 500ml,Snacks & Beverages,Biscuits,,210.0,,
Zepto,P00170,Good Toor Dal 200g,Grocery & Staples,Pulses,,280.0,,
Zepto,P00171,Green Banana 1kg,Fruits & Vegetables,Fruits,,40.0,,
Zepto,P00172,Happy Cold Drink 500ml,Snacks & Beverages,Soft Drinks,,210.0,,
Zepto,P00173,Metro Juice 500ml,Snacks & Beverages,Juices,,130.0,,
Zepto,P00174,Daily Chocolate 500g,Snacks & Beverages,Chocolates,,570.0,,
Zepto,P00175,Urban Banana 200g,Fruits & Vegetables,Fruits,,550.0,,
Zepto,P00176,Quick Namkeen 2kg,Snacks & Beverages,Chips,,270.0,,
Zepto,P00177,Metro Atta 1kg,Grocery & Staples,Flour,,560.0,,
Zepto,P00178,Quick Curd 500g,Dairy & Breakfast,Curd,,380.0,,
Zepto,P00179,Quick Namkeen 500ml,Snacks & Beverages,Chips,,390.0,,
Zepto,P00180,Quick Cashew 1kg,Grocery & Staples,Dry Fruits,,230.0,,
Zepto,P00181,Smart Milk 200g,Dairy & Breakfast,Milk,,150.0,,
Zepto,P00182,Daily Chocolate 12 pcs,Snacks & Beverages,Chocolates,,100.0,,
Zepto,P00183,Quick Namkeen 500ml,Snacks & Beverages,Chips,,370.0,,
Zepto,P00184,Daily Cashew 500ml,Grocery & Staples,Dry Fruits,,160.0,,
Zepto,P00185,Pure Juice 200g,Snacks & Beverages,Juices,,250.0,,
Zepto,P00186,Urban Chocolate 500g,Snacks & Beverages,Chocolates,,210.0,,
Zepto,P00187,Pure Basmati Rice 12 pcs,Grocery & Staples,Rice,,130.0,,
Zepto,P00188,Green Eggs 1kg,Dairy & Breakfast,Eggs,,130.0,,
Zepto,P00189,Pure Namkeen 500ml,Snacks & Beverages,Chips,,130.0,,
Zepto,P00190,Fresh Eggs 2kg,Dairy & Breakfast,Eggs,,90.0,,
Zepto,P00191,Fresh Tea 1kg,Snacks & Beverages,Tea,,100.0,,
Zepto,P00192,Green Curd 500ml,Dairy & Breakfast,Curd,,30.0,,
Zepto,P00193,Quick Chocolate 6 pcs,Snacks & Beverages,Chocolates,,210.0,,
Zepto,P00194,Daily Chocolate 12 pcs,Snacks & Beverages,Chocolates,,100.0,,
Zepto,P00195,Smart Dishwash 2kg,Household,Dishwash,,40.0,,
Zepto,P00196,Pure Basmati Rice 500ml,Grocery & Staples,Rice,,290.0,,
Zepto,P00197,Good Toothpaste 500ml,Personal Care,Oral Care,,230.0,,
Zepto,P00198,Daily Tea 500g,Snacks & Beverages,Tea,,420.0,,
Zepto,P00199,Urban Chocolate 1kg,Snacks & Beverages,Chocolates,,700.0,,
Zepto,P00200,Smart Toor Dal 500g,Grocery & Staples,Pulses,,100.0,,
Zepto,P00201,Quick Toor Dal 2kg,Grocery & Staples,Pulses,,780.0,,
Zepto,P00202,Green Cashew 200g,Grocery & Staples,Dry Fruits,,220.0,,
Zepto,P00203,Green Bread 1kg,Dairy & Breakfast,Bread,,130.0,,
Zepto,P00204,Smart Bread 12 pcs,Dairy & Breakfast,Bread,,40.0,,
Zepto,P00205,Smart Cashew 1kg,Grocery & Staples,Dry Fruits,,110.0,,
Zepto,P00206,Pure Cookies 500ml,Snacks & Beverages,Biscuits,,130.0,,
Zepto,P00207,Quick Chocolate 1L,Snacks & Beverages,Chocolates,,500.0,,
Zepto,P00208,Urban Potato 500ml,Fruits & Vegetables,Vegetables,,240.0,,
Zepto,P00209,Urban Shampoo 6 pcs,Personal Care,Shampoo,,170.0,,
Zepto,P00210,Quick Basmati Rice 500g,Grocery & Staples,Rice,,200.0,,
Zepto,P00211,Good Potato 1L,Fruits & Vegetables,Vegetables,,560.0,,
Zepto,P00212,Green Coffee 12 pcs,Snacks & Beverages,Coffee,,530.0,,
Zepto,P00213,Pure Toothpaste 1L,Personal Care,Oral Care,,390.0,,
Zepto,P00214,Pure Dishwash 6 pcs,Household,Dishwash,,180.0,,
Zepto,P00215,Green Chocolate 500g,Snacks & Beverages,Chocolates,,250.0,,
Zepto,P00216,Green Cookies 500ml,Snacks & Beverages,Biscuits,,270.0,,
Zepto,P00217,Urban Cashew 1kg,Grocery & Staples,Dry Fruits,,50.0,,
Zepto,P00218,Good Chocolate 1kg,Snacks & Beverages,Chocolates,,260.0,,
Zepto,P00219,Smart Almonds 500ml,Grocery & Staples,Dry Fruits,,130.0,,
Zepto,P00220,Urban Tea 2kg,Snacks & Beverages,Tea,,220.0,,
Zepto,P00221,Metro Floor Cleaner 500g,Household,Floor Cleaner,,470.0,,
Zepto,P00222,Metro Toor Dal 500ml,Grocery & Staples,Pulses,,120.0,,
Zepto,P00223,Green Juice 500g,Snacks & Beverages,Juices,,350.0,,
Zepto,P00224,Pure Curd 2kg,Dairy & Breakfast,Curd,,170.0,,
Zepto,P00225,Metro Toothpaste 2kg,Personal Care,Oral Care,,470.0,,
Zepto,P00226,Quick Basmati Rice 12 pcs,Grocery & Staples,Rice,,120.0,,
Zepto,P00227,Good Milk 500ml,Dairy & Breakfast,Milk,,550.0,,
Zepto,P00228,Good Shampoo 500ml,Personal Care,Shampoo,,70.0,,
Zepto,P00229,Smart Chocolate 200g,Snacks & Beverages,Chocolates,,210.0,,
Zepto,P00230,Fresh Banana 500g,Fruits & Vegetables,Fruits,,130.0,,
Zepto,P00231,Metro Tea 1L,Snacks & Beverages,Tea,,180.0,,
Zepto,P00232,Urban Toor Dal 12 pcs,Grocery & Staples,Pulses,,110.0,,
Zepto,P00233,Metro Banana 6 pcs,Fruits & Vegetables,Fruits,,330.0,,
Zepto,P00234,Daily Almonds 12 pcs,Grocery & Staples,Dry Fruits,,230.0,,
Zepto,P00235,Quick Basmati Rice 2kg,Grocery & Staples,Rice,,60.0,,
Zepto,P00236,Quick Banana 6 pcs,Fruits & Vegetables,Fruits,,90.0,,
Zepto,P00237,Green Almonds 12 pcs,Grocery & Staples,Dry Fruits,,180.0,,
Zepto,P00238,Pure Milk 500g,Dairy & Breakfast,Milk,,110.0,,
Zepto,P00239,Daily Bread 6 pcs,Dairy & Breakfast,Bread,,170.0,,
Zepto,P00240,Daily Almonds 12 pcs,Grocery & Staples,Dry Fruits,,70.0,,
Zepto,P00241,Daily Curd 2kg,Dairy & Breakfast,Curd,,350.0,,
Zepto,P00242,Fresh Banana 1L,Fruits & Vegetables,Fruits,,110.0,,
Zepto,P00243,Good Toor Dal 2kg,Grocery & Staples,Pulses,,280.0,,
Zepto,P00244,Good Toor Dal 1kg,Grocery & Staples,Pulses,,90.0,,
Zepto,P00245,Pure Chocolate 6 pcs,Snacks & Beverages,Chocolates,,60.0,,
Zepto,P00246,Pure Apple 500g,Fruits & Vegetables,Fruits,,110.0,,
Zepto,P00247,Fresh Eggs 200g,Dairy & Breakfast,Eggs,,40.0,,
Zepto,P00248,Daily Chocolate 1kg,Snacks & Beverages,Chocolates,,20.0,,
Zepto,P00249,Quick Bread 500ml,Dairy & Breakfast,Bread,,280.0,,
Zepto,P00250,Green Banana 6 pcs,Fruits & Vegetables,Fruits,,550.0,,
Zepto,P00251,Urban Floor Cleaner 500g,Household,Floor Cleaner,,560.0,,
Zepto,P00252,Good Banana 2kg,Fruits & Vegetables,Fruits,,240.0,,
Zepto,P00253,Happy Curd 500g,Dairy & Breakfast,Curd,,160.0,,
Zepto,P00254,Metro Eggs 1L,Dairy & Breakfast,Eggs,,340.0,,
Zepto,P00255,Urban Floor Cleaner 2kg,Household,Floor Cleaner,,330.0,,
Zepto,P00256,Smart Banana 1L,Fruits & Vegetables,Fruits,,320.0,,
Zepto,P00257,Fresh Milk 200g,Dairy & Breakfast,Milk,,440.0,,
Zepto,P00258,Green Basmati Rice 12 pcs,Grocery & Staples,Rice,,220.0,,
Zepto,P00259,Metro Eggs 2kg,Dairy & Breakfast,Eggs,,130.0,,
Zepto,P00260,Good Almonds 2kg,Grocery & Staples,Dry Fruits,,310.0,,
Zepto,P00261,Smart Chocolate 6 pcs,Snacks & Beverages,Chocolates,,130.0,,
Zepto,P00262,Urban Dishwash 200g,Household,Dishwash,,180.0,,
Zepto,P00263,Daily Bread 2kg,Dairy & Breakfast,Bread,,260.0,,
Zepto,P00264,Green Potato 500ml,Fruits & Vegetables,Vegetables,,140.0,,
Zepto,P00265,Quick Cookies 1kg,Snacks & Beverages,Biscuits,,740.0,,
Zepto,P00266,Pure Curd 6 pcs,Dairy & Breakfast,Curd,,20.0,,
Zepto,P00267,Quick Juice 12 pcs,Snacks & Beverages,Juices,,200.0,,
Zepto,P00268,Fresh Eggs 500ml,Dairy & Breakfast,Eggs,,480.0,,
Zepto,P00269,Metro Dishwash 1kg,Household,Dishwash,,170.0,,
Zepto,P00270,Urban Cashew 2kg,Grocery & Staples,Dry Fruits,,220.0,,
Zepto,P00271,Quick Floor Cleaner 500ml,Household,Floor Cleaner,,170.0,,
Zepto,P00272,Green Eggs 200g,Dairy & Breakfast,Eggs,,120.0,,
Zepto,P00273,Good Namkeen 1kg,Snacks & Beverages,Chips,,70.0,,
Zepto,P00274,Smart Tea 500ml,Snacks & Beverages,Tea,,150.0,,
Zepto,P00275,Metro Tomato 1L,Fruits & Vegetables,Vegetables,,390.0,,
Zepto,P00276,Daily Cold Drink 6 pcs,Snacks & Beverages,Soft Drinks,,330.0,,
Zepto,P00277,Green Apple 12 pcs,Fruits & Vegetables,Fruits,,260.0,,
Zepto,P00278,Daily Cold Drink 1kg,Snacks & Beverages,Soft Drinks,,190.0,,
Zepto,P00279,Metro Bread 1kg,Dairy & Breakfast,Bread,,210.0,,
Zepto,P00280,Metro Coffee 500g,Snacks & Beverages,Coffee,,290.0,,
Zepto,P00281,Green Tomato 500g,Fruits & Vegetables,Vegetables,,250.0,,
Zepto,P00282,Urban Bread 12 pcs,Dairy & Breakfast,Bread,,130.0,,
Zepto,P00283,Quick Floor Cleaner 500ml,Household,Floor Cleaner,,260.0,,
Zepto,P00284,Urban Toothpaste 200g,Personal Care,Oral Care,,360.0,,
Zepto,P00285,Green Eggs 500g,Dairy & Breakfast,Eggs,,130.0,,
Zepto,P00286,Quick Namkeen 1kg,Snacks & Beverages,Chips,,180.0,,
Zepto,P00287,Smart Toothpaste 500g,Personal Care,Oral Care,,200.0,,
Zepto,P00288,Metro Milk 500g,Dairy & Breakfast,Milk,,590.0,,
Zepto,P00289,Smart Almonds 12 pcs,Grocery & Staples,Dry Fruits,,550.0,,
Zepto,P00290,Metro Shampoo 2kg,Personal Care,Shampoo,,130.0,,
Zepto,P00291,Good Dishwash 200g,Household,Dishwash,,100.0,,
Zepto,P00292,Good Toothpaste 500g,Personal Care,Oral Care,,410.0,,
Zepto,P00293,Fresh Eggs 1kg,Dairy & Breakfast,Eggs,,50.0,,
Zepto,P00294,Good Curd 500g,Dairy & Breakfast,Curd,,200.0,,
Zepto,P00295,Metro Toor Dal 6 pcs,Grocery & Staples,Pulses,,540.0,,
Zepto,P00296,Smart Tomato 200g,Fruits & Vegetables,Vegetables,,120.0,,
Zepto,P00297,Good Curd 500g,Dairy & Breakfast,Curd,,650.0,,
Zepto,P00298,Smart Apple 1kg,Fruits & Vegetables,Fruits,,390.0,,
Zepto,P00299,Smart Curd 500ml,Dairy & Breakfast,Curd,,350.0,,
Zepto,P00300,Urban Cashew 1kg,Grocery & Staples,Dry Fruits,,510.0,,
Zepto,P00301,Quick Cookies 12 pcs,Snacks & Beverages,Biscuits,,560.0,,
Zepto,P00302,Green Floor Cleaner 6 pcs,Household,Floor Cleaner,,150.0,,
Zepto,P00303,Good Toothpaste 200g,Personal Care,Oral Care,,220.0,,
Zepto,P00304,Good Cashew 2kg,Grocery & Staples,Dry Fruits,,60.0,,
Zepto,P00305,Daily Coffee 1L,Snacks & Beverages,Coffee,,290.0,,
Zepto,P00306,Pure Banana 1kg,Fruits & Vegetables,Fruits,,380.0,,
Zepto,P00307,Pure Shampoo 1kg,Personal Care,Shampoo,,90.0,,
Zepto,P00308,Happy Tomato 6 pcs,Fruits & Vegetables,Vegetables,,160.0,,
Zepto,P00309,Fresh Potato 200g,Fruits & Vegetables,Vegetables,,80.0,,
Zepto,P00310,Quick Shampoo 200g,Personal Care,Shampoo,,90.0,,
Zepto,P00311,Happy Milk 500ml,Dairy & Breakfast,Milk,,740.0,,
Zepto,P00312,Good Toor Dal 6 pcs,Grocery & Staples,Pulses,,230.0,,
Zepto,P00313,Smart Floor Cleaner 12 pcs,Household,Floor Cleaner,,260.0,,
Zepto,P00314,Smart Toothpaste 500ml,Personal Care,Oral Care,,270.0,,
Zepto,P00315,Good Bread 500g,Dairy & Breakfast,Bread,,50.0,,
Zepto,P00316,Quick Toothpaste 200g,Personal Care,Oral Care,,510.0,,
Zepto,P00317,Happy Toor Dal 500ml,Grocery & Staples,Pulses,,420.0,,
Zepto,P00318,Metro Atta 200g,Grocery & Staples,Flour,,520.0,,
Zepto,P00319,Urban Juice 500ml,Snacks & Beverages,Juices,,80.0,,
Zepto,P00320,Daily Cold Drink 1kg,Snacks & Beverages,Soft Drinks,,580.0,,
Zepto,P00321,Pure Almonds 500g,Grocery & Staples,Dry Fruits,,100.0,,
Zepto,P00322,Smart Tomato 200g,Fruits & Vegetables,Vegetables,,490.0,,
Zepto,P00323,Smart Basmati Rice 500g,Grocery & Staples,Rice,,350.0,,
Zepto,P00324,Good Atta 2kg,Grocery & Staples,Flour,,190.0,,
Zepto,P00325,Daily Shampoo 1L,Personal Care,Shampoo,,170.0,,
Zepto,P00326,Smart Cashew 2kg,Grocery & Staples,Dry Fruits,,90.0,,
Zepto,P00327,Fresh Juice 12 pcs,Snacks & Beverages,Juices,,480.0,,
Zepto,P00328,Pure Eggs 12 pcs,Dairy & Breakfast,Eggs,,30.0,,
Zepto,P00329,Fresh Shampoo 200g,Personal Care,Shampoo,,560.0,,
Zepto,P00330,Urban Atta 1L,Grocery & Staples,Flour,,100.0,,
Zepto,P00331,Quick Cookies 500ml,Snacks & Beverages,Biscuits,,30.0,,
Zepto,P00332,Urban Cookies 500ml,Snacks & Beverages,Biscuits,,30.0,,
Zepto,P00333,Good Floor Cleaner 2kg,Household,Floor Cleaner,,230.0,,
Zepto,P00334,Good Cookies 1kg,Snacks & Beverages,Biscuits,,260.0,,
Zepto,P00335,Metro Juice 1L,Snacks & Beverages,Juices,,100.0,,
Zepto,P00336,Daily Potato 500ml,Fruits & Vegetables,Vegetables,,40.0,,
Zepto,P00337,Pure Cookies 1kg,Snacks & Beverages,Biscuits,,260.0,,
Zepto,P00338,Quick Chocolate 2kg,Snacks & Beverages,Chocolates,,160.0,,
Zepto,P00339,Good Namkeen 2kg,Snacks & Beverages,Chips,,220.0,,
Zepto,P00340,Quick Milk 6 pcs,Dairy & Breakfast,Milk,,50.0,,
Zepto,P00341,Urban Milk 6 pcs,Dairy & Breakfast,Milk,,220.0,,
Zepto,P00342,Fresh Coffee 2kg,Snacks & Beverages,Coffee,,270.0,,
Zepto,P00343,Green Juice 6 pcs,Snacks & Beverages,Juices,,230.0,,
Zepto,P00344,Good Coffee 500ml,Snacks & Beverages,Coffee,,260.0,,
Zepto,P00345,Good Atta 12 pcs,Grocery & Staples,Flour,,200.0,,
Zepto,P00346,Happy Floor Cleaner 500ml,Household,Floor Cleaner,,90.0,,
Zepto,P00347,Good Basmati Rice 12 pcs,Grocery & Staples,Rice,,500.0,,
Zepto,P00348,Urban Cold Drink 6 pcs,Snacks & Beverages,Soft Drinks,,680.0,,
Zepto,P00349,Quick Shampoo 200g,Personal Care,Shampoo,,510.0,,
Zepto,P00350,Good Toothpaste 6 pcs,Personal Care,Oral Care,,250.0,,
Zepto,P00351,Quick Toor Dal 500g,Grocery & Staples,Pulses,,210.0,,
Zepto,P00352,Quick Basmati Rice 500g,Grocery & Staples,Rice,,50.0,,
Zepto,P00353,Fresh Floor Cleaner 500ml,Household,Floor Cleaner,,100.0,,
Zepto,P00354,Metro Potato 1kg,Fruits & Vegetables,Vegetables,,120.0,,
Zepto,P00355,Daily Chocolate 500g,Snacks & Beverages,Chocolates,,490.0,,
Zepto,P00356,Daily Atta 500ml,Grocery & Staples,Flour,,250.0,,
Zepto,P00357,Metro Floor Cleaner 1kg,Household,Floor Cleaner,,40.0,,
Zepto,P00358,Daily Bread 6 pcs,Dairy & Breakfast,Bread,,140.0,,
Zepto,P00359,Fresh Namkeen 12 pcs,Snacks & Beverages,Chips,,400.0,,
Zepto,P00360,Urban Potato 12 pcs,Fruits & Vegetables,Vegetables,,270.0,,
Zepto,P00361,Smart Floor Cleaner 1L,Household,Floor Cleaner,,90.0,,
Zepto,P00362,Good Toor Dal 500ml,Grocery & Staples,Pulses,,240.0,,
Zepto,P00363,Quick Namkeen 500g,Snacks & Beverages,Chips,,450.0,,
Zepto,P00364,Smart Toothpaste 6 pcs,Personal Care,Oral Care,,700.0,,
Zepto,P00365,Green Cookies 200g,Snacks & Beverages,Biscuits,,90.0,,
Zepto,P00366,Good Toor Dal 500g,Grocery & Staples,Pulses,,110.0,,
Zepto,P00367,Good Toothpaste 1L,Personal Care,Oral Care,,220.0,,
Zepto,P00368,Metro Namkeen 1L,Snacks & Beverages,Chips,,60.0,,
Zepto,P00369,Urban Tea 500ml,Snacks & Beverages,Tea,,70.0,,
Zepto,P00370,Urban Shampoo 12 pcs,Personal Care,Shampoo,,120.0,,
Zepto,P00371,Quick Namkeen 500g,Snacks & Beverages,Chips,,170.0,,
Zepto,P00372,Fresh Toothpaste 6 pcs,Personal Care,Oral Care,,220.0,,
Zepto,P00373,Green Curd 1L,Dairy & Breakfast,Curd,,340.0,,
Zepto,P00374,Urban Cashew 1L,Grocery & Staples,Dry Fruits,,260.0,,
Zepto,P00375,Pure Tea 6 pcs,Snacks & Beverages,Tea,,430.0,,
Zepto,P00376,Metro Tomato 6 pcs,Fruits & Vegetables,Vegetables,,110.0,,
Zepto,P00377,Smart Namkeen 12 pcs,Snacks & Beverages,Chips,,250.0,,
Zepto,P00378,Good Namkeen 200g,Snacks & Beverages,Chips,,350.0,,
Zepto,P00379,Daily Eggs 6 pcs,Dairy & Breakfast,Eggs,,70.0,,
Zepto,P00380,Pure Floor Cleaner 1kg,Household,Floor Cleaner,,210.0,,
Zepto,P00381,Quick Tea 200g,Snacks & Beverages,Tea,,200.0,,
Zepto,P00382,Pure Namkeen 1L,Snacks & Beverages,Chips,,230.0,,
Zepto,P00383,Pure Atta 6 pcs,Grocery & Staples,Flour,,300.0,,
Zepto,P00384,Smart Toor Dal 500g,Grocery & Staples,Pulses,,420.0,,
Zepto,P00385,Fresh Tomato 500ml,Fruits & Vegetables,Vegetables,,60.0,,
Zepto,P00386,Metro Banana 500ml,Fruits & Vegetables,Fruits,,770.0,,
Zepto,P00387,Urban Curd 200g,Dairy & Breakfast,Curd,,210.0,,
Zepto,P00388,Urban Atta 500ml,Grocery & Staples,Flour,,290.0,,
Zepto,P00389,Pure Banana 500g,Fruits & Vegetables,Fruits,,140.0,,
Zepto,P00390,Daily Dishwash 200g,Household,Dishwash,,60.0,,
Zepto,P00391,Happy Tea 200g,Snacks & Beverages,Tea,,90.0,,
Zepto,P00392,Smart Almonds 1kg,Grocery & Staples,Dry Fruits,,620.0,,
Zepto,P00393,Pure Atta 1L,Grocery & Staples,Flour,,530.0,,
Zepto,P00394,Pure Tea 200g,Snacks & Beverages,Tea,,460.0,,
Zepto,P00395,Happy Basmati Rice 200g,Grocery & Staples,Rice,,140.0,,
Zepto,P00396,Smart Basmati Rice 12 pcs,Grocery & Staples,Rice,,100.0,,
Zepto,P00397,Happy Cashew 1kg,Grocery & Staples,Dry Fruits,,260.0,,
Zepto,P00398,Happy Potato 500ml,Fruits & Vegetables,Vegetables,,260.0,,
Zepto,P00399,Daily Cookies 1L,Snacks & Beverages,Biscuits,,300.0,,
Zepto,P00400,Quick Milk 500ml,Dairy & Breakfast,Milk,,370.0,,
Zepto,P00401,Metro Toor Dal 6 pcs,Grocery & Staples,Pulses,,270.0,,
Zepto,P00402,Smart Toothpaste 500g,Personal Care,Oral Care,,190.0,,
Zepto,P00403,Pure Toor Dal 12 pcs,Grocery & Staples,Pulses,,120.0,,
Zepto,P00404,Fresh Juice 6 pcs,Snacks & Beverages,Juices,,220.0,,
Zepto,P00405,Fresh Toor Dal 6 pcs,Grocery & Staples,Pulses,,280.0,,
Zepto,P00406,Happy Toor Dal 2kg,Grocery & Staples,Pulses,,170.0,,
Zepto,P00407,Green Chocolate 6 pcs,Snacks & Beverages,Chocolates,,160.0,,
Zepto,P00408,Fresh Basmati Rice 500ml,Grocery & Staples,Rice,,210.0,,
Zepto,P00409,Smart Curd 6 pcs,Dairy & Breakfast,Curd,,150.0,,
Zepto,P00410,Green Juice 2kg,Snacks & Beverages,Juices,,50.0,,
Zepto,P00411,Happy Chocolate 6 pcs,Snacks & Beverages,Chocolates,,70.0,,
Zepto,P00412,Urban Shampoo 6 pcs,Personal Care,Shampoo,,50.0,,
Zepto,P00413,Pure Juice 500g,Snacks & Beverages,Juices,,180.0,,
Zepto,P00414,Daily Floor Cleaner 2kg,Household,Floor Cleaner,,220.0,,
Zepto,P00415,Good Shampoo 6 pcs,Personal Care,Shampoo,,320.0,,
Zepto,P00416,Fresh Juice 500g,Snacks & Beverages,Juices,,170.0,,
Zepto,P00417,Metro Basmati Rice 2kg,Grocery & Staples,Rice,,670.0,,
Zepto,P00418,Pure Cold Drink 500g,Snacks & Beverages,Soft Drinks,,70.0,,
Zepto,P00419,Smart Juice 6 pcs,Snacks & Beverages,Juices,,270.0,,
Zepto,P00420,Urban Toor Dal 1L,Grocery & Staples,Pulses,,250.0,,
Zepto,P00421,Smart Toor Dal 2kg,Grocery & Staples,Pulses,,200.0,,
Zepto,P00422,Good Atta 200g,Grocery & Staples,Flour,,180.0,,
Zepto,P00423,Smart Floor Cleaner 12 pcs,Household,Floor Cleaner,,380.0,,
Zepto,P00424,Good Toothpaste 12 pcs,Personal Care,Oral Care,,250.0,,
Zepto,P00425,Fresh Namkeen 500ml,Snacks & Beverages,Chips,,120.0,,
Zepto,P00426,Smart Milk 500ml,Dairy & Breakfast,Milk,,460.0,,
Zepto,P00427,Pure Tomato 500ml,Fruits & Vegetables,Vegetables,,180.0,,
Zepto,P00428,Fresh Tea 500ml,Snacks & Beverages,Tea,,190.0,,
Zepto,P00429,Smart Curd 1L,Dairy & Breakfast,Curd,,210.0,,
Zepto,P00430,Smart Floor Cleaner 1L,Household,Floor Cleaner,,300.0,,
Zepto,P00431,Daily Potato 6 pcs,Fruits & Vegetables,Vegetables,,230.0,,
Zepto,P00432,Metro Floor Cleaner 6 pcs,Household,Floor Cleaner,,220.0,,
Zepto,P00433,Good Cold Drink 2kg,Snacks & Beverages,Soft Drinks,,30.0,,
Zepto,P00434,Good Almonds 500g,Grocery & Staples,Dry Fruits,,80.0,,
Zepto,P00435,Smart Banana 6 pcs,Fruits & Vegetables,Fruits,,130.0,,
Zepto,P00436,Daily Banana 1L,Fruits & Vegetables,Fruits,,450.0,,
Zepto,P00437,Smart Toor Dal 500g,Grocery & Staples,Pulses,,40.0,,
Zepto,P00438,Fresh Floor Cleaner 12 pcs,Household,Floor Cleaner,,370.0,,
Zepto,P00439,Good Basmati Rice 500g,Grocery & Staples,Rice,,70.0,,
Zepto,P00440,Green Namkeen 6 pcs,Snacks & Beverages,Chips,,250.0,,
Zepto,P00441,Fresh Floor Cleaner 1kg,Household,Floor Cleaner,,360.0,,
Zepto,P00442,Quick Cold Drink 500g,Snacks & Beverages,Soft Drinks,,240.0,,
Zepto,P00443,Good Milk 6 pcs,Dairy & Breakfast,Milk,,70.0,,
Zepto,P00444,Quick Chocolate 200g,Snacks & Beverages,Chocolates,,110.0,,
Zepto,P00445,Green Shampoo 200g,Personal Care,Shampoo,,420.0,,
Zepto,P00446,Fresh Apple 500ml,Fruits & Vegetables,Fruits,,300.0,,
Zepto,P00447,Smart Banana 1L,Fruits & Vegetables,Fruits,,280.0,,
Zepto,P00448,Quick Tomato 200g,Fruits & Vegetables,Vegetables,,290.0,,
Zepto,P00449,Happy Atta 1kg,Grocery & Staples,Flour,,150.0,,
Zepto,P00450,Urban Cashew 1kg,Grocery & Staples,Dry Fruits,,750.0,,
Zepto,P00451,Green Namkeen 200g,Snacks & Beverages,Chips,,50.0,,
Zepto,P00452,Quick Tea 2kg,Snacks & Beverages,Tea,,680.0,,
Zepto,P00453,Metro Coffee 6 pcs,Snacks & Beverages,Coffee,,110.0,,
Zepto,P00454,Quick Cookies 500g,Snacks & Beverages,Biscuits,,140.0,,
Zepto,P00455,Quick Tomato 1L,Fruits & Vegetables,Vegetables,,240.0,,
Zepto,P00456,Pure Toothpaste 2kg,Personal Care,Oral Care,,410.0,,
Zepto,P00457,Good Banana 500ml,Fruits & Vegetables,Fruits,,100.0,,
Zepto,P00458,Quick Juice 500g,Snacks & Beverages,Juices,,150.0,,
Zepto,P00459,Green Eggs 6 pcs,Dairy & Breakfast,Eggs,,660.0,,
Zepto,P00460,Pure Eggs 1L,Dairy & Breakfast,Eggs,,170.0,,
Zepto,P00461,Fresh Floor Cleaner 1L,Household,Floor Cleaner,,150.0,,
Zepto,P00462,Fresh Eggs 500g,Dairy & Breakfast,Eggs,,100.0,,
Zepto,P00463,Smart Juice 2kg,Snacks & Beverages,Juices,,500.0,,
Zepto,P00464,Fresh Eggs 1L,Dairy & Breakfast,Eggs,,340.0,,
Zepto,P00465,Smart Tea 1L,Snacks & Beverages,Tea,,60.0,,
Zepto,P00466,Good Shampoo 200g,Personal Care,Shampoo,,240.0,,
Zepto,P00467,Quick Bread 6 pcs,Dairy & Breakfast,Bread,,220.0,,
Zepto,P00468,Daily Dishwash 500ml,Household,Dishwash,,110.0,,
Zepto,P00469,Pure Floor Cleaner 1kg,Household,Floor Cleaner,,290.0,,
Zepto,P00470,Green Chocolate 200g,Snacks & Beverages,Chocolates,,170.0,,
Zepto,P00471,Fresh Potato 6 pcs,Fruits & Vegetables,Vegetables,,350.0,,
Zepto,P00472,Happy Tomato 6 pcs,Fruits & Vegetables,Vegetables,,290.0,,
Zepto,P00473,Good Bread 200g,Dairy & Breakfast,Bread,,180.0,,
Zepto,P00474,Metro Milk 1L,Dairy & Breakfast,Milk,,650.0,,
Zepto,P00475,Good Banana 2kg,Fruits & Vegetables,Fruits,,250.0,,
Zepto,P00476,Daily Dishwash 1kg,Household,Dishwash,,290.0,,
Zepto,P00477,Urban Coffee 6 pcs,Snacks & Beverages,Coffee,,590.0,,
Zepto,P00478,Quick Curd 2kg,Dairy & Breakfast,Curd,,230.0,,
Zepto,P00479,Pure Almonds 200g,Grocery & Staples,Dry Fruits,,120.0,,
Zepto,P00480,Pure Banana 1kg,Fruits & Vegetables,Fruits,,160.0,,
Zepto,P00481,Happy Chocolate 1L,Snacks & Beverages,Chocolates,,150.0,,
Zepto,P00482,Smart Basmati Rice 1L,Grocery & Staples,Rice,,250.0,,
Zepto,P00483,Daily Toor Dal 6 pcs,Grocery & Staples,Pulses,,110.0,,
Zepto,P00484,Smart Eggs 2kg,Dairy & Breakfast,Eggs,,190.0,,
Zepto,P00485,Quick Namkeen 500g,Snacks & Beverages,Chips,,210.0,,
Zepto,P00486,Happy Cookies 500ml,Snacks & Beverages,Biscuits,,180.0,,
Zepto,P00487,Smart Toothpaste 500g,Personal Care,Oral Care,,200.0,,
Zepto,P00488,Daily Tea 500ml,Snacks & Beverages,Tea,,170.0,,
Zepto,P00489,Pure Chocolate 2kg,Snacks & Beverages,Chocolates,,80.0,,
Zepto,P00490,Good Curd 12 pcs,Dairy & Breakfast,Curd,,230.0,,
Zepto,P00491,Quick Banana 1L,Fruits & Vegetables,Fruits,,400.0,,
Zepto,P00492,Happy Bread 1L,Dairy & Breakfast,Bread,,420.0,,
Zepto,P00493,Smart Toothpaste 500ml,Personal Care,Oral Care,,280.0,,
Zepto,P00494,Good Almonds 200g,Grocery & Staples,Dry Fruits,,410.0,,
Zepto,P00495,Good Shampoo 12 pcs,Personal Care,Shampoo,,140.0,,
Zepto,P00496,Daily Milk 1L,Dairy & Breakfast,Milk,,80.0,,
Zepto,P00497,Happy Potato 12 pcs,Fruits & Vegetables,Vegetables,,120.0,,
Zepto,P00498,Daily Tomato 1L,Fruits & Vegetables,Vegetables,,550.0,,
Zepto,P00499,Good Eggs 500ml,Dairy & Breakfast,Eggs,,110.0,,
Zepto,P00500,Green Basmati Rice 6 pcs,Grocery & Staples,Rice,,80.0,,
Zepto,P00501,Metro Milk 500ml,Dairy & Breakfast,Milk,,600.0,,
Zepto,P00502,Fresh Bread 1kg,Dairy & Breakfast,Bread,,40.0,,
Zepto,P00503,Green Chocolate 1L,Snacks & Beverages,Chocolates,,300.0,,
Zepto,P00504,Green Eggs 6 pcs,Dairy & Breakfast,Eggs,,550.0,,
Zepto,P00505,Happy Tea 2kg,Snacks & Beverages,Tea,,340.0,,
Zepto,P00506,Quick Juice 2kg,Snacks & Beverages,Juices,,110.0,,
Zepto,P00507,Green Floor Cleaner 200g,Household,Floor Cleaner,,440.0,,
Zepto,P00508,Quick Coffee 1kg,Snacks & Beverages,Coffee,,670.0,,
Zepto,P00509,Green Floor Cleaner 2kg,Household,Floor Cleaner,,760.0,,
Zepto,P00510,Fresh Almonds 2kg,Grocery & Staples,Dry Fruits,,120.0,,
Zepto,P00511,Fresh Floor Cleaner 2kg,Household,Floor Cleaner,,40.0,,
Zepto,P00512,Pure Tomato 6 pcs,Fruits & Vegetables,Vegetables,,310.0,,
Zepto,P00513,Pure Chocolate 2kg,Snacks & Beverages,Chocolates,,220.0,,
Zepto,P00514,Metro Atta 1L,Grocery & Staples,Flour,,90.0,,
Zepto,P00515,Quick Floor Cleaner 500ml,Household,Floor Cleaner,,220.0,,
Zepto,P00516,Green Milk 500ml,Dairy & Breakfast,Milk,,310.0,,
Zepto,P00517,Fresh Cashew 1kg,Grocery & Staples,Dry Fruits,,70.0,,
Zepto,P00518,Daily Bread 1kg,Dairy & Breakfast,Bread,,220.0,,
Zepto,P00519,Quick Juice 200g,Snacks & Beverages,Juices,,240.0,,
Zepto,P00520,Smart Juice 500ml,Snacks & Beverages,Juices,,160.0,,
Zepto,P00521,Green Eggs 6 pcs,Dairy & Breakfast,Eggs,,110.0,,
Zepto,P00522,Good Cold Drink 12 pcs,Snacks & Beverages,Soft Drinks,,100.0,,
Zepto,P00523,Smart Atta 12 pcs,Grocery & Staples,Flour,,60.0,,
Zepto,P00524,Metro Eggs 200g,Dairy & Breakfast,Eggs,,150.0,,
Zepto,P00525,Urban Dishwash 200g,Household,Dishwash,,70.0,,
Zepto,P00526,Good Toothpaste 200g,Personal Care,Oral Care,,40.0,,
Zepto,P00527,Green Juice 6 pcs,Snacks & Beverages,Juices,,100.0,,
Zepto,P00528,Good Namkeen 1L,Snacks & Beverages,Chips,,100.0,,
Zepto,P00529,Green Banana 1kg,Fruits & Vegetables,Fruits,,480.0,,
Zepto,P00530,Quick Cashew 1kg,Grocery & Staples,Dry Fruits,,490.0,,
Zepto,P00531,Green Almonds 2kg,Grocery & Staples,Dry Fruits,,30.0,,
Zepto,P00532,Fresh Floor Cleaner 1L,Household,Floor Cleaner,,150.0,,
Zepto,P00533,Urban Almonds 2kg,Grocery & Staples,Dry Fruits,,390.0,,
Zepto,P00534,Urban Almonds 1L,Grocery & Staples,Dry Fruits,,510.0,,
Zepto,P00535,Smart Apple 1kg,Fruits & Vegetables,Fruits,,100.0,,
Zepto,P00536,Green Curd 200g,Dairy & Breakfast,Curd,,50.0,,
Zepto,P00537,Smart Banana 1kg,Fruits & Vegetables,Fruits,,190.0,,
Zepto,P00538,Green Tea 1kg,Snacks & Beverages,Tea,,280.0,,
Zepto,P00539,Urban Apple 12 pcs,Fruits & Vegetables,Fruits,,180.0,,
Zepto,P00540,Smart Almonds 500ml,Grocery & Staples,Dry Fruits,,480.0,,
Zepto,P00541,Daily Basmati Rice 500g,Grocery & Staples,Rice,,190.0,,
Zepto,P00542,Smart Toor Dal 200g,Grocery & Staples,Pulses,,230.0,,
Zepto,P00543,Urban Juice 1kg,Snacks & Beverages,Juices,,670.0,,
Zepto,P00544,Good Cold Drink 1L,Snacks & Beverages,Soft Drinks,,260.0,,
Zepto,P00545,Green Tea 12 pcs,Snacks & Beverages,Tea,,280.0,,
Zepto,P00546,Pure Potato 200g,Fruits & Vegetables,Vegetables,,210.0,,
Zepto,P00547,Metro Tomato 2kg,Fruits & Vegetables,Vegetables,,220.0,,
Zepto,P00548,Happy Basmati Rice 500g,Grocery & Staples,Rice,,280.0,,
Zepto,P00549,Urban Juice 1kg,Snacks & Beverages,Juices,,250.0,,
Zepto,P00550,Metro Eggs 1kg,Dairy & Breakfast,Eggs,,270.0,,
Zepto,P00551,Green Namkeen 2kg,Snacks & Beverages,Chips,,400.0,,
Zepto,P00552,Pure Curd 1kg,Dairy & Breakfast,Curd,,550.0,,
Zepto,P00553,Smart Curd 1kg,Dairy & Breakfast,Curd,,40.0,,
Zepto,P00554,Metro Shampoo 12 pcs,Personal Care,Shampoo,,390.0,,
Zepto,P00555,Happy Toor Dal 1kg,Grocery & Staples,Pulses,,150.0,,
Zepto,P00556,Fresh Almonds 2kg,Grocery & Staples,Dry Fruits,,30.0,,
Zepto,P00557,Metro Banana 2kg,Fruits & Vegetables,Fruits,,550.0,,
Zepto,P00558,Green Toothpaste 200g,Personal Care,Oral Care,,130.0,,
Zepto,P00559,Pure Namkeen 6 pcs,Snacks & Beverages,Chips,,220.0,,
Zepto,P00560,Pure Almonds 1kg,Grocery & Staples,Dry Fruits,,760.0,,
Zepto,P00561,Smart Namkeen 1L,Snacks & Beverages,Chips,,210.0,,
Zepto,P00562,Smart Eggs 500g,Dairy & Breakfast,Eggs,,140.0,,
Zepto,P00563,Urban Milk 200g,Dairy & Breakfast,Milk,,80.0,,
Zepto,P00564,Smart Apple 1L,Fruits & Vegetables,Fruits,,330.0,,
Zepto,P00565,Daily Coffee 200g,Snacks & Beverages,Coffee,,130.0,,
Zepto,P00566,Green Namkeen 1kg,Snacks & Beverages,Chips,,220.0,,
Zepto,P00567,Happy Basmati Rice 1L,Grocery & Staples,Rice,,210.0,,
Zepto,P00568,Green Toothpaste 500g,Personal Care,Oral Care,,340.0,,
Zepto,P00569,Daily Apple 6 pcs,Fruits & Vegetables,Fruits,,150.0,,
Zepto,P00570,Good Potato 500ml,Fruits & Vegetables,Vegetables,,290.0,,
Zepto,P00571,Good Namkeen 500ml,Snacks & Beverages,Chips,,500.0,,
Zepto,P00572,Pure Coffee 12 pcs,Snacks & Beverages,Coffee,,330.0,,
Zepto,P00573,Daily Basmati Rice 1kg,Grocery & Staples,Rice,,230.0,,
Zepto,P00574,Smart Basmati Rice 1L,Grocery & Staples,Rice,,270.0,,
Zepto,P00575,Good Tomato 500ml,Fruits & Vegetables,Vegetables,,80.0,,
Zepto,P00576,Metro Cookies 1L,Snacks & Beverages,Biscuits,,90.0,,
Zepto,P00577,Urban Chocolate 2kg,Snacks & Beverages,Chocolates,,640.0,,
Zepto,P00578,Urban Bread 500ml,Dairy & Breakfast,Bread,,530.0,,
Zepto,P00579,Fresh Tea 1L,Snacks & Beverages,Tea,,80.0,,
Zepto,P00580,Green Toor Dal 1kg,Grocery & Staples,Pulses,,460.0,,
Zepto,P00581,Daily Toothpaste 500ml,Personal Care,Oral Care,,230.0,,
Zepto,P00582,Smart Apple 2kg,Fruits & Vegetables,Fruits,,60.0,,
Zepto,P00583,Urban Cashew 12 pcs,Grocery & Staples,Dry Fruits,,570.0,,
Zepto,P00584,Good Atta 500ml,Grocery & Staples,Flour,,260.0,,
Zepto,P00585,Fresh Tea 500ml,Snacks & Beverages,Tea,,580.0,,
Zepto,P00586,Urban Toor Dal 6 pcs,Grocery & Staples,Pulses,,110.0,,
Zepto,P00587,Daily Atta 1L,Grocery & Staples,Flour,,190.0,,
Zepto,P00588,Daily Apple 500g,Fruits & Vegetables,Fruits,,50.0,,
Zepto,P00589,Smart Potato 500g,Fruits & Vegetables,Vegetables,,290.0,,
Zepto,P00590,Metro Curd 6 pcs,Dairy & Breakfast,Curd,,120.0,,
Zepto,P00591,Fresh Basmati Rice 500ml,Grocery & Staples,Rice,,340.0,,
Zepto,P00592,Metro Tea 200g,Snacks & Beverages,Tea,,50.0,,
Zepto,P00593,Fresh Toothpaste 1L,Personal Care,Oral Care,,340.0,,
Zepto,P00594,Green Bread 500g,Dairy & Breakfast,Bread,,200.0,,
Zepto,P00595,Happy Banana 1L,Fruits & Vegetables,Fruits,,260.0,,
Zepto,P00596,Quick Banana 6 pcs,Fruits & Vegetables,Fruits,,210.0,,
Zepto,P00597,Happy Tomato 500g,Fruits & Vegetables,Vegetables,,410.0,,
Zepto,P00598,Metro Shampoo 6 pcs,Personal Care,Shampoo,,230.0,,
Zepto,P00599,Urban Atta 6 pcs,Grocery & Staples,Flour,,250.0,,
Zepto,P00600,Metro Floor Cleaner 6 pcs,Household,Floor Cleaner,,80.0,,
Zepto,P00601,Fresh Shampoo 6 pcs,Personal Care,Shampoo,,150.0,,
Zepto,P00602,Good Coffee 1kg,Snacks & Beverages,Coffee,,140.0,,
Zepto,P00603,Good Bread 500ml,Dairy & Breakfast,Bread,,110.0,,
Zepto,P00604,Metro Toor Dal 1L,Grocery & Staples,Pulses,,120.0,,
Zepto,P00605,Green Bread 12 pcs,Dairy & Breakfast,Bread,,130.0,,
Zepto,P00606,Happy Cookies 2kg,Snacks & Beverages,Biscuits,,80.0,,
Zepto,P00607,Fresh Almonds 200g,Grocery & Staples,Dry Fruits,,240.0,,
Zepto,P00608,Pure Juice 200g,Snacks & Beverages,Juices,,170.0,,
Zepto,P00609,Fresh Banana 1L,Fruits & Vegetables,Fruits,,280.0,,
Zepto,P00610,Metro Bread 200g,Dairy & Breakfast,Bread,,200.0,,
Zepto,P00611,Quick Bread 6 pcs,Dairy & Breakfast,Bread,,150.0,,
Zepto,P00612,Fresh Floor Cleaner 1L,Household,Floor Cleaner,,700.0,,
Zepto,P00613,Pure Atta 2kg,Grocery & Staples,Flour,,350.0,,
Zepto,P00614,Urban Cashew 6 pcs,Grocery & Staples,Dry Fruits,,120.0,,
Zepto,P00615,Daily Coffee 1kg,Snacks & Beverages,Coffee,,40.0,,
Zepto,P00616,Pure Cookies 1L,Snacks & Beverages,Biscuits,,250.0,,
Zepto,P00617,Good Coffee 200g,Snacks & Beverages,Coffee,,180.0,,
Zepto,P00618,Smart Dishwash 12 pcs,Household,Dishwash,,470.0,,
Zepto,P00619,Metro Chocolate 12 pcs,Snacks & Beverages,Chocolates,,120.0,,
Zepto,P00620,Pure Shampoo 1L,Personal Care,Shampoo,,210.0,,
Zepto,P00621,Daily Shampoo 500ml,Personal Care,Shampoo,,120.0,,
Zepto,P00622,Pure Almonds 1kg,Grocery & Staples,Dry Fruits,,210.0,,
Zepto,P00623,Urban Milk 12 pcs,Dairy & Breakfast,Milk,,70.0,,
Zepto,P00624,Daily Toothpaste 6 pcs,Personal Care,Oral Care,,100.0,,
Zepto,P00625,Daily Bread 500g,Dairy & Breakfast,Bread,,30.0,,
Zepto,P00626,Quick Toor Dal 2kg,Grocery & Staples,Pulses,,160.0,,
Zepto,P00627,Fresh Potato 2kg,Fruits & Vegetables,Vegetables,,460.0,,
Zepto,P00628,Pure Dishwash 200g,Household,Dishwash,,240.0,,
Zepto,P00629,Quick Milk 500g,Dairy & Breakfast,Milk,,160.0,,
Zepto,P00630,Fresh Eggs 6 pcs,Dairy & Breakfast,Eggs,,180.0,,
Zepto,P00631,Quick Coffee 1L,Snacks & Beverages,Coffee,,140.0,,
Zepto,P00632,Fresh Banana 200g,Fruits & Vegetables,Fruits,,280.0,,
Zepto,P00633,Quick Eggs 2kg,Dairy & Breakfast,Eggs,,490.0,,
Zepto,P00634,Fresh Bread 500ml,Dairy & Breakfast,Bread,,100.0,,
Zepto,P00635,Pure Eggs 500g,Dairy & Breakfast,Eggs,,110.0,,
Zepto,P00636,Good Milk 500ml,Dairy & Breakfast,Milk,,340.0,,
Zepto,P00637,Daily Cold Drink 200g,Snacks & Beverages,Soft Drinks,,90.0,,
Zepto,P00638,Metro Cold Drink 12 pcs,Snacks & Beverages,Soft Drinks,,540.0,,
Zepto,P00639,Quick Chocolate 500ml,Snacks & Beverages,Chocolates,,650.0,,
Zepto,P00640,Urban Tea 2kg,Snacks & Beverages,Tea,,330.0,,
Zepto,P00641,Quick Coffee 1kg,Snacks & Beverages,Coffee,,150.0,,
Zepto,P00642,Urban Tomato 500ml,Fruits & Vegetables,Vegetables,,100.0,,
Zepto,P00643,Happy Banana 200g,Fruits & Vegetables,Fruits,,580.0,,
Zepto,P00644,Pure Toor Dal 500ml,Grocery & Staples,Pulses,,440.0,,
Zepto,P00645,Quick Apple 500ml,Fruits & Vegetables,Fruits,,360.0,,
Zepto,P00646,Good Shampoo 2kg,Personal Care,Shampoo,,60.0,,
Zepto,P00647,Quick Toor Dal 6 pcs,Grocery & Staples,Pulses,,70.0,,
Zepto,P00648,Green Shampoo 2kg,Personal Care,Shampoo,,720.0,,
Zepto,P00649,Good Banana 1L,Fruits & Vegetables,Fruits,,380.0,,
Zepto,P00650,Green Cold Drink 1L,Snacks & Beverages,Soft Drinks,,130.0,,
Zepto,P00651,Metro Juice 200g,Snacks & Beverages,Juices,,510.0,,
Zepto,P00652,Good Almonds 6 pcs,Grocery & Staples,Dry Fruits,,60.0,,
Zepto,P00653,Metro Eggs 1kg,Dairy & Breakfast,Eggs,,50.0,,
Zepto,P00654,Good Potato 1L,Fruits & Vegetables,Vegetables,,240.0,,
Zepto,P00655,Fresh Milk 12 pcs,Dairy & Breakfast,Milk,,110.0,,
Zepto,P00656,Good Cold Drink 6 pcs,Snacks & Beverages,Soft Drinks,,20.0,,
Zepto,P00657,Green Toothpaste 1kg,Personal Care,Oral Care,,200.0,,
Zepto,P00658,Smart Tomato 1L,Fruits & Vegetables,Vegetables,,380.0,,
Zepto,P00659,Daily Juice 200g,Snacks & Beverages,Juices,,310.0,,
Zepto,P00660,Fresh Atta 6 pcs,Grocery & Staples,Flour,,70.0,,
Zepto,P00661,Urban Tomato 2kg,Fruits & Vegetables,Vegetables,,270.0,,
Zepto,P00662,Urban Curd 12 pcs,Dairy & Breakfast,Curd,,560.0,,
Zepto,P00663,Daily Curd 6 pcs,Dairy & Breakfast,Curd,,110.0,,
Zepto,P00664,Pure Juice 500g,Snacks & Beverages,Juices,,50.0,,
Zepto,P00665,Smart Banana 500g,Fruits & Vegetables,Fruits,,70.0,,
Zepto,P00666,Pure Dishwash 1kg,Household,Dishwash,,290.0,,
Zepto,P00667,Good Basmati Rice 500g,Grocery & Staples,Rice,,140.0,,
Zepto,P00668,Metro Atta 2kg,Grocery & Staples,Flour,,450.0,,
Zepto,P00669,Fresh Eggs 1kg,Dairy & Breakfast,Eggs,,160.0,,
Zepto,P00670,Urban Cashew 500ml,Grocery & Staples,Dry Fruits,,540.0,,
Zepto,P00671,Daily Juice 6 pcs,Snacks & Beverages,Juices,,340.0,,
Zepto,P00672,Daily Toor Dal 500ml,Grocery & Staples,Pulses,,200.0,,
Zepto,P00673,Quick Curd 12 pcs,Dairy & Breakfast,Curd,,120.0,,
Zepto,P00674,Pure Dishwash 6 pcs,Household,Dishwash,,280.0,,
Zepto,P00675,Smart Coffee 2kg,Snacks & Beverages,Coffee,,60.0,,
Zepto,P00676,Good Dishwash 200g,Household,Dishwash,,180.0,,
Zepto,P00677,Urban Shampoo 500ml,Personal Care,Shampoo,,260.0,,
Zepto,P00678,Quick Floor Cleaner 1kg,Household,Floor Cleaner,,250.0,,
Zepto,P00679,Urban Tomato 1L,Fruits & Vegetables,Vegetables,,650.0,,
Zepto,P00680,Quick Potato 1L,Fruits & Vegetables,Vegetables,,200.0,,
Zepto,P00681,Urban Apple 500g,Fruits & Vegetables,Fruits,,130.0,,
Zepto,P00682,Quick Basmati Rice 1L,Grocery & Staples,Rice,,240.0,,
Zepto,P00683,Urban Cookies 2kg,Snacks & Beverages,Biscuits,,100.0,,
Zepto,P00684,Pure Basmati Rice 200g,Grocery & Staples,Rice,,240.0,,
Zepto,P00685,Good Tea 2kg,Snacks & Beverages,Tea,,560.0,,
Zepto,P00686,Happy Shampoo 200g,Personal Care,Shampoo,,580.0,,
Zepto,P00687,Happy Basmati Rice 2kg,Grocery & Staples,Rice,,190.0,,
Zepto,P00688,Urban Cookies 500ml,Snacks & Beverages,Biscuits,,270.0,,
Zepto,P00689,Metro Banana 6 pcs,Fruits & Vegetables,Fruits,,80.0,,
Zepto,P00690,Daily Chocolate 6 pcs,Snacks & Beverages,Chocolates,,450.0,,
Zepto,P00691,Happy Cold Drink 200g,Snacks & Beverages,Soft Drinks,,240.0,,
Zepto,P00692,Metro Cashew 1kg,Grocery & Staples,Dry Fruits,,120.0,,
Zepto,P00693,Green Almonds 500ml,Grocery & Staples,Dry Fruits,,150.0,,
Zepto,P00694,Metro Tea 1kg,Snacks & Beverages,Tea,,170.0,,
Zepto,P00695,Fresh Curd 12 pcs,Dairy & Breakfast,Curd,,120.0,,
Zepto,P00696,Urban Eggs 500g,Dairy & Breakfast,Eggs,,240.0,,
Zepto,P00697,Pure Milk 12 pcs,Dairy & Breakfast,Milk,,40.0,,
Zepto,P00698,Happy Namkeen 12 pcs,Snacks & Beverages,Chips,,230.0,,
Zepto,P00699,Metro Eggs 6 pcs,Dairy & Breakfast,Eggs,,70.0,,
Zepto,P00700,Smart Tomato 6 pcs,Fruits & Vegetables,Vegetables,,70.0,,
Zepto,P00701,Metro Cookies 12 pcs,Snacks & Beverages,Biscuits,,350.0,,
Zepto,P00702,Good Milk 12 pcs,Dairy & Breakfast,Milk,,240.0,,
Zepto,P00703,Happy Banana 6 pcs,Fruits & Vegetables,Fruits,,340.0,,
Zepto,P00704,Smart Almonds 500g,Grocery & Staples,Dry Fruits,,400.0,,
Zepto,P00705,Metro Namkeen 6 pcs,Snacks & Beverages,Chips,,40.0,,
Zepto,P00706,Green Tea 500ml,Snacks & Beverages,Tea,,270.0,,
Zepto,P00707,Metro Toor Dal 6 pcs,Grocery & Staples,Pulses,,160.0,,
Zepto,P00708,Pure Cashew 200g,Grocery & Staples,Dry Fruits,,140.0,,
Zepto,P00709,Daily Atta 1L,Grocery & Staples,Flour,,160.0,,
Zepto,P00710,Good Potato 200g,Fruits & Vegetables,Vegetables,,200.0,,
Zepto,P00711,Happy Apple 1kg,Fruits & Vegetables,Fruits,,90.0,,
Zepto,P00712,Quick Cookies 500g,Snacks & Beverages,Biscuits,,170.0,,
Zepto,P00713,Green Eggs 12 pcs,Dairy & Breakfast,Eggs,,240.0,,
Zepto,P00714,Daily Tomato 12 pcs,Fruits & Vegetables,Vegetables,,290.0,,
Zepto,P00715,Good Almonds 1L,Grocery & Staples,Dry Fruits,,190.0,,
Zepto,P00716,Green Eggs 1kg,Dairy & Breakfast,Eggs,,170.0,,
Zepto,P00717,Pure Almonds 500g,Grocery & Staples,Dry Fruits,,460.0,,
Zepto,P00718,Smart Namkeen 2kg,Snacks & Beverages,Chips,,210.0,,
Zepto,P00719,Fresh Cashew 6 pcs,Grocery & Staples,Dry Fruits,,200.0,,
Zepto,P00720,Metro Juice 12 pcs,Snacks & Beverages,Juices,,210.0,,
Zepto,P00721,Urban Basmati Rice 1L,Grocery & Staples,Rice,,200.0,,
Zepto,P00722,Fresh Bread 1L,Dairy & Breakfast,Bread,,200.0,,
Zepto,P00723,Happy Eggs 12 pcs,Dairy & Breakfast,Eggs,,170.0,,
Zepto,P00724,Metro Potato 6 pcs,Fruits & Vegetables,Vegetables,,190.0,,
Zepto,P00725,Metro Cold Drink 2kg,Snacks & Beverages,Soft Drinks,,230.0,,
Zepto,P00726,Urban Toor Dal 2kg,Grocery & Staples,Pulses,,190.0,,
Zepto,P00727,Good Banana 1kg,Fruits & Vegetables,Fruits,,240.0,,
Zepto,P00728,Quick Almonds 500ml,Grocery & Staples,Dry Fruits,,110.0,,
Zepto,P00729,Fresh Floor Cleaner 500ml,Household,Floor Cleaner,,130.0,,
Zepto,P00730,Metro Coffee 500g,Snacks & Beverages,Coffee,,500.0,,
Zepto,P00731,Metro Dishwash 6 pcs,Household,Dishwash,,210.0,,
Zepto,P00732,Quick Apple 6 pcs,Fruits & Vegetables,Fruits,,40.0,,
Zepto,P00733,Metro Cashew 12 pcs,Grocery & Staples,Dry Fruits,,30.0,,
Zepto,P00734,Fresh Eggs 1kg,Dairy & Breakfast,Eggs,,300.0,,
Zepto,P00735,Smart Toor Dal 1kg,Grocery & Staples,Pulses,,350.0,,
Zepto,P00736,Smart Tomato 500ml,Fruits & Vegetables,Vegetables,,170.0,,
Zepto,P00737,Green Cashew 200g,Grocery & Staples,Dry Fruits,,190.0,,
Zepto,P00738,Metro Shampoo 6 pcs,Personal Care,Shampoo,,480.0,,
Zepto,P00739,Happy Basmati Rice 12 pcs,Grocery & Staples,Rice,,80.0,,
Zepto,P00740,Metro Dishwash 1L,Household,Dishwash,,180.0,,
Zepto,P00741,Happy Namkeen 500ml,Snacks & Beverages,Chips,,180.0,,
Zepto,P00742,Daily Dishwash 500g,Household,Dishwash,,690.0,,
Zepto,P00743,Green Almonds 500g,Grocery & Staples,Dry Fruits,,440.0,,
Zepto,P00744,Daily Floor Cleaner 12 pcs,Household,Floor Cleaner,,660.0,,
Zepto,P00745,Quick Tea 500g,Snacks & Beverages,Tea,,170.0,,
Zepto,P00746,Good Coffee 2kg,Snacks & Beverages,Coffee,,210.0,,
Zepto,P00747,Quick Cold Drink 12 pcs,Snacks & Beverages,Soft Drinks,,40.0,,
Zepto,P00748,Daily Curd 6 pcs,Dairy & Breakfast,Curd,,590.0,,
Zepto,P00749,Fresh Basmati Rice 200g,Grocery & Staples,Rice,,80.0,,
Zepto,P00750,Daily Tea 500ml,Snacks & Beverages,Tea,,130.0,,
Zepto,P00751,Quick Milk 200g,Dairy & Breakfast,Milk,,500.0,,
Zepto,P00752,Fresh Namkeen 6 pcs,Snacks & Beverages,Chips,,250.0,,
Zepto,P00753,Pure Banana 500g,Fruits & Vegetables,Fruits,,40.0,,
Zepto,P00754,Urban Apple 2kg,Fruits & Vegetables,Fruits,,430.0,,
Zepto,P00755,Pure Cashew 2kg,Grocery & Staples,Dry Fruits,,50.0,,
Zepto,P00756,Fresh Toor Dal 1kg,Grocery & Staples,Pulses,,130.0,,
Zepto,P00757,Pure Chocolate 1kg,Snacks & Beverages,Chocolates,,600.0,,
Zepto,P00758,Pure Tea 1kg,Snacks & Beverages,Tea,,230.0,,
Zepto,P00759,Fresh Almonds 2kg,Grocery & Staples,Dry Fruits,,140.0,,
Zepto,P00760,Quick Dishwash 6 pcs,Household,Dishwash,,80.0,,
Zepto,P00761,Green Floor Cleaner 6 pcs,Household,Floor Cleaner,,250.0,,
Zepto,P00762,Quick Atta 2kg,Grocery & Staples,Flour,,50.0,,
Zepto,P00763,Quick Namkeen 1L,Snacks & Beverages,Chips,,110.0,,
Zepto,P00764,Metro Floor Cleaner 1kg,Household,Floor Cleaner,,210.0,,
Zepto,P00765,Urban Toothpaste 1kg,Personal Care,Oral Care,,100.0,,
Zepto,P00766,Quick Dishwash 500g,Household,Dishwash,,220.0,,
Zepto,P00767,Happy Cashew 2kg,Grocery & Staples,Dry Fruits,,200.0,,
Zepto,P00768,Good Coffee 1kg,Snacks & Beverages,Coffee,,180.0,,
Zepto,P00769,Urban Toor Dal 2kg,Grocery & Staples,Pulses,,720.0,,
Zepto,P00770,Metro Milk 500ml,Dairy & Breakfast,Milk,,660.0,,
Zepto,P00771,Urban Dishwash 1L,Household,Dishwash,,240.0,,
Zepto,P00772,Daily Banana 6 pcs,Fruits & Vegetables,Fruits,,250.0,,
Zepto,P00773,Fresh Apple 500ml,Fruits & Vegetables,Fruits,,370.0,,
Zepto,P00774,Daily Atta 12 pcs,Grocery & Staples,Flour,,260.0,,
Zepto,P00775,Happy Floor Cleaner 6 pcs,Household,Floor Cleaner,,450.0,,
Zepto,P00776,Pure Atta 200g,Grocery & Staples,Flour,,200.0,,
Zepto,P00777,Metro Dishwash 500ml,Household,Dishwash,,130.0,,
Zepto,P00778,Happy Banana 12 pcs,Fruits & Vegetables,Fruits,,160.0,,
Zepto,P00779,Green Curd 2kg,Dairy & Breakfast,Curd,,200.0,,
Zepto,P00780,Urban Tea 12 pcs,Snacks & Beverages,Tea,,220.0,,
Zepto,P00781,Smart Eggs 1L,Dairy & Breakfast,Eggs,,280.0,,
Zepto,P00782,Pure Coffee 1kg,Snacks & Beverages,Coffee,,280.0,,
Zepto,P00783,Green Almonds 1kg,Grocery & Staples,Dry Fruits,,600.0,,
Zepto,P00784,Urban Cookies 200g,Snacks & Beverages,Biscuits,,120.0,,
Zepto,P00785,Quick Tea 1L,Snacks & Beverages,Tea,,270.0,,
Zepto,P00786,Pure Juice 500ml,Snacks & Beverages,Juices,,120.0,,
Zepto,P00787,Urban Namkeen 6 pcs,Snacks & Beverages,Chips,,210.0,,
Zepto,P00788,Good Dishwash 6 pcs,Household,Dishwash,,160.0,,
Zepto,P00789,Daily Atta 1L,Grocery & Staples,Flour,,220.0,,
Zepto,P00790,Quick Atta 500ml,Grocery & Staples,Flour,,180.0,,
Zepto,P00791,Urban Atta 1L,Grocery & Staples,Flour,,130.0,,
Zepto,P00792,Metro Tea 500ml,Snacks & Beverages,Tea,,380.0,,
Zepto,P00793,Good Milk 6 pcs,Dairy & Breakfast,Milk,,270.0,,
Zepto,P00794,Fresh Eggs 500g,Dairy & Breakfast,Eggs,,20.0,,
Zepto,P00795,Fresh Coffee 500g,Snacks & Beverages,Coffee,,320.0,,
Zepto,P00796,Metro Potato 12 pcs,Fruits & Vegetables,Vegetables,,60.0,,
Zepto,P00797,Happy Cookies 500ml,Snacks & Beverages,Biscuits,,20.0,,
Zepto,P00798,Green Toothpaste 1L,Personal Care,Oral Care,,200.0,,
Zepto,P00799,Daily Curd 500ml,Dairy & Breakfast,Curd,,110.0,,
Zepto,P00800,Urban Banana 2kg,Fruits & Vegetables,Fruits,,210.0,,
Zepto,P00801,Quick Potato 6 pcs,Fruits & Vegetables,Vegetables,,210.0,,
Zepto,P00802,Fresh Tea 12 pcs,Snacks & Beverages,Tea,,280.0,,
Zepto,P00803,Quick Shampoo 1kg,Personal Care,Shampoo,,240.0,,
Zepto,P00804,Metro Dishwash 500g,Household,Dishwash,,510.0,,
Zepto,P00805,Good Basmati Rice 12 pcs,Grocery & Staples,Rice,,340.0,,
Zepto,P00806,Quick Shampoo 500g,Personal Care,Shampoo,,260.0,,
Zepto,P00807,Good Atta 200g,Grocery & Staples,Flour,,230.0,,
Zepto,P00808,Smart Atta 6 pcs,Grocery & Staples,Flour,,90.0,,
Zepto,P00809,Pure Cold Drink 6 pcs,Snacks & Beverages,Soft Drinks,,130.0,,
Zepto,P00810,Daily Tea 500ml,Snacks & Beverages,Tea,,190.0,,
Zepto,P00811,Quick Chocolate 1kg,Snacks & Beverages,Chocolates,,380.0,,
Zepto,P00812,Smart Shampoo 500ml,Personal Care,Shampoo,,200.0,,
Zepto,P00813,Fresh Potato 500g,Fruits & Vegetables,Vegetables,,100.0,,
Zepto,P00814,Pure Milk 500g,Dairy & Breakfast,Milk,,180.0,,
Zepto,P00815,Smart Tea 1kg,Snacks & Beverages,Tea,,340.0,,
Zepto,P00816,Good Shampoo 500g,Personal Care,Shampoo,,60.0,,
Zepto,P00817,Good Cashew 1L,Grocery & Staples,Dry Fruits,,130.0,,
Zepto,P00818,Daily Cold Drink 500g,Snacks & Beverages,Soft Drinks,,350.0,,
Zepto,P00819,Good Atta 12 pcs,Grocery & Staples,Flour,,80.0,,
Zepto,P00820,Smart Apple 500g,Fruits & Vegetables,Fruits,,120.0,,
Zepto,P00821,Metro Cashew 500g,Grocery & Staples,Dry Fruits,,40.0,,
Zepto,P00822,Urban Milk 1kg,Dairy & Breakfast,Milk,,550.0,,
Zepto,P00823,Fresh Basmati Rice 500g,Grocery & Staples,Rice,,90.0,,
Zepto,P00824,Metro Floor Cleaner 200g,Household,Floor Cleaner,,460.0,,
Zepto,P00825,Daily Chocolate 500g,Snacks & Beverages,Chocolates,,510.0,,
Zepto,P00826,Urban Almonds 1kg,Grocery & Staples,Dry Fruits,,500.0,,
Zepto,P00827,Daily Almonds 1kg,Grocery & Staples,Dry Fruits,,550.0,,
Zepto,P00828,Fresh Floor Cleaner 1kg,Household,Floor Cleaner,,380.0,,
Zepto,P00829,Green Basmati Rice 12 pcs,Grocery & Staples,Rice,,190.0,,
Zepto,P00830,Green Tea 500g,Snacks & Beverages,Tea,,210.0,,
Zepto,P00831,Daily Coffee 500g,Snacks & Beverages,Coffee,,40.0,,
Zepto,P00832,Urban Almonds 500ml,Grocery & Staples,Dry Fruits,,260.0,,
Zepto,P00833,Metro Shampoo 500g,Personal Care,Shampoo,,30.0,,
Zepto,P00834,Urban Namkeen 2kg,Snacks & Beverages,Chips,,240.0,,
Zepto,P00835,Happy Milk 2kg,Dairy & Breakfast,Milk,,290.0,,
Zepto,P00836,Happy Coffee 200g,Snacks & Beverages,Coffee,,100.0,,
Zepto,P00837,Urban Dishwash 1L,Household,Dishwash,,30.0,,
Zepto,P00838,Quick Banana 1L,Fruits & Vegetables,Fruits,,220.0,,
Zepto,P00839,Urban Basmati Rice 1L,Grocery & Staples,Rice,,150.0,,
Zepto,P00840,Daily Namkeen 1L,Snacks & Beverages,Chips,,240.0,,
Zepto,P00841,Happy Atta 12 pcs,Grocery & Staples,Flour,,690.0,,
Zepto,P00842,Pure Shampoo 1kg,Personal Care,Shampoo,,590.0,,
Zepto,P00843,Fresh Chocolate 6 pcs,Snacks & Beverages,Chocolates,,170.0,,
Zepto,P00844,Smart Basmati Rice 2kg,Grocery & Staples,Rice,,60.0,,
Zepto,P00845,Good Namkeen 6 pcs,Snacks & Beverages,Chips,,150.0,,
Zepto,P00846,Green Toothpaste 200g,Personal Care,Oral Care,,20.0,,
Zepto,P00847,Quick Eggs 500g,Dairy & Breakfast,Eggs,,740.0,,
Zepto,P00848,Fresh Basmati Rice 1L,Grocery & Staples,Rice,,130.0,,
Zepto,P00849,Metro Basmati Rice 12 pcs,Grocery & Staples,Rice,,310.0,,
Zepto,P00850,Urban Bread 2kg,Dairy & Breakfast,Bread,,230.0,,
Zepto,P00851,Pure Cookies 1kg,Snacks & Beverages,Biscuits,,130.0,,
Zepto,P00852,Good Coffee 1L,Snacks & Beverages,Coffee,,40.0,,
Zepto,P00853,Good Namkeen 2kg,Snacks & Beverages,Chips,,70.0,,
Zepto,P00854,Metro Milk 1kg,Dairy & Breakfast,Milk,,180.0,,
Zepto,P00855,Happy Dishwash 12 pcs,Household,Dishwash,,40.0,,
Zepto,P00856,Daily Eggs 200g,Dairy & Breakfast,Eggs,,80.0,,
Zepto,P00857,Daily Potato 12 pcs,Fruits & Vegetables,Vegetables,,140.0,,
Zepto,P00858,Happy Juice 12 pcs,Snacks & Beverages,Juices,,210.0,,
Zepto,P00859,Good Basmati Rice 200g,Grocery & Staples,Rice,,230.0,,
Zepto,P00860,Smart Milk 500ml,Dairy & Breakfast,Milk,,130.0,,
Zepto,P00861,Pure Apple 1L,Fruits & Vegetables,Fruits,,60.0,,
Zepto,P00862,Pure Juice 6 pcs,Snacks & Beverages,Juices,,20.0,,
Zepto,P00863,Quick Tea 200g,Snacks & Beverages,Tea,,560.0,,
Zepto,P00864,Metro Cookies 1kg,Snacks & Beverages,Biscuits,,220.0,,
Zepto,P00865,Happy Cold Drink 500ml,Snacks & Beverages,Soft Drinks,,120.0,,
Zepto,P00866,Daily Tea 200g,Snacks & Beverages,Tea,,150.0,,
Zepto,P00867,Pure Juice 500g,Snacks & Beverages,Juices,,160.0,,
Zepto,P00868,Happy Tea 12 pcs,Snacks & Beverages,Tea,,200.0,,
Zepto,P00869,Metro Potato 2kg,Fruits & Vegetables,Vegetables,,470.0,,
Zepto,P00870,Green Apple 1L,Fruits & Vegetables,Fruits,,50.0,,
Zepto,P00871,Happy Atta 500ml,Grocery & Staples,Flour,,230.0,,
Zepto,P00872,Smart Banana 500g,Fruits & Vegetables,Fruits,,190.0,,
Zepto,P00873,Urban Chocolate 500ml,Snacks & Beverages,Chocolates,,690.0,,
Zepto,P00874,Pure Curd 200g,Dairy & Breakfast,Curd,,80.0,,
Zepto,P00875,Metro Cookies 200g,Snacks & Beverages,Biscuits,,110.0,,
Zepto,P00876,Quick Potato 1kg,Fruits & Vegetables,Vegetables,,140.0,,
Zepto,P00877,Daily Cashew 200g,Grocery & Staples,Dry Fruits,,50.0,,
Zepto,P00878,Smart Eggs 1kg,Dairy & Breakfast,Eggs,,30.0,,
Zepto,P00879,Happy Tea 1L,Snacks & Beverages,Tea,,300.0,,
Zepto,P00880,Happy Almonds 6 pcs,Grocery & Staples,Dry Fruits,,720.0,,
Zepto,P00881,Metro Atta 200g,Grocery & Staples,Flour,,410.0,,
Zepto,P00882,Pure Milk 12 pcs,Dairy & Breakfast,Milk,,660.0,,
Zepto,P00883,Smart Juice 2kg,Snacks & Beverages,Juices,,50.0,,
Zepto,P00884,Daily Atta 500g,Grocery & Staples,Flour,,490.0,,
Zepto,P00885,Good Milk 12 pcs,Dairy & Breakfast,Milk,,50.0,,
Zepto,P00886,Pure Shampoo 500g,Personal Care,Shampoo,,320.0,,
Zepto,P00887,Quick Floor Cleaner 500g,Household,Floor Cleaner,,230.0,,
Zepto,P00888,Pure Atta 6 pcs,Grocery & Staples,Flour,,40.0,,
Zepto,P00889,Smart Curd 1L,Dairy & Breakfast,Curd,,580.0,,
Zepto,P00890,Quick Tomato 2kg,Fruits & Vegetables,Vegetables,,530.0,,
Zepto,P00891,Smart Shampoo 500ml,Personal Care,Shampoo,,770.0,,
Zepto,P00892,Urban Bread 2kg,Dairy & Breakfast,Bread,,90.0,,
Zepto,P00893,Quick Milk 1L,Dairy & Breakfast,Milk,,160.0,,
Zepto,P00894,Quick Toothpaste 12 pcs,Personal Care,Oral Care,,50.0,,
Zepto,P00895,Pure Cookies 2kg,Snacks & Beverages,Biscuits,,220.0,,
Zepto,P00896,Quick Toor Dal 6 pcs,Grocery & Staples,Pulses,,470.0,,
Zepto,P00897,Fresh Atta 12 pcs,Grocery & Staples,Flour,,240.0,,
Zepto,P00898,Metro Bread 2kg,Dairy & Breakfast,Bread,,130.0,,
Zepto,P00899,Smart Eggs 1kg,Dairy & Breakfast,Eggs,,170.0,,
Zepto,P00900,Smart Cashew 500ml,Grocery & Staples,Dry Fruits,,500.0,,
Zepto,P00901,Daily Coffee 2kg,Snacks & Beverages,Coffee,,320.0,,
Zepto,P00902,Pure Basmati Rice 500g,Grocery & Staples,Rice,,260.0,,
Zepto,P00903,Smart Tomato 1L,Fruits & Vegetables,Vegetables,,160.0,,
Zepto,P00904,Happy Almonds 1kg,Grocery & Staples,Dry Fruits,,240.0,,
Zepto,P00905,Smart Toothpaste 500g,Personal Care,Oral Care,,430.0,,
Zepto,P00906,Urban Shampoo 6 pcs,Personal Care,Shampoo,,340.0,,
Zepto,P00907,Pure Curd 500ml,Dairy & Breakfast,Curd,,50.0,,
Zepto,P00908,Green Toor Dal 200g,Grocery & Staples,Pulses,,70.0,,
Zepto,P00909,Green Toothpaste 2kg,Personal Care,Oral Care,,400.0,,
Zepto,P00910,Happy Toor Dal 1kg,Grocery & Staples,Pulses,,500.0,,
Zepto,P00911,Green Namkeen 12 pcs,Snacks & Beverages,Chips,,120.0,,
Zepto,P00912,Metro Curd 12 pcs,Dairy & Breakfast,Curd,,250.0,,
Zepto,P00913,Good Toor Dal 500g,Grocery & Staples,Pulses,,80.0,,
Zepto,P00914,Good Tea 200g,Snacks & Beverages,Tea,,100.0,,
Zepto,P00915,Happy Shampoo 12 pcs,Personal Care,Shampoo,,190.0,,
Zepto,P00916,Happy Toor Dal 500g,Grocery & Staples,Pulses,,70.0,,
Zepto,P00917,Good Banana 6 pcs,Fruits & Vegetables,Fruits,,280.0,,
Zepto,P00918,Urban Coffee 1kg,Snacks & Beverages,Coffee,,160.0,,
Zepto,P00919,Happy Dishwash 500ml,Household,Dishwash,,100.0,,
Zepto,P00920,Urban Milk 12 pcs,Dairy & Breakfast,Milk,,60.0,,
Zepto,P00921,Urban Tea 6 pcs,Snacks & Beverages,Tea,,350.0,,
Zepto,P00922,Happy Juice 6 pcs,Snacks & Beverages,Juices,,130.0,,
Zepto,P00923,Smart Namkeen 500g,Snacks & Beverages,Chips,,150.0,,
Zepto,P00924,Daily Eggs 500ml,Dairy & Breakfast,Eggs,,100.0,,
Zepto,P00925,Quick Banana 6 pcs,Fruits & Vegetables,Fruits,,70.0,,
Zepto,P00926,Happy Basmati Rice 200g,Grocery & Staples,Rice,,90.0,,
Zepto,P00927,Urban Dishwash 500g,Household,Dishwash,,140.0,,
Zepto,P00928,Good Toor Dal 6 pcs,Grocery & Staples,Pulses,,360.0,,
Zepto,P00929,Quick Apple 500ml,Fruits & Vegetables,Fruits,,130.0,,
Zepto,P00930,Happy Eggs 12 pcs,Dairy & Breakfast,Eggs,,780.0,,
Zepto,P00931,Green Tea 2kg,Snacks & Beverages,Tea,,160.0,,
Zepto,P00932,Metro Coffee 200g,Snacks & Beverages,Coffee,,350.0,,
Zepto,P00933,Green Cold Drink 500ml,Snacks & Beverages,Soft Drinks,,160.0,,
Zepto,P00934,Urban Juice 500g,Snacks & Beverages,Juices,,40.0,,
Zepto,P00935,Urban Eggs 12 pcs,Dairy & Breakfast,Eggs,,80.0,,
Zepto,P00936,Daily Shampoo 2kg,Personal Care,Shampoo,,350.0,,
Zepto,P00937,Good Floor Cleaner 500g,Household,Floor Cleaner,,30.0,,
Zepto,P00938,Happy Atta 12 pcs,Grocery & Staples,Flour,,100.0,,
Zepto,P00939,Quick Cashew 1kg,Grocery & Staples,Dry Fruits,,270.0,,
Zepto,P00940,Urban Basmati Rice 1L,Grocery & Staples,Rice,,140.0,,
Zepto,P00941,Quick Milk 200g,Dairy & Breakfast,Milk,,230.0,,
Zepto,P00942,Smart Bread 200g,Dairy & Breakfast,Bread,,590.0,,
Zepto,P00943,Happy Curd 1L,Dairy & Breakfast,Curd,,60.0,,
Zepto,P00944,Happy Namkeen 500g,Snacks & Beverages,Chips,,90.0,,
Zepto,P00945,Happy Atta 500g,Grocery & Staples,Flour,,210.0,,
Zepto,P00946,Good Floor Cleaner 12 pcs,Household,Floor Cleaner,,380.0,,
Zepto,P00947,Quick Potato 1kg,Fruits & Vegetables,Vegetables,,160.0,,
Zepto,P00948,Quick Juice 500g,Snacks & Beverages,Juices,,190.0,,
Zepto,P00949,Quick Dishwash 500ml,Household,Dishwash,,270.0,,
Zepto,P00950,Happy Tomato 2kg,Fruits & Vegetables,Vegetables,,460.0,,
Zepto,P00951,Quick Cookies 500ml,Snacks & Beverages,Biscuits,,120.0,,
Zepto,P00952,Pure Basmati Rice 2kg,Grocery & Staples,Rice,,100.0,,
Zepto,P00953,Green Tomato 500ml,Fruits & Vegetables,Vegetables,,730.0,,
Zepto,P00954,Smart Cashew 1kg,Grocery & Staples,Dry Fruits,,270.0,,
Zepto,P00955,Smart Floor Cleaner 2kg,Household,Floor Cleaner,,200.0,,
Zepto,P00956,Good Apple 6 pcs,Fruits & Vegetables,Fruits,,40.0,,
Zepto,P00957,Smart Cashew 12 pcs,Grocery & Staples,Dry Fruits,,100.0,,
Zepto,P00958,Metro Floor Cleaner 2kg,Household,Floor Cleaner,,110.0,,
Zepto,P00959,Happy Potato 200g,Fruits & Vegetables,Vegetables,,190.0,,
Zepto,P00960,Quick Toor Dal 1kg,Grocery & Staples,Pulses,,100.0,,
Zepto,P00961,Daily Apple 6 pcs,Fruits & Vegetables,Fruits,,250.0,,
Zepto,P00962,Metro Apple 1kg,Fruits & Vegetables,Fruits,,330.0,,
Zepto,P00963,Fresh Coffee 2kg,Snacks & Beverages,Coffee,,160.0,,
Zepto,P00964,Quick Basmati Rice 200g,Grocery & Staples,Rice,,250.0,,
Zepto,P00965,Good Shampoo 12 pcs,Personal Care,Shampoo,,120.0,,
Zepto,P00966,Urban Curd 1L,Dairy & Breakfast,Curd,,200.0,,
Zepto,P00967,Urban Cookies 500ml,Snacks & Beverages,Biscuits,,60.0,,
Zepto,P00968,Happy Cashew 6 pcs,Grocery & Staples,Dry Fruits,,490.0,,
Zepto,P00969,Good Tomato 2kg,Fruits & Vegetables,Vegetables,,70.0,,
Zepto,P00970,Happy Cold Drink 2kg,Snacks & Beverages,Soft Drinks,,320.0,,
Zepto,P00971,Good Coffee 2kg,Snacks & Beverages,Coffee,,590.0,,
Zepto,P00972,Pure Milk 2kg,Dairy & Breakfast,Milk,,50.0,,
Zepto,P00973,Metro Eggs 6 pcs,Dairy & Breakfast,Eggs,,200.0,,
Zepto,P00974,Fresh Curd 12 pcs,Dairy & Breakfast,Curd,,110.0,,
Zepto,P00975,Metro Coffee 500g,Snacks & Beverages,Coffee,,560.0,,
Zepto,P00976,Good Potato 1L,Fruits & Vegetables,Vegetables,,120.0,,
Zepto,P00977,Fresh Almonds 2kg,Grocery & Staples,Dry Fruits,,230.0,,
Zepto,P00978,Fresh Chocolate 2kg,Snacks & Beverages,Chocolates,,220.0,,
Zepto,P00979,Good Toothpaste 2kg,Personal Care,Oral Care,,250.0,,
Zepto,P00980,Smart Cashew 200g,Grocery & Staples,Dry Fruits,,40.0,,
Zepto,P00981,Quick Apple 1kg,Fruits & Vegetables,Fruits,,540.0,,
Zepto,P00982,Quick Eggs 6 pcs,Dairy & Breakfast,Eggs,,280.0,,
Zepto,P00983,Fresh Coffee 6 pcs,Snacks & Beverages,Coffee,,490.0,,
Zepto,P00984,Green Cookies 12 pcs,Snacks & Beverages,Biscuits,,150.0,,
Zepto,P00985,Daily Tea 1kg,Snacks & Beverages,Tea,,260.0,,
Zepto,P00986,Daily Atta 1kg,Grocery & Staples,Flour,,390.0,,
Zepto,P00987,Good Floor Cleaner 2kg,Household,Floor Cleaner,,110.0,,
Zepto,P00988,Happy Curd 2kg,Dairy & Breakfast,Curd,,60.0,,
Zepto,P00989,Urban Floor Cleaner 6 pcs,Household,Floor Cleaner,,110.0,,
Zepto,P00990,Daily Potato 200g,Fruits & Vegetables,Vegetables,,210.0,,
Zepto,P00991,Good Apple 2kg,Fruits & Vegetables,Fruits,,380.0,,
Zepto,P00992,Daily Almonds 6 pcs,Grocery & Staples,Dry Fruits,,180.0,,
Zepto,P00993,Metro Toor Dal 6 pcs,Grocery & Staples,Pulses,,100.0,,
Zepto,P00994,Metro Coffee 1kg,Snacks & Beverages,Coffee,,70.0,,
Zepto,P00995,Green Dishwash 1kg,Household,Dishwash,,200.0,,
Zepto,P00996,Quick Atta 200g,Grocery & Staples,Flour,,200.0,,
Zepto,P00997,Smart Apple 6 pcs,Fruits & Vegetables,Fruits,,70.0,,
Zepto,P00998,Good Tea 500g,Snacks & Beverages,Tea,,160.0,,
Zepto,P00999,Happy Potato 500g,Fruits & Vegetables,Vegetables,,270.0,,
Zepto,P01000,Good Namkeen 2kg,Snacks & Beverages,Chips,,110.0,,
Zepto,P01001,Fresh Bread 500ml,Dairy & Breakfast,Bread,,60.0,,
Zepto,P01002,Pure Almonds 6 pcs,Grocery & Staples,Dry Fruits,,30.0,,
Zepto,P01003,Green Dishwash 1kg,Household,Dishwash,,230.0,,
Zepto,P01004,Daily Cashew 500g,Grocery & Staples,Dry Fruits,,40.0,,
Zepto,P01005,Fresh Shampoo 200g,Personal Care,Shampoo,,520.0,,
Zepto,P01006,Urban Tea 12 pcs,Snacks & Beverages,Tea,,570.0,,
Zepto,P01007,Fresh Tea 12 pcs,Snacks & Beverages,Tea,,210.0,,
Zepto,P01008,Pure Shampoo 2kg,Personal Care,Shampoo,,170.0,,
Zepto,P01009,Green Bread 1L,Dairy & Breakfast,Bread,,160.0,,
Zepto,P01010,Smart Banana 6 pcs,Fruits & Vegetables,Fruits,,110.0,,
Zepto,P01011,Happy Toor Dal 500ml,Grocery & Staples,Pulses,,230.0,,
Zepto,P01012,Smart Cold Drink 1L,Snacks & Beverages,Soft Drinks,,110.0,,
Zepto,P01013,Good Potato 1kg,Fruits & Vegetables,Vegetables,,390.0,,
Zepto,P01014,Fresh Tea 500ml,Snacks & Beverages,Tea,,740.0,,
Zepto,P01015,Good Toor Dal 12 pcs,Grocery & Staples,Pulses,,280.0,,
Zepto,P01016,Good Shampoo 200g,Personal Care,Shampoo,,240.0,,
Zepto,P01017,Daily Shampoo 12 pcs,Personal Care,Shampoo,,280.0,,
Zepto,P01018,Fresh Dishwash 2kg,Household,Dishwash,,210.0,,
Zepto,P01019,Metro Dishwash 1L,Household,Dishwash,,150.0,,
Zepto,P01020,Good Coffee 500g,Snacks & Beverages,Coffee,,130.0,,
Zepto,P01021,Good Floor Cleaner 500g,Household,Floor Cleaner,,50.0,,
Zepto,P01022,Quick Floor Cleaner 1kg,Household,Floor Cleaner,,150.0,,
Zepto,P01023,Metro Floor Cleaner 6 pcs,Household,Floor Cleaner,,60.0,,
Zepto,P01024,Smart Potato 500ml,Fruits & Vegetables,Vegetables,,270.0,,
Zepto,P01025,Pure Bread 500g,Dairy & Breakfast,Bread,,20.0,,
Zepto,P01026,Smart Banana 200g,Fruits & Vegetables,Fruits,,120.0,,
Zepto,P01027,Happy Toothpaste 6 pcs,Personal Care,Oral Care,,40.0,,
Zepto,P01028,Smart Curd 500g,Dairy & Breakfast,Curd,,210.0,,
Zepto,P01029,Smart Almonds 200g,Grocery & Staples,Dry Fruits,,150.0,,
Zepto,P01030,Green Atta 2kg,Grocery & Staples,Flour,,190.0,,
Zepto,P01031,Pure Tomato 6 pcs,Fruits & Vegetables,Vegetables,,200.0,,
Zepto,P01032,Pure Juice 12 pcs,Snacks & Beverages,Juices,,210.0,,
Zepto,P01033,Daily Toothpaste 6 pcs,Personal Care,Oral Care,,410.0,,
Zepto,P01034,Smart Tomato 12 pcs,Fruits & Vegetables,Vegetables,,380.0,,
Zepto,P01035,Quick Milk 12 pcs,Dairy & Breakfast,Milk,,180.0,,
Zepto,P01036,Green Apple 6 pcs,Fruits & Vegetables,Fruits,,120.0,,
Zepto,P01037,Quick Apple 12 pcs,Fruits & Vegetables,Fruits,,510.0,,
Zepto,P01038,Urban Shampoo 500ml,Personal Care,Shampoo,,800.0,,
Zepto,P01039,Urban Milk 12 pcs,Dairy & Breakfast,Milk,,110.0,,
Zepto,P01040,Happy Juice 1kg,Snacks & Beverages,Juices,,30.0,,
Zepto,P01041,Happy Juice 6 pcs,Snacks & Beverages,Juices,,160.0,,
Zepto,P01042,Quick Toor Dal 2kg,Grocery & Staples,Pulses,,320.0,,
Zepto,P01043,Fresh Bread 6 pcs,Dairy & Breakfast,Bread,,230.0,,
Zepto,P01044,Smart Toor Dal 12 pcs,Grocery & Staples,Pulses,,170.0,,
Zepto,P01045,Smart Eggs 12 pcs,Dairy & Breakfast,Eggs,,300.0,,
Zepto,P01046,Fresh Cashew 200g,Grocery & Staples,Dry Fruits,,70.0,,
Zepto,P01047,Good Basmati Rice 12 pcs,Grocery & Staples,Rice,,150.0,,
Zepto,P01048,Daily Cashew 500g,Grocery & Staples,Dry Fruits,,510.0,,
Zepto,P01049,Good Floor Cleaner 500ml,Household,Floor Cleaner,,40.0,,
Zepto,P01050,Metro Atta 6 pcs,Grocery & Staples,Flour,,510.0,,
Zepto,P01051,Quick Almonds 200g,Grocery & Staples,Dry Fruits,,370.0,,
Zepto,P01052,Quick Curd 500ml,Dairy & Breakfast,Curd,,100.0,,
Zepto,P01053,Pure Toothpaste 6 pcs,Personal Care,Oral Care,,200.0,,
Zepto,P01054,Green Juice 200g,Snacks & Beverages,Juices,,280.0,,
Zepto,P01055,Daily Eggs 1L,Dairy & Breakfast,Eggs,,70.0,,
Zepto,P01056,Urban Dishwash 2kg,Household,Dishwash,,210.0,,
Zepto,P01057,Daily Bread 500g,Dairy & Breakfast,Bread,,120.0,,
Zepto,P01058,Happy Floor Cleaner 12 pcs,Household,Floor Cleaner,,210.0,,
Zepto,P01059,Green Floor Cleaner 1L,Household,Floor Cleaner,,200.0,,
Zepto,P01060,Pure Cold Drink 2kg,Snacks & Beverages,Soft Drinks,,490.0,,
Zepto,P01061,Good Juice 2kg,Snacks & Beverages,Juices,,460.0,,
Zepto,P01062,Good Milk 500ml,Dairy & Breakfast,Milk,,280.0,,
Zepto,P01063,Pure Basmati Rice 6 pcs,Grocery & Staples,Rice,,60.0,,
Zepto,P01064,Pure Basmati Rice 1kg,Grocery & Staples,Rice,,170.0,,
Zepto,P01065,Fresh Toothpaste 2kg,Personal Care,Oral Care,,310.0,,
Zepto,P01066,Quick Basmati Rice 2kg,Grocery & Staples,Rice,,70.0,,
Zepto,P01067,Fresh Toothpaste 200g,Personal Care,Oral Care,,290.0,,
Zepto,P01068,Pure Atta 200g,Grocery & Staples,Flour,,160.0,,
Zepto,P01069,Green Tea 500ml,Snacks & Beverages,Tea,,160.0,,
Zepto,P01070,Urban Coffee 500g,Snacks & Beverages,Coffee,,170.0,,
Zepto,P01071,Metro Coffee 200g,Snacks & Beverages,Coffee,,110.0,,
Zepto,P01072,Quick Cashew 6 pcs,Grocery & Staples,Dry Fruits,,560.0,,
Zepto,P01073,Metro Milk 12 pcs,Dairy & Breakfast,Milk,,220.0,,
Zepto,P01074,Urban Cookies 1L,Snacks & Beverages,Biscuits,,300.0,,
Zepto,P01075,Pure Eggs 200g,Dairy & Breakfast,Eggs,,180.0,,
Zepto,P01076,Fresh Tea 500g,Snacks & Beverages,Tea,,190.0,,
Zepto,P01077,Pure Tea 2kg,Snacks & Beverages,Tea,,80.0,,
Zepto,P01078,Pure Banana 500ml,Fruits & Vegetables,Fruits,,100.0,,
Zepto,P01079,Fresh Tomato 2kg,Fruits & Vegetables,Vegetables,,60.0,,
Zepto,P01080,Urban Tomato 1L,Fruits & Vegetables,Vegetables,,320.0,,
Zepto,P01081,Urban Tea 500ml,Snacks & Beverages,Tea,,140.0,,
Zepto,P01082,Smart Cold Drink 6 pcs,Snacks & Beverages,Soft Drinks,,170.0,,
Zepto,P01083,Metro Shampoo 12 pcs,Personal Care,Shampoo,,220.0,,
Zepto,P01084,Green Tomato 500g,Fruits & Vegetables,Vegetables,,290.0,,
Zepto,P01085,Fresh Juice 500g,Snacks & Beverages,Juices,,130.0,,
Zepto,P01086,Pure Atta 1kg,Grocery & Staples,Flour,,590.0,,
Zepto,P01087,Urban Namkeen 12 pcs,Snacks & Beverages,Chips,,40.0,,
Zepto,P01088,Pure Dishwash 1L,Household,Dishwash,,530.0,,
Zepto,P01089,Fresh Juice 200g,Snacks & Beverages,Juices,,150.0,,
Zepto,P01090,Green Cookies 12 pcs,Snacks & Beverages,Biscuits,,190.0,,
Zepto,P01091,Happy Atta 500ml,Grocery & Staples,Flour,,290.0,,
Zepto,P01092,Fresh Toor Dal 6 pcs,Grocery & Staples,Pulses,,160.0,,
Zepto,P01093,Urban Shampoo 6 pcs,Personal Care,Shampoo,,60.0,,
Zepto,P01094,Metro Toor Dal 1kg,Grocery & Staples,Pulses,,340.0,,
Zepto,P01095,Smart Floor Cleaner 200g,Household,Floor Cleaner,,70.0,,
Zepto,P01096,Smart Cashew 500ml,Grocery & Staples,Dry Fruits,,160.0,,
Zepto,P01097,Happy Floor Cleaner 1L,Household,Floor Cleaner,,360.0,,
Zepto,P01098,Quick Toor Dal 500ml,Grocery & Staples,Pulses,,230.0,,
Zepto,P01099,Urban Cookies 6 pcs,Snacks & Beverages,Biscuits,,180.0,,
Zepto,P01100,Fresh Cookies 1kg,Snacks & Beverages,Biscuits,,560.0,,
Zepto,P01101,Green Toor Dal 12 pcs,Grocery & Staples,Pulses,,170.0,,
Zepto,P01102,Smart Almonds 1kg,Grocery & Staples,Dry Fruits,,190.0,,
Zepto,P01103,Daily Tea 2kg,Snacks & Beverages,Tea,,580.0,,
Zepto,P01104,Good Toor Dal 2kg,Grocery & Staples,Pulses,,250.0,,
Zepto,P01105,Urban Shampoo 200g,Personal Care,Shampoo,,150.0,,
Zepto,P01106,Quick Apple 1L,Fruits & Vegetables,Fruits,,280.0,,
Zepto,P01107,Green Juice 2kg,Snacks & Beverages,Juices,,150.0,,
Zepto,P01108,Smart Apple 2kg,Fruits & Vegetables,Fruits,,120.0,,
Zepto,P01109,Smart Potato 500g,Fruits & Vegetables,Vegetables,,40.0,,
Zepto,P01110,Green Chocolate 12 pcs,Snacks & Beverages,Chocolates,,200.0,,
Zepto,P01111,Green Cookies 2kg,Snacks & Beverages,Biscuits,,90.0,,
Zepto,P01112,Pure Juice 200g,Snacks & Beverages,Juices,,90.0,,
Zepto,P01113,Urban Potato 1kg,Fruits & Vegetables,Vegetables,,230.0,,
Zepto,P01114,Daily Cashew 2kg,Grocery & Staples,Dry Fruits,,170.0,,
Zepto,P01115,Daily Atta 12 pcs,Grocery & Staples,Flour,,100.0,,
Zepto,P01116,Quick Toothpaste 6 pcs,Personal Care,Oral Care,,250.0,,
Zepto,P01117,Good Atta 200g,Grocery & Staples,Flour,,150.0,,
Zepto,P01118,Quick Namkeen 12 pcs,Snacks & Beverages,Chips,,80.0,,
Zepto,P01119,Green Cookies 2kg,Snacks & Beverages,Biscuits,,90.0,,
Zepto,P01120,Fresh Toor Dal 500g,Grocery & Staples,Pulses,,110.0,,
Zepto,P01121,Pure Namkeen 200g,Snacks & Beverages,Chips,,570.0,,
Zepto,P01122,Smart Floor Cleaner 500g,Household,Floor Cleaner,,670.0,,
Zepto,P01123,Fresh Toothpaste 12 pcs,Personal Care,Oral Care,,210.0,,
Zepto,P01124,Pure Curd 200g,Dairy & Breakfast,Curd,,420.0,,
Zepto,P01125,Metro Potato 500ml,Fruits & Vegetables,Vegetables,,390.0,,
Zepto,P01126,Smart Shampoo 12 pcs,Personal Care,Shampoo,,100.0,,
Zepto,P01127,Smart Toothpaste 12 pcs,Personal Care,Oral Care,,110.0,,
Zepto,P01128,Good Juice 500g,Snacks & Beverages,Juices,,430.0,,
Zepto,P01129,Daily Namkeen 6 pcs,Snacks & Beverages,Chips,,250.0,,
Zepto,P01130,Smart Cold Drink 500g,Snacks & Beverages,Soft Drinks,,160.0,,
Zepto,P01131,Good Basmati Rice 200g,Grocery & Staples,Rice,,220.0,,
Zepto,P01132,Smart Apple 500ml,Fruits & Vegetables,Fruits,,140.0,,
Zepto,P01133,Daily Shampoo 6 pcs,Personal Care,Shampoo,,640.0,,
Zepto,P01134,Metro Toothpaste 200g,Personal Care,Oral Care,,230.0,,
Zepto,P01135,Green Apple 200g,Fruits & Vegetables,Fruits,,280.0,,
Zepto,P01136,Happy Namkeen 6 pcs,Snacks & Beverages,Chips,,380.0,,
Zepto,P01137,Daily Coffee 1L,Snacks & Beverages,Coffee,,590.0,,
Zepto,P01138,Smart Tea 200g,Snacks & Beverages,Tea,,160.0,,
Zepto,P01139,Good Namkeen 6 pcs,Snacks & Beverages,Chips,,250.0,,
Zepto,P01140,Pure Dishwash 2kg,Household,Dishwash,,200.0,,
Zepto,P01141,Smart Curd 200g,Dairy & Breakfast,Curd,,110.0,,
Zepto,P01142,Green Chocolate 2kg,Snacks & Beverages,Chocolates,,60.0,,
Zepto,P01143,Metro Toor Dal 200g,Grocery & Staples,Pulses,,30.0,,
Zepto,P01144,Green Tea 1kg,Snacks & Beverages,Tea,,300.0,,
Zepto,P01145,Pure Almonds 2kg,Grocery & Staples,Dry Fruits,,210.0,,
Zepto,P01146,Good Milk 200g,Dairy & Breakfast,Milk,,150.0,,
Zepto,P01147,Green Toor Dal 1kg,Grocery & Staples,Pulses,,40.0,,
Zepto,P01148,Green Potato 12 pcs,Fruits & Vegetables,Vegetables,,190.0,,
Zepto,P01149,Quick Juice 500ml,Snacks & Beverages,Juices,,160.0,,
Zepto,P01150,Pure Namkeen 500g,Snacks & Beverages,Chips,,390.0,,
Zepto,P01151,Good Cookies 200g,Snacks & Beverages,Biscuits,,40.0,,
Zepto,P01152,Pure Banana 12 pcs,Fruits & Vegetables,Fruits,,650.0,,
Zepto,P01153,Fresh Floor Cleaner 500g,Household,Floor Cleaner,,230.0,,
Zepto,P01154,Happy Namkeen 2kg,Snacks & Beverages,Chips,,170.0,,
Zepto,P01155,Smart Shampoo 500g,Personal Care,Shampoo,,140.0,,
Zepto,P01156,Urban Curd 1L,Dairy & Breakfast,Curd,,150.0,,
Zepto,P01157,Fresh Basmati Rice 1kg,Grocery & Staples,Rice,,250.0,,
Zepto,P01158,Green Chocolate 12 pcs,Snacks & Beverages,Chocolates,,150.0,,
Zepto,P01159,Metro Toothpaste 500g,Personal Care,Oral Care,,80.0,,
Zepto,P01160,Metro Curd 1kg,Dairy & Breakfast,Curd,,190.0,,
Zepto,P01161,Good Coffee 12 pcs,Snacks & Beverages,Coffee,,240.0,,
Zepto,P01162,Urban Atta 500g,Grocery & Staples,Flour,,210.0,,
Zepto,P01163,Pure Floor Cleaner 500ml,Household,Floor Cleaner,,560.0,,
Zepto,P01164,Smart Curd 500ml,Dairy & Breakfast,Curd,,100.0,,
Zepto,P01165,Good Cookies 1kg,Snacks & Beverages,Biscuits,,80.0,,
Zepto,P01166,Fresh Floor Cleaner 500g,Household,Floor Cleaner,,50.0,,
Zepto,P01167,Green Toothpaste 500g,Personal Care,Oral Care,,290.0,,
Zepto,P01168,Daily Basmati Rice 1kg,Grocery & Staples,Rice,,510.0,,
Zepto,P01169,Daily Bread 1kg,Dairy & Breakfast,Bread,,180.0,,
Zepto,P01170,Green Bread 200g,Dairy & Breakfast,Bread,,120.0,,
Zepto,P01171,Urban Coffee 500g,Snacks & Beverages,Coffee,,500.0,,
Zepto,P01172,Urban Tea 1L,Snacks & Beverages,Tea,,210.0,,
Zepto,P01173,Green Chocolate 6 pcs,Snacks & Beverages,Chocolates,,270.0,,
Zepto,P01174,Smart Bread 500g,Dairy & Breakfast,Bread,,150.0,,
Zepto,P01175,Green Potato 500ml,Fruits & Vegetables,Vegetables,,300.0,,
Zepto,P01176,Pure Cashew 12 pcs,Grocery & Staples,Dry Fruits,,290.0,,
Zepto,P01177,Green Banana 200g,Fruits & Vegetables,Fruits,,290.0,,
Zepto,P01178,Daily Cookies 12 pcs,Snacks & Beverages,Biscuits,,690.0,,
Zepto,P01179,Green Chocolate 1kg,Snacks & Beverages,Chocolates,,130.0,,
Zepto,P01180,Pure Cookies 500ml,Snacks & Beverages,Biscuits,,570.0,,
Zepto,P01181,Smart Namkeen 12 pcs,Snacks & Beverages,Chips,,380.0,,
Zepto,P01182,Happy Eggs 2kg,Dairy & Breakfast,Eggs,,210.0,,
Zepto,P01183,Good Almonds 500g,Grocery & Staples,Dry Fruits,,100.0,,
Zepto,P01184,Urban Cookies 1kg,Snacks & Beverages,Biscuits,,100.0,,
Zepto,P01185,Urban Milk 6 pcs,Dairy & Breakfast,Milk,,330.0,,
Zepto,P01186,Good Almonds 2kg,Grocery & Staples,Dry Fruits,,70.0,,
Zepto,P01187,Metro Eggs 500g,Dairy & Breakfast,Eggs,,80.0,,
Zepto,P01188,Good Juice 1kg,Snacks & Beverages,Juices,,160.0,,
Zepto,P01189,Pure Atta 500ml,Grocery & Staples,Flour,,260.0,,
Zepto,P01190,Fresh Dishwash 1kg,Household,Dishwash,,300.0,,
Zepto,P01191,Quick Dishwash 12 pcs,Household,Dishwash,,110.0,,
Zepto,P01192,Fresh Namkeen 500ml,Snacks & Beverages,Chips,,490.0,,
Zepto,P01193,Happy Toothpaste 500g,Personal Care,Oral Care,,90.0,,
Zepto,P01194,Metro Chocolate 200g,Snacks & Beverages,Chocolates,,130.0,,
Zepto,P01195,Daily Potato 1kg,Fruits & Vegetables,Vegetables,,40.0,,
Zepto,P01196,Good Apple 1kg,Fruits & Vegetables,Fruits,,160.0,,
Zepto,P01197,Quick Almonds 12 pcs,Grocery & Staples,Dry Fruits,,150.0,,
Zepto,P01198,Daily Banana 200g,Fruits & Vegetables,Fruits,,150.0,,
Zepto,P01199,Daily Coffee 6 pcs,Snacks & Beverages,Coffee,,200.0,,
Zepto,P01200,Happy Tea 6 pcs,Snacks & Beverages,Tea,,240.0,,
Blinkit,153019,Onions,Fruits & Vegetables,Vegetables,Aurora LLC,947.95,1263.93,3
Blinkit,11422,Potatoes,Fruits & Vegetables,Vegetables,Ramaswamy-Tata,127.16,169.55,3
Blinkit,669378,Potatoes,Fruits & Vegetables,Vegetables,Chadha and Sons,212.14,282.85,3
Blinkit,848226,Tomatoes,Fruits & Vegetables,Vegetables,Barad and Sons,209.59,279.45,3
Blinkit,890623,Onions,Fruits & Vegetables,Vegetables,"Sangha, Nagar and Varty",354.52,472.69,3
Blinkit,965755,Bananas,Fruits & Vegetables,Fruits,"Doshi, Sarraf and Sama",532.57,710.09,3
Blinkit,222892,Tomatoes,Fruits & Vegetables,Vegetables,Ramakrishnan-Ghose,869.22,1158.96,3
Blinkit,516376,Onions,Fruits & Vegetables,Vegetables,Agarwal-Dhar,877.43,1169.91,3
Blinkit,39154,Mangoes,Fruits & Vegetables,Fruits,"Suresh, Bose and Bajwa",946.86,1262.48,3
Blinkit,34186,Mangoes,Fruits & Vegetables,Fruits,Mandal-Kar,925.65,1234.2,3
Blinkit,196719,Bananas,Fruits & Vegetables,Fruits,Yogi Group,217.5,290.0,3
Blinkit,478531,Carrots,Fruits & Vegetables,Vegetables,Uppal Group,825.46,1100.61,3
Blinkit,812607,Potatoes,Fruits & Vegetables,Vegetables,Rege Group,416.65,555.53,3
Blinkit,818990,Tomatoes,Fruits & Vegetables,Vegetables,Dugar Group,163.55,218.07,3
Blinkit,14145,Spinach,Fruits & Vegetables,Vegetables,"Thakur, Shah and Pingle",630.84,841.12,3
Blinkit,349294,Onions,Fruits & Vegetables,Vegetables,Ganesan Ltd,934.75,1246.33,3
Blinkit,847349,Potatoes,Fruits & Vegetables,Vegetables,Chhabra-Agrawal,781.08,1041.44,3
Blinkit,871592,Carrots,Fruits & Vegetables,Vegetables,"Shankar, Nadkarni and Kumer",870.29,1160.39,3
Blinkit,284460,Potatoes,Fruits & Vegetables,Vegetables,"Ramakrishnan, Anand and Khare",505.95,674.6,3
Blinkit,473929,Carrots,Fruits & Vegetables,Vegetables,"Bhardwaj, Bhatia and Deshmukh",440.19,586.92,3
Blinkit,77308,Onions,Fruits & Vegetables,Vegetables,Ratta-Sagar,223.27,297.69,3
Blinkit,654297,Potatoes,Fruits & Vegetables,Vegetables,Chandran-Dass,13.25,17.67,3
Blinkit,70969,Carrots,Fruits & Vegetables,Vegetables,Mohan Group,631.7,842.27,3
Blinkit,552883,Potatoes,Fruits & Vegetables,Vegetables,"Balan, Patel and Mall",888.16,1184.21,3
Blinkit,952124,Onions,Fruits & Vegetables,Vegetables,"Wali, Sood and Bala",127.08,169.44,3
Blinkit,397973,Bananas,Fruits & Vegetables,Fruits,"Wable, Randhawa and Mutti",728.73,971.64,3
Blinkit,555121,Carrots,Fruits & Vegetables,Vegetables,"Subramanian, Chaudhuri and Dora",354.91,473.21,3
Blinkit,818522,Cheese,Dairy & Breakfast,Cheese,Hora-Roy,96.09,120.11,7
Blinkit,462526,Curd,Dairy & Breakfast,Curd,Pau and Sons,449.97,562.46,7
Blinkit,376447,Butter,Dairy & Breakfast,Butter & Ghee,Gara and Sons,724.84,906.05,7
Blinkit,217710,Eggs,Dairy & Breakfast,Eggs,Rout-Sarna,58.59,73.24,7
Blinkit,146840,Bread,Dairy & Breakfast,Bread,"Bains, Deol and Vaidya",786.85,983.56,7
Blinkit,89084,Milk,Dairy & Breakfast,Milk,"Wali, Virk and Iyer",598.83,748.54,7
Blinkit,888807,Bread,Dairy & Breakfast,Bread,Arya Group,230.58,288.23,7
Blinkit,136533,Eggs,Dairy & Breakfast,Eggs,"Raghavan, Magar and Shanker",826.21,1032.76,7
Blinkit,714999,Bread,Dairy & Breakfast,Bread,Kala Group,882.51,1103.14,7
Blinkit,382511,Butter,Dairy & Breakfast,Butter & Ghee,Bora-Thakkar,702.54,878.17,7
Blinkit,15314,Cheese,Dairy & Breakfast,Cheese,Banik-Ratta,578.85,723.56,7
Blinkit,67197,Butter,Dairy & Breakfast,Butter & Ghee,Shetty-Bora,552.2,690.25,7
Blinkit,880510,Bread,Dairy & Breakfast,Bread,Roy-Char,951.43,1189.29,7
Blinkit,41853,Curd,Dairy & Breakfast,Curd,Handa PLC,910.44,1138.05,7
Blinkit,257719,Eggs,Dairy & Breakfast,Eggs,Chaudhuri PLC,281.73,352.16,7
Blinkit,891833,Curd,Dairy & Breakfast,Curd,Mani PLC,493.19,616.49,7
Blinkit,741341,Eggs,Dairy & Breakfast,Eggs,Prasad LLC,923.84,1154.8,7
Blinkit,500739,Bread,Dairy & Breakfast,Bread,Aggarwal Group,359.98,449.98,7
Blinkit,500633,Cereal,Dairy & Breakfast,Breakfast Cereals,Trivedi-Ahluwalia,154.5,193.12,7
Blinkit,799952,Cheese,Dairy & Breakfast,Cheese,Padmanabhan-Virk,922.64,1153.3,7
Blinkit,798639,Eggs,Dairy & Breakfast,Eggs,Subramaniam LLC,211.25,264.06,7
Blinkit,329351,Cheese,Dairy & Breakfast,Cheese,"Lala, Kalita and Sathe",310.87,388.59,7
Blinkit,833557,Cereal,Dairy & Breakfast,Breakfast Cereals,"Gole, Chand and Dada",422.87,528.59,7
Blinkit,324809,Bread,Dairy & Breakfast,Bread,Sidhu PLC,608.0,760.0,7
Blinkit,337168,Eggs,Dairy & Breakfast,Eggs,Dasgupta PLC,545.49,681.86,7
Blinkit,659290,Cheese,Dairy & Breakfast,Cheese,Kapadia-D’Alia,319.34,399.17,7
Blinkit,883013,Eggs,Dairy & Breakfast,Eggs,Chahal Group,989.88,1237.35,7
Blinkit,839170,Curd,Dairy & Breakfast,Curd,Shetty and Sons,481.63,602.04,7
Blinkit,455083,Butter,Dairy & Breakfast,Butter & Ghee,Dutta Inc,959.01,1198.76,7
Blinkit,183929,Bread,Dairy & Breakfast,Bread,"Nagi, Sampath and Khurana",738.74,923.42,7
Blinkit,592784,Biscuits,Snacks & Beverages,Biscuits,"Andra, Mander and Kari",280.35,431.31,90
Blinkit,578097,Nuts,Grocery & Staples,Dry Fruits,Jha Group,267.61,411.71,90
Blinkit,487065,Chips,Snacks & Beverages,Chips,Kadakia-Yadav,374.68,576.43,90
Blinkit,734789,Popcorn,Snacks & Beverages,Chips,"Chaudhari, Pant and Singh",395.82,608.95,90
Blinkit,949818,Biscuits,Snacks & Beverages,Biscuits,Yohannan Inc,483.05,743.15,90
Blinkit,690565,Cookies,Snacks & Beverages,Biscuits,"Roy, Seth and Patla",951.27,1463.49,90
Blinkit,961614,Chocolates,Snacks & Beverages,Chocolates,Goda Inc,227.22,349.57,90
Blinkit,361361,Biscuits,Snacks & Beverages,Biscuits,"Kunda, Dave and Sahni",826.21,1271.09,90
Blinkit,291238,Chocolates,Snacks & Beverages,Chocolates,"Sinha, Pau and Chhabra",746.03,1147.74,90
Blinkit,654623,Chips,Snacks & Beverages,Chips,Pradhan and Sons,422.14,649.45,90
Blinkit,313754,Biscuits,Snacks & Beverages,Biscuits,"Swaminathan, Mahal and Dara",136.6,210.15,90
Blinkit,563740,Chips,Snacks & Beverages,Chips,Mann-Kapadia,96.33,148.2,90
Blinkit,378230,Nuts,Grocery & Staples,Dry Fruits,Kala-Vig,166.42,256.03,90
Blinkit,658389,Popcorn,Snacks & Beverages,Chips,"Chanda, Som and Vohra",152.55,234.69,90
Blinkit,990993,Chocolates,Snacks & Beverages,Chocolates,Guha-Subramaniam,263.7,405.69,90
Blinkit,762527,Biscuits,Snacks & Beverages,Biscuits,"Chad, Yohannan and Chopra",690.08,1061.66,90
Blinkit,952168,Popcorn,Snacks & Beverages,Chips,"Krishnamurthy, Sibal and Das",236.95,364.54,90
Blinkit,542300,Popcorn,Snacks & Beverages,Chips,Gulati-Tandon,255.35,392.85,90
Blinkit,602241,Nuts,Grocery & Staples,Dry Fruits,Bahl-Pau,976.55,1502.38,90
Blinkit,587420,Cookies,Snacks & Beverages,Biscuits,Raj and Sons,357.42,549.88,90
Blinkit,491521,Nuts,Grocery & Staples,Dry Fruits,Karpe Inc,556.35,855.92,90
Blinkit,914071,Chips,Snacks & Beverages,Chips,Datta Ltd,296.94,456.83,90
Blinkit,832348,Biscuits,Snacks & Beverages,Biscuits,Jani-Ram,831.43,1279.12,90
Blinkit,567671,Biscuits,Snacks & Beverages,Biscuits,Nagar LLC,418.48,643.82,90
Blinkit,481843,Chocolates,Snacks & Beverages,Chocolates,"Taneja, Kala and Kota",297.68,457.97,90
Blinkit,991434,Cookies,Snacks & Beverages,Biscuits,Mital-Oza,237.62,365.57,90
Blinkit,540618,Popcorn,Snacks & Beverages,Chips,Golla-Luthra,317.05,487.77,90
Blinkit,319388,Orange Juice,Snacks & Beverages,Juices,D’Alia-Dey,657.8,939.71,180
Blinkit,171602,Cola,Snacks & Beverages,Soft Drinks,Pal-Sehgal,883.44,1262.06,180
Blinkit,60619,Iced Tea,Snacks & Beverages,Tea,Bhasin LLC,726.41,1037.73,180
Blinkit,962591,Orange Juice,Snacks & Beverages,Juices,Murthy-Kaul,130.01,185.73,180
Blinkit,107548,Cola,Snacks & Beverages,Soft Drinks,"Bhandari, Bhasin and Palan",891.6,1273.71,180
Blinkit,687218,Mango Drink,Snacks & Beverages,Juices,"Sankaran, Pall and Gola",317.82,454.03,180
Blinkit,328457,Mango Drink,Snacks & Beverages,Juices,Hayre-Shere,858.57,1226.53,180
Blinkit,194682,Iced Tea,Snacks & Beverages,Tea,Sastry-Issac,912.29,1303.27,180
Blinkit,681063,Mango Drink,Snacks & Beverages,Juices,Dass and Sons,321.28,458.97,180
Blinkit,679321,Cola,Snacks & Beverages,Soft Drinks,Khurana-Dewan,738.46,1054.94,180
Blinkit,300159,Cola,Snacks & Beverages,Soft Drinks,"Basu, Rout and Mistry",44.35,63.36,180
Blinkit,378287,Lemonade,Snacks & Beverages,Juices,Ramesh-Jain,332.84,475.49,180
Blinkit,118820,Iced Tea,Snacks & Beverages,Tea,"Warrior, Ravel and Amble",12.32,17.6,180
Blinkit,667163,Orange Juice,Snacks & Beverages,Juices,Palla LLC,441.2,630.29,180
Blinkit,228286,Cola,Snacks & Beverages,Soft Drinks,Bhattacharyya PLC,179.08,255.83,180
Blinkit,561860,Orange Juice,Snacks & Beverages,Juices,Gupta Ltd,874.78,1249.69,180
Blinkit,712003,Cola,Snacks & Beverages,Soft Drinks,"Karan, Bandi and Acharya",671.68,959.54,180
Blinkit,712307,Orange Juice,Snacks & Beverages,Juices,Chana LLC,264.89,378.41,180
Blinkit,513199,Cola,Snacks & Beverages,Soft Drinks,Rastogi Inc,422.23,603.19,180
Blinkit,962054,Orange Juice,Snacks & Beverages,Juices,Toor-Nagar,16.86,24.09,180
Blinkit,378676,Orange Juice,Snacks & Beverages,Juices,Baral-Kamdar,881.42,1259.17,180
Blinkit,890232,Mango Drink,Snacks & Beverages,Juices,Jha Group,432.0,617.14,180
Blinkit,532965,Frozen Pizza,Instant & Frozen Foods,Frozen Food,Sachdev Inc,307.23,512.05,180
Blinkit,365132,Instant Noodles,Instant & Frozen Foods,Instant Noodles,Dar-Kumar,229.38,382.3,180
Blinkit,689769,Frozen Vegetables,Instant & Frozen Foods,Frozen Food,Kothari-Datta,46.62,77.7,180
Blinkit,969851,Frozen Vegetables,Instant & Frozen Foods,Frozen Food,"Kara, Sodhi and Bassi",340.66,567.77,180
Blinkit,305754,Frozen Vegetables,Instant & Frozen Foods,Frozen Food,Mammen-Hegde,979.99,1633.32,180
Blinkit,398340,Instant Noodles,Instant & Frozen Foods,Instant Noodles,"Nadig, Zachariah and Soni",651.93,1086.55,180
Blinkit,491314,Ice Cream,Instant & Frozen Foods,Frozen Food,Banerjee Inc,973.44,1622.4,180
Blinkit,33955,Frozen Pizza,Instant & Frozen Foods,Frozen Food,Baral Group,186.08,310.13,180
Blinkit,470449,Frozen Biryani,Instant & Frozen Foods,Frozen Food,Kohli-Sawhney,827.77,1379.62,180
Blinkit,954722,Ice Cream,Instant & Frozen Foods,Frozen Food,Mohan-Virk,616.45,1027.42,180
Blinkit,623234,Frozen Biryani,Instant & Frozen Foods,Frozen Food,Chakrabarti-Batra,329.79,549.65,180
Blinkit,131937,Frozen Pizza,Instant & Frozen Foods,Frozen Food,"Varkey, Devi and Ganguly",287.81,479.68,180
Blinkit,606256,Frozen Biryani,Instant & Frozen Foods,Frozen Food,Agate Ltd,369.28,615.47,180
Blinkit,652118,Frozen Biryani,Instant & Frozen Foods,Frozen Food,Agate and Sons,22.04,36.73,180
Blinkit,187399,Frozen Pizza,Instant & Frozen Foods,Frozen Food,Chauhan Inc,53.49,89.15,180
Blinkit,925482,Frozen Biryani,Instant & Frozen Foods,Frozen Food,Viswanathan-Sha,475.04,791.73,180
Blinkit,611575,Frozen Pizza,Instant & Frozen Foods,Frozen Food,"Bhat, Nigam and Hayer",482.06,803.43,180
Blinkit,621677,Frozen Biryani,Instant & Frozen Foods,Frozen Food,Sabharwal-Mital,317.8,529.67,180
Blinkit,306177,Frozen Biryani,Instant & Frozen Foods,Frozen Food,Som Inc,769.24,1282.07,180
Blinkit,272170,Ice Cream,Instant & Frozen Foods,Frozen Food,Purohit Group,140.8,234.67,180
Blinkit,721521,Rice,Grocery & Staples,Rice,"Ramanathan, Agarwal and Baria",417.39,491.05,365
Blinkit,692985,Pulses,Grocery & Staples,Pulses,"Wable, Sankaran and Hari",197.39,232.22,365
Blinkit,487931,Sugar,Grocery & Staples,Sugar,"Bahl, Jaggi and Nath",709.08,834.21,365
Blinkit,901144,Sugar,Grocery & Staples,Sugar,Deo-Kamdar,340.36,400.42,365
Blinkit,764014,Salt,Grocery & Staples,Salt,"Grewal, Swamy and Dayal",612.04,720.05,365
Blinkit,53833,Rice,Grocery & Staples,Rice,Tella-Master,134.69,158.46,365
Blinkit,876139,Pulses,Grocery & Staples,Pulses,Cherian-Dara,415.75,489.12,365
Blinkit,903336,Pulses,Grocery & Staples,Pulses,"Vaidya, Amble and Palla",551.88,649.27,365
Blinkit,120532,Wheat Flour,Grocery & Staples,Flour,Nazareth Ltd,697.53,820.62,365
Blinkit,945635,Pulses,Grocery & Staples,Pulses,Balasubramanian PLC,778.9,916.35,365
Blinkit,760684,Rice,Grocery & Staples,Rice,Kanda-Gupta,71.6,84.24,365
Blinkit,354409,Pulses,Grocery & Staples,Pulses,Bose-Pandit,325.08,382.45,365
Blinkit,937542,Wheat Flour,Grocery & Staples,Flour,Khurana and Sons,97.04,114.16,365
Blinkit,490602,Sugar,Grocery & Staples,Sugar,Raghavan Inc,549.47,646.44,365
Blinkit,131136,Salt,Grocery & Staples,Salt,Deshpande-Rama,37.8,44.47,365
Blinkit,287070,Wheat Flour,Grocery & Staples,Flour,"Gala, Magar and Rajagopal",443.17,521.38,365
Blinkit,679865,Wheat Flour,Grocery & Staples,Flour,Memon-Barad,347.91,409.31,365
Blinkit,317242,Pulses,Grocery & Staples,Pulses,Rastogi Group,198.15,233.12,365
Blinkit,644847,Salt,Grocery & Staples,Salt,"Jhaveri, Kata and Kapur",622.81,732.72,365
Blinkit,327290,Sugar,Grocery & Staples,Sugar,Nadkarni Inc,862.28,1014.45,365
Blinkit,993331,Pulses,Grocery & Staples,Pulses,"Parmer, Gola and Yogi",102.44,120.52,365
Blinkit,807452,Pulses,Grocery & Staples,Pulses,Naik Ltd,144.19,169.64,365
Blinkit,451933,Wheat Flour,Grocery & Staples,Flour,Nadig Ltd,568.94,669.34,365
Blinkit,461804,Sugar,Grocery & Staples,Sugar,"Ghose, Ben and Divan",310.69,365.52,365
Blinkit,36412,Dish Soap,Household,Dishwash,Muni-Shankar,397.68,530.24,365
Blinkit,94225,Toilet Cleaner,Household,Toilet Cleaner,"Gulati, Ram and Sarkar",77.11,102.81,365
Blinkit,704868,Detergent,Household,Detergent,"Parikh, Oak and Kara",193.46,257.95,365
Blinkit,18035,Dish Soap,Household,Dishwash,Ramesh Inc,968.94,1291.92,365
Blinkit,435929,Toilet Cleaner,Household,Toilet Cleaner,Memon Ltd,856.89,1142.52,365
Blinkit,820541,Toilet Cleaner,Household,Toilet Cleaner,"Borde, Peri and Upadhyay",576.22,768.29,365
Blinkit,552496,Dish Soap,Household,Dishwash,Dhar PLC,508.0,677.33,365
Blinkit,455755,Detergent,Household,Detergent,Mangal-Sathe,44.09,58.79,365
Blinkit,91670,Dish Soap,Household,Dishwash,Barman-Ahluwalia,439.24,585.65,365
Blinkit,336847,Toilet Cleaner,Household,Toilet Cleaner,"Dayal, Mammen and More",936.98,1249.31,365
Blinkit,144124,Detergent,Household,Detergent,Lalla-Srinivasan,162.67,216.89,365
Blinkit,747801,Toilet Cleaner,Household,Toilet Cleaner,Saha-Vora,277.76,370.35,365
Blinkit,589812,Detergent,Household,Detergent,Bir PLC,163.03,217.37,365
Blinkit,677542,Toilet Cleaner,Household,Toilet Cleaner,Thaman-Lanka,212.61,283.48,365
Blinkit,604184,Toilet Cleaner,Household,Toilet Cleaner,"Gaba, Sodhi and Choudhary",397.55,530.07,365
Blinkit,697683,Toilet Cleaner,Household,Toilet Cleaner,"Murty, Varghese and Saxena",123.74,164.99,365
Blinkit,894539,Dish Soap,Household,Dishwash,"Pall, Sule and Sood",445.48,593.97,365
Blinkit,739534,Toilet Cleaner,Household,Toilet Cleaner,"Gera, Narang and Karpe",994.56,1326.08,365
Blinkit,968887,Dish Soap,Household,Dishwash,Keer-Gill,40.7,54.27,365
Blinkit,709916,Detergent,Household,Detergent,Varkey LLC,33.76,45.01,365
Blinkit,739448,Dish Soap,Household,Dishwash,Mand-Choudhry,755.66,1007.55,365
Blinkit,700048,Dish Soap,Household,Dishwash,Khalsa-Bhavsar,141.28,188.37,365
Blinkit,897083,Detergent,Household,Detergent,Dutta-Halder,972.69,1296.92,365
Blinkit,448752,Toilet Cleaner,Household,Toilet Cleaner,Batta-Doctor,160.07,213.43,365
Blinkit,365133,Dish Soap,Household,Dishwash,Hans Inc,915.45,1220.6,365
Blinkit,133542,Detergent,Household,Detergent,Edwin-Lall,68.49,91.32,365
Blinkit,767398,Dish Soap,Household,Dishwash,"Arya, Sundaram and Pingle",22.14,29.52,365
Blinkit,863930,Shampoo,Personal Care,Shampoo,"Sathe, Agarwal and Dhar",242.57,373.18,365
Blinkit,473647,Toothpaste,Personal Care,Oral Care,Ben-Ravi,43.05,66.23,365
Blinkit,9436,Toothpaste,Personal Care,Oral Care,Naidu PLC,88.43,136.05,365
Blinkit,385113,Lotion,Personal Care,Skin Care,"Sampath, Mane and Mody",816.38,1255.97,365
Blinkit,112390,Toothpaste,Personal Care,Oral Care,"Kibe, Contractor and Randhawa",877.98,1350.74,365
Blinkit,647462,Lotion,Personal Care,Skin Care,"Balan, Samra and Sekhon",326.42,502.18,365
Blinkit,34200,Lotion,Personal Care,Skin Care,Munshi-Grewal,319.8,492.0,365
Blinkit,753354,Shampoo,Personal Care,Shampoo,Sant-Mahajan,423.56,651.63,365
Blinkit,490939,Lotion,Personal Care,Skin Care,"Roy, Barad and De",80.25,123.46,365
Blinkit,672059,Toothpaste,Personal Care,Oral Care,Kaur-Gola,672.73,1034.97,365
Blinkit,803607,Soap,Personal Care,Soap & Body Wash,"Kadakia, Mohan and Sathe",949.73,1461.12,365
Blinkit,124290,Lotion,Personal Care,Skin Care,Sachdev Group,39.65,61.0,365
Blinkit,140489,Soap,Personal Care,Soap & Body Wash,"Biswas, Kapoor and Patel",650.2,1000.31,365
Blinkit,799688,Lotion,Personal Care,Skin Care,Arora LLC,309.62,476.34,365
Blinkit,859361,Shampoo,Personal Care,Shampoo,Mitter Group,432.39,665.22,365
Blinkit,492958,Lotion,Personal Care,Skin Care,Acharya PLC,84.2,129.54,365
Blinkit,63769,Lotion,Personal Care,Skin Care,Dalal-Shan,878.07,1350.88,365
Blinkit,684939,Lotion,Personal Care,Skin Care,"Sibal, Bhatnagar and Rajan",727.95,1119.92,365
Blinkit,219598,Shampoo,Personal Care,Shampoo,Arora-Magar,367.08,564.74,365
Blinkit,140154,Shampoo,Personal Care,Shampoo,Malhotra LLC,171.2,263.38,365
Blinkit,449106,Soap,Personal Care,Soap & Body Wash,"Shere, Thakur and Naik",48.55,74.69,365
Blinkit,256051,Lotion,Personal Care,Skin Care,"Mannan, Naidu and Sama",400.92,616.8,365
Blinkit,615545,Soap,Personal Care,Soap & Body Wash,Barman Inc,448.16,689.48,365
Blinkit,366066,Soap,Personal Care,Soap & Body Wash,Mandal LLC,918.58,1413.2,365
Blinkit,600767,Toothpaste,Personal Care,Oral Care,Balan Group,722.42,1111.42,365
Blinkit,784827,Baby Wipes,Personal Care,Baby Care,Balakrishnan Ltd,274.25,391.79,365
Blinkit,6405,Baby Food,Grocery & Staples,Baby Food,Kashyap-Reddy,236.51,337.87,365
Blinkit,853932,Baby Wipes,Personal Care,Baby Care,Ranganathan-Peri,941.19,1344.56,365
Blinkit,970529,Diapers,Personal Care,Baby Care,"Kurian, Patla and Sanghvi",827.44,1182.06,365
Blinkit,51036,Baby Food,Grocery & Staples,Baby Food,Karnik PLC,931.61,1330.87,365
Blinkit,820973,Baby Wipes,Personal Care,Baby Care,Lall LLC,114.52,163.6,365
Blinkit,367391,Baby Wipes,Personal Care,Baby Care,Talwar and Sons,939.55,1342.21,365
Blinkit,433521,Diapers,Personal Care,Baby Care,Mahal Group,321.33,459.04,365
Blinkit,927651,Baby Wipes,Personal Care,Baby Care,Narula Group,426.72,609.6,365
Blinkit,930284,Baby Food,Grocery & Staples,Baby Food,"Garg, Saraf and Dutta",189.47,270.67,365
Blinkit,4452,Baby Wipes,Personal Care,Baby Care,Morar-Mistry,169.88,242.69,365
Blinkit,82484,Baby Food,Grocery & Staples,Baby Food,Mallick PLC,914.88,1306.97,365
Blinkit,440875,Baby Wipes,Personal Care,Baby Care,Loyal Inc,275.03,392.9,365
Blinkit,432617,Baby Wipes,Personal Care,Baby Care,Dora-Pillai,863.18,1233.11,365
Blinkit,953175,Baby Food,Grocery & Staples,Baby Food,Sehgal-Nagarajan,225.21,321.73,365
Blinkit,57405,Baby Food,Grocery & Staples,Baby Food,Srinivas PLC,607.67,868.1,365
Blinkit,707935,Cat Food,Pet Care,Pet Care,"Anne, Mammen and Khatri",820.9,1262.92,365
Blinkit,942001,Cat Food,Pet Care,Pet Care,Acharya Ltd,671.55,1033.15,365
Blinkit,585299,Pet Treats,Pet Care,Pet Care,"Sharma, Chandra and Prashad",799.46,1229.94,365
Blinkit,120385,Pet Treats,Pet Care,Pet Care,Dubey-Sarin,597.91,919.86,365
Blinkit,52729,Cat Food,Pet Care,Pet Care,Saini LLC,316.02,486.18,365
Blinkit,661577,Cat Food,Pet Care,Pet Care,Majumdar PLC,720.95,1109.15,365
Blinkit,951463,Pet Treats,Pet Care,Pet Care,Balakrishnan-Kaur,787.4,1211.38,365
Blinkit,373536,Dog Food,Pet Care,Pet Care,Chauhan-Sabharwal,494.17,760.26,365
Blinkit,243235,Cat Food,Pet Care,Pet Care,Batta Inc,109.03,167.74,365
Blinkit,564692,Cat Food,Pet Care,Pet Care,"Krishna, Bail and Dyal",215.65,331.77,365
Blinkit,131748,Dog Food,Pet Care,Pet Care,"Shroff, Wason and Dugar",81.35,125.15,365
Blinkit,256783,Pet Treats,Pet Care,Pet Care,"Basu, Thakur and Rege",906.54,1394.68,365
Blinkit,186168,Dog Food,Pet Care,Pet Care,"Parekh, Lad and Kadakia",878.8,1352.0,365
Blinkit,537274,Pet Treats,Pet Care,Pet Care,Lal-Chauhan,702.71,1081.09,365
Blinkit,525531,Dog Food,Pet Care,Pet Care,Sandal PLC,831.1,1278.62,365
Blinkit,913428,Pet Treats,Pet Care,Pet Care,Narayanan-Kumar,392.22,603.42,365
Blinkit,757274,Pet Treats,Pet Care,Pet Care,"Minhas, Kapoor and Sethi",98.32,151.26,365
Blinkit,726958,Cat Food,Pet Care,Pet Care,Doctor-Patla,887.48,1365.35,365
Blinkit,642612,Pet Treats,Pet Care,Pet Care,Pillay-Ahuja,517.03,795.43,365
Blinkit,613942,Pet Treats,Pet Care,Pet Care,"Dyal, Saraf and Goel",545.0,838.46,365
Blinkit,784673,Dog Food,Pet Care,Pet Care,Ramanathan Group,491.39,755.98,365
Blinkit,425341,Pet Treats,Pet Care,Pet Care,"Mani, Dhar and Muni",486.28,748.12,365
Blinkit,771228,Pet Treats,Pet Care,Pet Care,Raja and Sons,83.18,127.97,365
Blinkit,760828,Pet Treats,Pet Care,Pet Care,"Khurana, Khosla and Yohannan",563.45,866.85,365
Blinkit,723678,Dog Food,Pet Care,Pet Care,"Lall, Datta and Swamy",675.46,1039.17,365
Blinkit,451812,Pain Reliever,Pharmacy & Wellness,Pharmacy & Wellness,"Batra, Sant and Mandal",530.85,663.56,365
Blinkit,677169,Cough Syrup,Pharmacy & Wellness,Pharmacy & Wellness,Char-Divan,261.03,326.29,365
Blinkit,274207,Cough Syrup,Pharmacy & Wellness,Pharmacy & Wellness,"Savant, Batta and Mander",328.51,410.64,365
Blinkit,706112,Vitamins,Pharmacy & Wellness,Pharmacy & Wellness,"Magar, Gara and Garg",478.79,598.49,365
Blinkit,557908,Vitamins,Pharmacy & Wellness,Pharmacy & Wellness,Sundaram Inc,942.37,1177.96,365
Blinkit,587645,Vitamins,Pharmacy & Wellness,Pharmacy & Wellness,"Sura, Pillay and Mammen",801.81,1002.26,365
Blinkit,837480,Cough Syrup,Pharmacy & Wellness,Pharmacy & Wellness,Edwin and Sons,217.4,271.75,365
Blinkit,566052,Pain Reliever,Pharmacy & Wellness,Pharmacy & Wellness,"Apte, Soman and Raju",87.3,109.12,365
Blinkit,137909,Cough Syrup,Pharmacy & Wellness,Pharmacy & Wellness,Dalal PLC,864.3,1080.37,365
Blinkit,799459,Vitamins,Pharmacy & Wellness,Pharmacy & Wellness,"Garg, Kari and Kapur",852.02,1065.02,365
Blinkit,264803,Vitamins,Pharmacy & Wellness,Pharmacy & Wellness,Gole-Doshi,995.98,1244.97,365
Blinkit,851978,Vitamins,Pharmacy & Wellness,Pharmacy & Wellness,Parsa-Bala,715.72,894.65,365
Blinkit,992178,Pain Reliever,Pharmacy & Wellness,Pharmacy & Wellness,Basu and Sons,632.43,790.54,365
Blinkit,56589,Vitamins,Pharmacy & Wellness,Pharmacy & Wellness,"Pai, Kashyap and Ramachandran",517.77,647.21,365
Blinkit,26060,Vitamins,Pharmacy & Wellness,Pharmacy & Wellness,Shah and Sons,342.94,428.67,365
Blinkit,33797,Pain Reliever,Pharmacy & Wellness,Pharmacy & Wellness,Gaba LLC,888.12,1110.15,365
Blinkit,123983,Cough Syrup,Pharmacy & Wellness,Pharmacy & Wellness,Kurian-Chhabra,785.67,982.09,365
Blinkit,237083,Cough Syrup,Pharmacy & Wellness,Pharmacy & Wellness,Hayer-Banerjee,577.13,721.41,365
Blinkit,154179,Pain Reliever,Pharmacy & Wellness,Pharmacy & Wellness,"Barad, Devi and Andra",582.87,728.59,365
Blinkit,298985,Vitamins,Pharmacy & Wellness,Pharmacy & Wellness,"Ramanathan, Joshi and Srinivasan",183.76,229.7,365
Blinkit,444361,Pain Reliever,Pharmacy & Wellness,Pharmacy & Wellness,"Prakash, Bawa and Kale",822.63,1028.29,365
Blinkit,679284,Cough Syrup,Pharmacy & Wellness,Pharmacy & Wellness,Pant LLC,877.89,1097.36,365
Blinkit,240179,Cough Syrup,Pharmacy & Wellness,Pharmacy & Wellness,Ram-Suri,90.56,113.2,365
Blinkit,673058,Cough Syrup,Pharmacy & Wellness,Pharmacy & Wellness,Balan-Madan,765.76,957.2,365
Blinkit,114414,Vitamins,Pharmacy & Wellness,Pharmacy & Wellness,Kara-Golla,832.06,1040.07,365
Swiggy,PROD001,Amul Taaza Toned Milk 500ml,Dairy & Breakfast,Milk,,27.0,,
Swiggy,PROD002,Britannia Milk Bread,Dairy & Breakfast,Bread,,45.0,,
Swiggy,PROD003,Nestle Maggi 2-Minute Noodles,Instant & Frozen Foods,Instant Noodles,,14.0,,
Swiggy,PROD004,Tata Salt Iodized 1kg,Grocery & Staples,Salt,,28.0,,
Swiggy,PROD005,Ashirvaad Select Sharbati Atta 5kg,Grocery & Staples,Flour,,290.0,,
Swiggy,PROD006,Coca-Cola 750ml PET Bottle,Snacks & Beverages,Soft Drinks,,40.0,,
Swiggy,PROD007,Lays India's Magic Masala 52g,Uncategorized,Uncategorized,,20.0,,
Swiggy,PROD008,Parle-G Gold Biscuits 1kg,Snacks & Beverages,Biscuits,,110.0,,
Swiggy,PROD009,Surf Excel Easy Wash 1kg,Household,Detergent,,135.0,,
Swiggy,PROD010,Colgate MaxFresh Toothpaste 150g,Personal Care,Oral Care,,95.0,,
Swiggy,PROD011,Fresh Onion 1kg,Fruits & Vegetables,Vegetables,,45.0,,
Swiggy,PROD012,Fresh Tomato 1kg,Fruits & Vegetables,Vegetables,,35.0,,
Swiggy,PROD013,Fresh Potato 1kg,Fruits & Vegetables,Vegetables,,30.0,,
Swiggy,PROD014,Fresh Banana Robusta 1kg,Fruits & Vegetables,Fruits,,50.0,,
Swiggy,PROD015,Fresh Apple Royal Gala 1kg,Fruits & Vegetables,Fruits,,180.0,,
Swiggy,PROD016,Amul Butter 500g,Dairy & Breakfast,Butter & Ghee,,275.0,,
Swiggy,PROD017,Amul Cheese Slices 100g,Dairy & Breakfast,Cheese,,78.0,,
Swiggy,PROD018,Mother Dairy Classic Curd 400g,Dairy & Breakfast,Curd,,40.0,,
Swiggy,PROD019,iD Malabar Parota 350g,Instant & Frozen Foods,Frozen Food,,85.0,,
Swiggy,PROD020,Fortune Sunlite Refined Sunflower Oil 1L,Grocery & Staples,Edible Oil,,155.0,,
Swiggy,PROD021,India Gate Basmati Rice Classic 1kg,Grocery & Staples,Rice,,220.0,,
Swiggy,PROD022,Tata Sampann Toor Dal 1kg,Grocery & Staples,Pulses,,160.0,,
Swiggy,PROD023,Bru Instant Coffee 100g,Snacks & Beverages,Coffee,,210.0,,
Swiggy,PROD024,Taj Mahal Tea 250g,Snacks & Beverages,Tea,,165.0,,
Swiggy,PROD025,Haldirams Aloo Bhujia 200g,Snacks & Beverages,Chips,,55.0,,
Swiggy,PROD026,Kurkure Masala Munch 90g,Snacks & Beverages,Chips,,20.0,,
Swiggy,PROD027,Sprite 750ml PET Bottle,Snacks & Beverages,Soft Drinks,,40.0,,
Swiggy,PROD028,Tropicana 100% Orange Juice 1L,Snacks & Beverages,Juices,,140.0,,
Swiggy,PROD029,Cadbury Dairy Milk Silk 150g,Snacks & Beverages,Chocolates,,175.0,,
Swiggy,PROD030,Oreo Chocolate Creme Biscuits 120g,Snacks & Beverages,Biscuits,,30.0,,
Swiggy,PROD031,Lifebuoy Total 10 Soap 125g,Personal Care,Soap & Body Wash,,36.0,,
Swiggy,PROD032,Dove Daily Shine Shampoo 180ml,Personal Care,Shampoo,,190.0,,
Swiggy,PROD033,Pepsodent Germicheck Toothpaste 150g,Personal Care,Oral Care,,70.0,,
Swiggy,PROD034,Vim Dishwash Liquid Gel 500ml,Household,Dishwash,,105.0,,
Swiggy,PROD035,Lizol Floor Cleaner Citrus 975ml,Household,Floor Cleaner,,193.0,,
Swiggy,PROD036,Harpic Powerplus Toilet Cleaner 1L,Household,Toilet Cleaner,,185.0,,
Swiggy,PROD037,Good Knight Gold Flash Machine + Refill,Household,Insect Repellent,,85.0,,
Swiggy,PROD038,McCain Smiles 415g,Instant & Frozen Foods,Frozen Food,,115.0,,
Swiggy,PROD039,Kissan Fresh Tomato Ketchup 950g,Grocery & Staples,Sauces & Spreads,,120.0,,
Swiggy,PROD040,MDH Deggi Mirch 100g,Grocery & Staples,Spices,,72.0,,
Swiggy,PROD041,Everest Turmeric Powder 200g,Grocery & Staples,Spices,,60.0,,
Swiggy,PROD042,Kelloggs Corn Flakes 875g,Fruits & Vegetables,Vegetables,,360.0,,
Swiggy,PROD043,Quaker Oats 1kg,Dairy & Breakfast,Breakfast Cereals,,199.0,,
Swiggy,PROD044,Pampers Active Baby Diapers M-size 46,Personal Care,Baby Care,,699.0,,
Swiggy,PROD045,Pedigree Adult Dog Food Chicken & Veg 3kg,Pet Care,Pet Care,,740.0,,
Swiggy,PROD046,Fresh Coriander Bunch,Fruits & Vegetables,Herbs,,15.0,,
Swiggy,PROD047,Fresh Mint Bunch,Fruits & Vegetables,Herbs,,12.0,,
Swiggy,PROD048,Fresh Ginger 100g,Fruits & Vegetables,Vegetables,,25.0,,
Swiggy,PROD049,Fresh Garlic 100g,Fruits & Vegetables,Vegetables,,30.0,,
Swiggy,PROD050,Fresh Lemon 4pcs,Fruits & Vegetables,Fruits,,20.0,,
Swiggy,PROD051,Amul Masti Dahi 400g,Dairy & Breakfast,Curd,,38.0,,
Swiggy,PROD052,Britannia Brown Bread,Dairy & Breakfast,Bread,,50.0,,
Swiggy,PROD053,Top Ramen Masala Noodles,Instant & Frozen Foods,Instant Noodles,,12.0,,
Swiggy,PROD054,Tata Tea Gold 500g,Snacks & Beverages,Tea,,310.0,,
Swiggy,PROD055,Pillsbury Chakki Fresh Atta 5kg,Grocery & Staples,Flour,,280.0,,
Swiggy,PROD056,Fanta 750ml PET Bottle,Snacks & Beverages,Soft Drinks,,40.0,,
Swiggy,PROD057,Bingo Mad Angles Achaari Masti,Snacks & Beverages,Chips,,20.0,,
Swiggy,PROD058,Sunfeast Dark Fantasy Choco Fills,Snacks & Beverages,Biscuits,,35.0,,
Swiggy,PROD059,Ariel Matic Top Load 1kg,Household,Detergent,,250.0,,
Swiggy,PROD060,Listerine Cool Mint Mouthwash 250ml,Personal Care,Oral Care,,149.0,,
Swiggy,PROD061,Fresh Capsicum 500g,Fruits & Vegetables,Vegetables,,60.0,,
Swiggy,PROD062,Fresh Cauliflower 1pc,Fruits & Vegetables,Vegetables,,40.0,,
Swiggy,PROD063,Fresh Cabbage 1pc,Fruits & Vegetables,Vegetables,,35.0,,
Swiggy,PROD064,Fresh Pomegranate 1kg,Fruits & Vegetables,Fruits,,220.0,,
Swiggy,PROD065,Fresh Watermelon 1pc,Fruits & Vegetables,Fruits,,90.0,,
Swiggy,PROD066,Go Cheese Slices 100g,Dairy & Breakfast,Cheese,,75.0,,
Swiggy,PROD067,Nestle a+ Curd 400g,Dairy & Breakfast,Curd,,42.0,,
Swiggy,PROD068,Saffola Gold Refined Oil 1L,Grocery & Staples,Edible Oil,,170.0,,
Swiggy,PROD069,Daawat Basmati Rice Rozana Gold 1kg,Grocery & Staples,Rice,,150.0,,
Swiggy,PROD070,Tata Sampann Chana Dal 1kg,Grocery & Staples,Pulses,,150.0,,
Swiggy,PROD071,Nescafe Classic Coffee 100g,Snacks & Beverages,Coffee,,315.0,,
Swiggy,PROD072,Red Label Tea 500g,Snacks & Beverages,Tea,,270.0,,
Swiggy,PROD073,Balaji Wafers Simply Salted,Snacks & Beverages,Chips,,20.0,,
Swiggy,PROD074,Thums Up 750ml PET Bottle,Snacks & Beverages,Soft Drinks,,40.0,,
Swiggy,PROD075,Real Mixed Fruit Juice 1L,Snacks & Beverages,Juices,,135.0,,
Swiggy,PROD076,Cadbury 5 Star 3D,Snacks & Beverages,Chocolates,,30.0,,
Swiggy,PROD077,Good Day Cashew Cookies,Snacks & Beverages,Biscuits,,40.0,,
Swiggy,PROD078,Pears Pure & Gentle Soap 125g,Personal Care,Soap & Body Wash,,70.0,,
Swiggy,PROD079,Head & Shoulders Anti-Dandruff Shampoo,Personal Care,Shampoo,,195.0,,
Swiggy,PROD080,Close Up Everfresh Toothpaste 150g,Personal Care,Oral Care,,85.0,,
Swiggy,PROD081,Pril Dishwash Bar,Household,Dishwash,,25.0,,
Swiggy,PROD082,Dettol Antiseptic Liquid 250ml,Pharmacy & Wellness,Pharmacy & Wellness,,110.0,,
Swiggy,PROD083,All Out Ultra Refill,Household,Insect Repellent,,75.0,,
Swiggy,PROD084,ITC Master Chef Frozen Peas 500g,Fruits & Vegetables,Vegetables,,125.0,,
Swiggy,PROD085,Maggi Hot & Sweet Ketchup,Grocery & Staples,Sauces & Spreads,,125.0,,
Swiggy,PROD086,Catch Turmeric Powder 200g,Grocery & Staples,Spices,,65.0,,
Swiggy,PROD087,Saffola Masala Oats Classic Masala,Dairy & Breakfast,Breakfast Cereals,,160.0,,
Swiggy,PROD088,MamyPoko Pants Diapers L-size 44,Personal Care,Baby Care,,750.0,,
Swiggy,PROD089,Whiskas Adult Cat Food Tuna 1.2kg,Pet Care,Pet Care,,550.0,,
Swiggy,PROD090,Fresh Green Chilli 100g,Fruits & Vegetables,Vegetables,,10.0,,
Swiggy,PROD091,Amul Kool Kesar 200ml,Dairy & Breakfast,Milk,,25.0,,
Swiggy,PROD092,Britannia Good Day Butter Cookies,Dairy & Breakfast,Butter & Ghee,,20.0,,
Swiggy,PROD093,Yippee Magic Masala Noodles,Instant & Frozen Foods,Instant Noodles,,14.0,,
Swiggy,PROD094,Red Bull Energy Drink 250ml,Snacks & Beverages,Soft Drinks,,125.0,,
Swiggy,PROD095,Uncle Chipps Spicy Treat,Snacks & Beverages,Chips,,20.0,,
Swiggy,PROD096,Tide Plus Jasmine & Rose 1kg,Household,Detergent,,110.0,,
Swiggy,PROD097,Sensodyne Fresh Gel Toothpaste 75g,Personal Care,Oral Care,,130.0,,
Swiggy,PROD098,Fresh Cucumber 500g,Fruits & Vegetables,Vegetables,,25.0,,
Swiggy,PROD099,Fresh Guava 1kg,Fruits & Vegetables,Fruits,,80.0,,
Swiggy,PROD100,Amul Gold Full Cream Milk 500ml,Dairy & Breakfast,Milk,,33.0,,
Swiggy,PROD101,English Oven Brown Bread,Dairy & Breakfast,Bread,,55.0,,
Swiggy,PROD102,Patanjali Dant Kanti Toothpaste 100g,Personal Care,Oral Care,,50.0,,
Swiggy,PROD103,Parachute Coconut Oil 500ml,Personal Care,Hair Care,,215.0,,
Swiggy,PROD104,Dabur Honey 500g,Grocery & Staples,Sugar,,220.0,,
Swiggy,PROD105,Paper Boat Aamras Juice 200ml,Snacks & Beverages,Juices,,30.0,,
Swiggy,PROD106,Hide & Seek Chocolate Chip Cookies,Snacks & Beverages,Biscuits,,30.0,,
Swiggy,PROD107,Rin Detergent Bar 250g,Household,Detergent,,20.0,,
Swiggy,PROD108,Santoor Sandal & Turmeric Soap 125g,Grocery & Staples,Spices,,40.0,,
Swiggy,PROD109,Clinic Plus Strong & Long Shampoo 175ml,Personal Care,Shampoo,,99.0,,
Swiggy,PROD110,Vim Dishwash Bar Lemon,Household,Dishwash,,10.0,,
Swiggy,PROD111,Colin Glass Cleaner 500ml,Household,Floor Cleaner,,96.0,,
Swiggy,PROD112,Ganesh Bhel,Snacks & Beverages,Chips,,45.0,,
Swiggy,PROD113,Act II Popcorn Butter Lovers,Dairy & Breakfast,Butter & Ghee,,30.0,,
Swiggy,PROD114,Too Yumm Karare,Snacks & Beverages,Chips,,20.0,,
Swiggy,PROD115,Hersheys Chocolate Syrup 623g,Snacks & Beverages,Chocolates,,250.0,,
Swiggy,PROD116,Weikfield Baking Powder 100g,Grocery & Staples,Spices,,40.0,,
Swiggy,PROD117,Tata Sampann Besan 500g,Grocery & Staples,Flour,,65.0,,
Swiggy,PROD118,Rajdhani Besan 1kg,Grocery & Staples,Flour,,120.0,,
Swiggy,PROD119,Organic Tattva Brown Rice 1kg,Grocery & Staples,Rice,,150.0,,
Swiggy,PROD120,24 Mantra Organic Toor Dal 1kg,Grocery & Staples,Pulses,,210.0,,
Swiggy,PROD121,Epigamia Greek Yogurt Strawberry,Fruits & Vegetables,Fruits,,45.0,,
Swiggy,PROD122,The Whole Truth Protein Bar,Uncategorized,Uncategorized,,100.0,,
Swiggy,PROD123,Raw Pressery Cold Pressed Juice 250ml,Snacks & Beverages,Juices,,150.0,,
Swiggy,PROD124,Sleepy Owl Cold Brew Coffee,Snacks & Beverages,Coffee,,120.0,,
Swiggy,PROD125,Blue Tokai Coffee Roasters,Snacks & Beverages,Coffee,,450.0,,
Swiggy,PROD126,L'Oreal Paris Total Repair 5 Shampoo,Personal Care,Shampoo,,165.0,,
Swiggy,PROD127,Nivea Men Fresh Active Deodorant,Personal Care,Deodorant,,199.0,,
Swiggy,PROD128,Gillette Mach3 Turbo Razor,Personal Care,Skin Care,,299.0,,
Swiggy,PROD129,Veet Hair Removal Cream,Personal Care,Skin Care,,80.0,,
Swiggy,PROD130,Stayfree Secure XL Wings 20 pads,Personal Care,Feminine Hygiene,,90.0,,
Swiggy,PROD131,Himalaya Purifying Neem Face Wash,Personal Care,Skin Care,,140.0,,
Swiggy,PROD132,Vaseline Intensive Care Body Lotion,Personal Care,Skin Care,,250.0,,
Swiggy,PROD133,Borges Olive Oil Extra Light 1L,Grocery & Staples,Edible Oil,,950.0,,
Swiggy,PROD134,Figaro Olive Oil 500ml,Grocery & Staples,Edible Oil,,550.0,,
Swiggy,PROD135,Del Monte Penne Pasta 500g,Instant & Frozen Foods,Instant Noodles,,120.0,,
Swiggy,PROD136,Veeba Pasta & Pizza Sauce,Instant & Frozen Foods,Instant Noodles,,99.0,,
Swiggy,PROD137,Ching's Secret Schezwan Chutney,Grocery & Staples,Sauces & Spreads,,85.0,,
Swiggy,PROD138,Knorr Classic Tomato Soup,Fruits & Vegetables,Vegetables,,60.0,,
Swiggy,PROD139,Amul Dark Chocolate 150g,Snacks & Beverages,Chocolates,,120.0,,
Swiggy,PROD140,Lindt Excellence 90% Cocoa,Snacks & Beverages,Chocolates,,450.0,,
Swiggy,PROD141,Fresh Broccoli 1pc,Fruits & Vegetables,Vegetables,,70.0,,
Swiggy,PROD142,Zespri SunGold Kiwifruit 3pc,Fruits & Vegetables,Fruits,,150.0,,
Swiggy,PROD143,Imported Avocado 1pc,Fruits & Vegetables,Fruits,,250.0,,
Swiggy,PROD144,Drools Adult Dog Food Chicken & Egg 3kg,Pet Care,Pet Food,,650.0,,
Swiggy,PROD145,Huggies Wonder Pants M-size 42,Personal Care,Baby Care,,650.0,,
Swiggy,PROD146,Himalaya Baby Wipes 72s,Personal Care,Baby Care,,180.0,,
Swiggy,PROD147,Comfort After Wash Fabric Conditioner,Personal Care,Shampoo,,220.0,,
Swiggy,PROD148,Vanish Oxi Action Stain Remover,Household,Detergent,,150.0,,
Swiggy,PROD149,Baygon All Insect Killer Spray,Household,Insect Repellent,,130.0,,
Swiggy,PROD150,Duracell Ultra AA Batteries 4-pack,Household,Batteries,,180.0,,
