platform,customer_id,customer_city,customer_state,customer_pincode,customer_registration_date,customer_segment
Zepto,C00001,Delhi,Delhi,,2024-11-23,
Zepto,C00002,Delhi,Delhi,,2023-08-12,
Zepto,C00003,Jaipur,Rajasthan,,2024-03-05,
Zepto,C00004,Bengaluru,Karnataka,,2024-12-15,
Zepto,C00005,Delhi,Delhi,,2023-04-05,
Zepto,C00006,Chennai,Tamil Nadu,,2023-02-14,
Zepto,C00007,Delhi,Delhi,,2024-07-19,
Zepto,C00008,Mumbai,Maharashtra,,2024-11-08,
Zepto,C00009,Kolkata,West Bengal,,2023-10-12,
Zepto,C00010,Chennai,Tamil Nadu,,2024-12-19,
Zepto,C00011,Bengaluru,Karnataka,,2024-04-18,
Zepto,C00012,Mumbai,Maharashtra,,2023-08-23,
Zepto,C00013,Lucknow,Uttar Pradesh,,2023-11-19,
Zepto,C00014,Ahmedabad,Gujarat,,2023-05-27,
Zepto,C00015,Chennai,Tamil Nadu,,2024-08-21,
Zepto,C00016,Jaipur,Rajasthan,,2024-05-20,
Zepto,C00017,Kolkata,West Bengal,,2024-09-02,
Zepto,C00018,Jaipur,Rajasthan,,2023-09-15,
Zepto,C00019,Chennai,Tamil Nadu,,2024-10-18,
Zepto,C00020,Mumbai,Maharashtra,,2023-09-27,
Zepto,C00021,Chennai,Tamil Nadu,,2024-10-16,
Zepto,C00022,Jaipur,Rajasthan,,2024-06-27,
Zepto,C00023,Pune,Maharashtra,,2023-11-11,
Zepto,C00024,Delhi,Delhi,,2024-05-12,
Zepto,C00025,Jaipur,Rajasthan,,2023-06-19,
Zepto,C00026,Jaipur,Rajasthan,,2024-12-07,
Zepto,C00027,Pune,Maharashtra,,2024-03-24,
Zepto,C00028,Pune,Maharashtra,,2023-01-22,
Zepto,C00029,Delhi,Delhi,,2024-12-25,
Zepto,C00030,Delhi,Delhi,,2024-06-10,
Zepto,C00031,Lucknow,Uttar Pradesh,,2024-08-13,
Zepto,C00032,Delhi,Delhi,,2023-04-10,
Zepto,C00033,Delhi,Delhi,,2023-03-04,
Zepto,C00034,Jaipur,Rajasthan,,2024-04-04,
Zepto,C00035,Delhi,Delhi,,2024-03-29,
Zepto,C00036,Mumbai,Maharashtra,,2023-04-06,
Zepto,C00037,Kolkata,West Bengal,,2023-03-02,
Zepto,C00038,Ahmedabad,Gujarat,,2023-10-20,
Zepto,C00039,Hyderabad,Telangana,,2023-03-01,
Zepto,C00040,Mumbai,Maharashtra,,2024-08-21,
Zepto,C00041,Delhi,Delhi,,2023-07-10,
Zepto,C00042,Kolkata,West Bengal,,2023-05-03,
Zepto,C00043,Delhi,Delhi,,2024-03-05,
Zepto,C00044,Hyderabad,Telangana,,2024-11-16,
Zepto,C00045,Chennai,Tamil Nadu,,2024-04-13,
Zepto,C00046,Delhi,Delhi,,2023-03-17,
Zepto,C00047,Delhi,Delhi,,2023-09-08,
Zepto,C00048,Chennai,Tamil Nadu,,2024-09-18,
Zepto,C00049,Delhi,Delhi,,2023-05-18,
Zepto,C00050,Chennai,Tamil Nadu,,2023-10-16,
Zepto,C00051,Chennai,Tamil Nadu,,2024-06-01,
Zepto,C00052,Chennai,Tamil Nadu,,2023-02-15,
Zepto,C00053,Bengaluru,Karnataka,,2024-03-28,
Zepto,C00054,Bengaluru,Karnataka,,2024-07-12,
Zepto,C00055,Bengaluru,Karnataka,,2023-02-12,
Zepto,C00056,Hyderabad,Telangana,,2024-11-13,
Zepto,C00057,Lucknow,Uttar Pradesh,,2023-06-08,
Zepto,C00058,Bengaluru,Karnataka,,2023-12-07,
Zepto,C00059,Kolkata,West Bengal,,2023-02-09,
Zepto,C00060,Pune,Maharashtra,,2023-11-09,
Zepto,C00061,Pune,Maharashtra,,2023-10-13,
Zepto,C00062,Jaipur,Rajasthan,,2023-12-06,
Zepto,C00063,Mumbai,Maharashtra,,2023-04-22,
Zepto,C00064,Kolkata,West Bengal,,2024-09-12,
Zepto,C00065,Chennai,Tamil Nadu,,2023-02-15,
Zepto,C00066,Hyderabad,Telangana,,2024-01-08,
Zepto,C00067,Delhi,Delhi,,2023-11-04,
Zepto,C00068,Jaipur,Rajasthan,,2023-05-11,
Zepto,C00069,Lucknow,Uttar Pradesh,,2024-08-05,
Zepto,C00070,Chennai,Tamil Nadu,,2023-08-04,
Zepto,C00071,Ahmedabad,Gujarat,,2024-03-28,
Zepto,C00072,Delhi,Delhi,,2023-10-18,
Zepto,C00073,Chennai,Tamil Nadu,,2023-08-19,
Zepto,C00074,Lucknow,Uttar Pradesh,,2023-03-16,
Zepto,C00075,Ahmedabad,Gujarat,,2024-02-14,
Zepto,C00076,Kolkata,West Bengal,,2023-08-13,
Zepto,C00077,Delhi,Delhi,,2024-04-12,
Zepto,C00078,Pune,Maharashtra,,2024-03-29,
Zepto,C00079,Ahmedabad,Gujarat,,2023-06-12,
Zepto,C00080,Chennai,Tamil Nadu,,2024-06-17,
Zepto,C00081,Hyderabad,Telangana,,2023-10-06,
Zepto,C00082,Hyderabad,Telangana,,2024-01-28,
Zepto,C00083,Jaipur,Rajasthan,,2024-04-22,
Zepto,C00084,Lucknow,Uttar Pradesh,,2024-12-13,
Zepto,C00085,Chennai,Tamil Nadu,,2024-02-04,
Zepto,C00086,Ahmedabad,Gujarat,,2023-08-13,
Zepto,C00087,Kolkata,West Bengal,,2023-06-19,
Zepto,C00088,Lucknow,Uttar Pradesh,,2024-07-31,
Zepto,C00089,Bengaluru,Karnataka,,2023-02-21,
Zepto,C00090,Pune,Maharashtra,,2024-01-24,
Zepto,C00091,Mumbai,Maharashtra,,2024-07-06,
Zepto,C00092,Mumbai,Maharashtra,,2023-02-01,
Zepto,C00093,Bengaluru,Karnataka,,2024-04-29,
Zepto,C00094,Pune,Maharashtra,,2023-06-21,
Zepto,C00095,Chennai,Tamil Nadu,,2023-04-21,
Zepto,C00096,Kolkata,West Bengal,,2023-07-23,
Zepto,C00097,Lucknow,Uttar Pradesh,,2023-05-04,
Zepto,C00098,Pune,Maharashtra,,2023-03-12,
Zepto,C00099,Delhi,Delhi,,2024-03-19,
Zepto,C00100,Chennai,Tamil Nadu,,2024-09-22,
Zepto,C00101,Chennai,Tamil Nadu,,2023-11-27,
Zepto,C00102,Ahmedabad,Gujarat,,2024-08-06,
Zepto,C00103,Bengaluru,Karnataka,,2024-05-14,
Zepto,C00104,Chennai,Tamil Nadu,,2024-07-23,
Zepto,C00105,Ahmedabad,Gujarat,,2024-07-22,
Zepto,C00106,Delhi,Delhi,,2023-10-29,
Zepto,C00107,Pune,Maharashtra,,2024-04-29,
Zepto,C00108,Pune,Maharashtra,,2023-12-27,
Zepto,C00109,Hyderabad,Telangana,,2023-11-20,
Zepto,C00110,Chennai,Tamil Nadu,,2024-08-26,
Zepto,C00111,Chennai,Tamil Nadu,,2023-08-21,
Zepto,C00112,Bengaluru,Karnataka,,2023-10-08,
Zepto,C00113,Ahmedabad,Gujarat,,2023-04-16,
Zepto,C00114,Pune,Maharashtra,,2023-07-08,
Zepto,C00115,Kolkata,West Bengal,,2024-05-18,
Zepto,C00116,Chennai,Tamil Nadu,,2023-03-29,
Zepto,C00117,Lucknow,Uttar Pradesh,,2024-09-25,
Zepto,C00118,Chennai,Tamil Nadu,,2024-08-25,
Zepto,C00119,Delhi,Delhi,,2023-08-01,
Zepto,C00120,Jaipur,Rajasthan,,2023-03-18,
Zepto,C00121,Ahmedabad,Gujarat,,2023-10-26,
Zepto,C00122,Delhi,Delhi,,2024-12-04,
Zepto,C00123,Kolkata,West Bengal,,2023-04-28,
Zepto,C00124,Delhi,Delhi,,2023-03-03,
Zepto,C00125,Chennai,Tamil Nadu,,2024-03-25,
Zepto,C00126,Jaipur,Rajasthan,,2024-07-06,
Zepto,C00127,Pune,Maharashtra,,2024-09-10,
Zepto,C00128,Lucknow,Uttar Pradesh,,2023-01-22,
Zepto,C00129,Ahmedabad,Gujarat,,2024-06-15,
Zepto,C00130,Ahmedabad,Gujarat,,2023-04-04,
Zepto,C00131,Delhi,Delhi,,2023-06-14,
Zepto,C00132,Jaipur,Rajasthan,,2023-02-07,
Zepto,C00133,Kolkata,West Bengal,,2024-06-10,
Zepto,C00134,Jaipur,Rajasthan,,2024-01-06,
Zepto,C00135,Chennai,Tamil Nadu,,2024-07-16,
Zepto,C00136,Delhi,Delhi,,2023-01-30,
Zepto,C00137,Jaipur,Rajasthan,,2024-02-22,
Zepto,C00138,Bengaluru,Karnataka,,2024-05-25,
Zepto,C00139,Ahmedabad,Gujarat,,2023-09-07,
Zepto,C00140,Jaipur,Rajasthan,,2023-05-20,
Zepto,C00141,Chennai,Tamil Nadu,,2023-01-03,
Zepto,C00142,Ahmedabad,Gujarat,,2023-06-02,
Zepto,C00143,Jaipur,Rajasthan,,2024-01-22,
Zepto,C00144,Lucknow,Uttar Pradesh,,2024-01-28,
Zepto,C00145,Kolkata,West Bengal,,2024-01-31,
Zepto,C00146,Pune,Maharashtra,,2023-04-13,
Zepto,C00147,Bengaluru,Karnataka,,2024-02-24,
Zepto,C00148,Pune,Maharashtra,,2024-09-30,
Zepto,C00149,Kolkata,West Bengal,,2023-11-21,
Zepto,C00150,Chennai,Tamil Nadu,,2023-08-21,
Zepto,C00151,Ahmedabad,Gujarat,,2023-06-20,
Zepto,C00152,Chennai,Tamil Nadu,,2024-01-03,
Zepto,C00153,Lucknow,Uttar Pradesh,,2024-11-29,
Zepto,C00154,Lucknow,Uttar Pradesh,,2024-11-30,
Zepto,C00155,Chennai,Tamil Nadu,,2024-04-15,
Zepto,C00156,Bengaluru,Karnataka,,2023-03-17,
Zepto,C00157,Chennai,Tamil Nadu,,2024-04-12,
Zepto,C00158,Hyderabad,Telangana,,2024-01-26,
Zepto,C00159,Mumbai,Maharashtra,,2024-11-05,
Zepto,C00160,Lucknow,Uttar Pradesh,,2024-05-23,
Zepto,C00161,Hyderabad,Telangana,,2024-09-27,
Zepto,C00162,Mumbai,Maharashtra,,2023-11-13,
Zepto,C00163,Delhi,Delhi,,2023-10-30,
Zepto,C00164,Pune,Maharashtra,,2024-06-27,
Zepto,C00165,Chennai,Tamil Nadu,,2023-12-13,
Zepto,C00166,Kolkata,West Bengal,,2024-07-24,
Zepto,C00167,Delhi,Delhi,,2024-04-10,
Zepto,C00168,Pune,Maharashtra,,2023-04-21,
Zepto,C00169,Pune,Maharashtra,,2024-09-16,
Zepto,C00170,Kolkata,West Bengal,,2023-04-30,
Zepto,C00171,Delhi,Delhi,,2023-04-10,
Zepto,C00172,Jaipur,Rajasthan,,2024-03-05,
Zepto,C00173,Lucknow,Uttar Pradesh,,2024-02-22,
Zepto,C00174,Hyderabad,Telangana,,2024-01-07,
Zepto,C00175,Pune,Maharashtra,,2023-03-04,
Zepto,C00176,Delhi,Delhi,,2024-11-09,
Zepto,C00177,Hyderabad,Telangana,,2023-05-09,
Zepto,C00178,Hyderabad,Telangana,,2024-08-23,
Zepto,C00179,Mumbai,Maharashtra,,2023-10-11,
Zepto,C00180,Delhi,Delhi,,2024-11-07,
Zepto,C00181,Lucknow,Uttar Pradesh,,2023-11-28,
Zepto,C00182,Jaipur,Rajasthan,,2023-04-27,
Zepto,C00183,Lucknow,Uttar Pradesh,,2023-04-22,
Zepto,C00184,Jaipur,Rajasthan,,2023-11-05,
Zepto,C00185,Kolkata,West Bengal,,2024-12-03,
Zepto,C00186,Pune,Maharashtra,,2024-09-14,
Zepto,C00187,Lucknow,Uttar Pradesh,,2024-07-15,
Zepto,C00188,Jaipur,Rajasthan,,2024-09-11,
Zepto,C00189,Jaipur,Rajasthan,,2023-08-09,
Zepto,C00190,Kolkata,West Bengal,,2024-03-01,
Zepto,C00191,Pune,Maharashtra,,2023-06-06,
Zepto,C00192,Kolkata,West Bengal,,2023-04-09,
Zepto,C00193,Jaipur,Rajasthan,,2023-12-04,
Zepto,C00194,Mumbai,Maharashtra,,2023-10-22,
Zepto,C00195,Hyderabad,Telangana,,2023-06-08,
Zepto,C00196,Pune,Maharashtra,,2023-04-28,
Zepto,C00197,Lucknow,Uttar Pradesh,,2024-09-20,
Zepto,C00198,Mumbai,Maharashtra,,2023-07-04,
Zepto,C00199,Bengaluru,Karnataka,,2024-08-02,
Zepto,C00200,Delhi,Delhi,,2024-06-27,
Zepto,C00201,Pune,Maharashtra,,2023-11-16,
Zepto,C00202,Bengaluru,Karnataka,,2023-06-11,
Zepto,C00203,Kolkata,West Bengal,,2024-05-12,
Zepto,C00204,Delhi,Delhi,,2023-12-20,
Zepto,C00205,Ahmedabad,Gujarat,,2024-06-23,
Zepto,C00206,Mumbai,Maharashtra,,2023-01-08,
Zepto,C00207,Chennai,Tamil Nadu,,2023-12-02,
Zepto,C00208,Bengaluru,Karnataka,,2024-01-25,
Zepto,C00209,Pune,Maharashtra,,2023-03-15,
Zepto,C00210,Pune,Maharashtra,,2024-08-12,
Zepto,C00211,Chennai,Tamil Nadu,,2023-04-28,
Zepto,C00212,Ahmedabad,Gujarat,,2024-12-07,
Zepto,C00213,Kolkata,West Bengal,,2024-08-26,
Zepto,C00214,Pune,Maharashtra,,2023-08-15,
Zepto,C00215,Jaipur,Rajasthan,,2024-06-06,
Zepto,C00216,Bengaluru,Karnataka,,2023-08-30,
Zepto,C00217,Bengaluru,Karnataka,,2024-11-02,
Zepto,C00218,Lucknow,Uttar Pradesh,,2024-04-04,
Zepto,C00219,Pune,Maharashtra,,2023-06-04,
Zepto,C00220,Chennai,Tamil Nadu,,2024-08-28,
Zepto,C00221,Ahmedabad,Gujarat,,2023-02-08,
Zepto,C00222,Lucknow,Uttar Pradesh,,2024-08-31,
Zepto,C00223,Ahmedabad,Gujarat,,2024-08-08,
Zepto,C00224,Mumbai,Maharashtra,,2024-04-06,
Zepto,C00225,Mumbai,Maharashtra,,2023-09-11,
Zepto,C00226,Pune,Maharashtra,,2024-01-17,
Zepto,C00227,Mumbai,Maharashtra,,2024-10-08,
Zepto,C00228,Chennai,Tamil Nadu,,2023-09-16,
Zepto,C00229,Bengaluru,Karnataka,,2023-12-25,
Zepto,C00230,Chennai,Tamil Nadu,,2024-07-26,
Zepto,C00231,Delhi,Delhi,,2024-10-23,
Zepto,C00232,Bengaluru,Karnataka,,2023-08-08,
Zepto,C00233,Bengaluru,Karnataka,,2023-03-21,
Zepto,C00234,Mumbai,Maharashtra,,2024-11-08,
Zepto,C00235,Bengaluru,Karnataka,,2023-07-05,
Zepto,C00236,Hyderabad,Telangana,,2024-03-30,
Zepto,C00237,Chennai,Tamil Nadu,,2024-04-25,
Zepto,C00238,Chennai,Tamil Nadu,,2024-01-27,
Zepto,C00239,Lucknow,Uttar Pradesh,,2023-05-22,
Zepto,C00240,Delhi,Delhi,,2024-12-29,
Zepto,C00241,Chennai,Tamil Nadu,,2024-04-05,
Zepto,C00242,Ahmedabad,Gujarat,,2023-12-24,
Zepto,C00243,Hyderabad,Telangana,,2024-01-31,
Zepto,C00244,Pune,Maharashtra,,2023-05-30,
Zepto,C00245,Bengaluru,Karnataka,,2024-12-23,
Zepto,C00246,Chennai,Tamil Nadu,,2023-08-09,
Zepto,C00247,Chennai,Tamil Nadu,,2023-09-01,
Zepto,C00248,Lucknow,Uttar Pradesh,,2024-04-13,
Zepto,C00249,Jaipur,Rajasthan,,2024-08-11,
Zepto,C00250,Pune,Maharashtra,,2023-09-04,
Zepto,C00251,Jaipur,Rajasthan,,2024-01-05,
Zepto,C00252,Jaipur,Rajasthan,,2023-01-21,
Zepto,C00253,Chennai,Tamil Nadu,,2023-01-17,
Zepto,C00254,Delhi,Delhi,,2024-08-18,
Zepto,C00255,Bengaluru,Karnataka,,2024-12-02,
Zepto,C00256,Ahmedabad,Gujarat,,2023-02-07,
Zepto,C00257,Pune,Maharashtra,,2023-11-14,
Zepto,C00258,Hyderabad,Telangana,,2023-10-20,
Zepto,C00259,Kolkata,West Bengal,,2024-02-14,
Zepto,C00260,Ahmedabad,Gujarat,,2024-01-12,
Zepto,C00261,Kolkata,West Bengal,,2024-09-08,
Zepto,C00262,Pune,Maharashtra,,2024-11-07,
Zepto,C00263,Bengaluru,Karnataka,,2024-12-07,
Zepto,C00264,Lucknow,Uttar Pradesh,,2024-03-21,
Zepto,C00265,Pune,Maharashtra,,2024-06-09,
Zepto,C00266,Mumbai,Maharashtra,,2023-05-10,
Zepto,C00267,Mumbai,Maharashtra,,2024-09-11,
Zepto,C00268,Lucknow,Uttar Pradesh,,2023-05-21,
Zepto,C00269,Hyderabad,Telangana,,2023-04-27,
Zepto,C00270,Delhi,Delhi,,2023-09-26,
Zepto,C00271,Ahmedabad,Gujarat,,2023-07-24,
Zepto,C00272,Delhi,Delhi,,2024-11-29,
Zepto,C00273,Chennai,Tamil Nadu,,2023-06-11,
Zepto,C00274,Bengaluru,Karnataka,,2023-08-31,
Zepto,C00275,Ahmedabad,Gujarat,,2024-07-18,
Zepto,C00276,Ahmedabad,Gujarat,,2024-06-22,
Zepto,C00277,Delhi,Delhi,,2024-04-05,
Zepto,C00278,Lucknow,Uttar Pradesh,,2023-07-06,
Zepto,C00279,Delhi,Delhi,,2024-06-14,
Zepto,C00280,Pune,Maharashtra,,2024-06-15,
Zepto,C00281,Chennai,Tamil Nadu,,2023-05-09,
Zepto,C00282,Bengaluru,Karnataka,,2024-08-29,
Zepto,C00283,Pune,Maharashtra,,2024-07-31,
Zepto,C00284,Lucknow,Uttar Pradesh,,2023-09-29,
Zepto,C00285,Ahmedabad,Gujarat,,2024-10-04,
Zepto,C00286,Chennai,Tamil Nadu,,2024-04-09,
Zepto,C00287,Ahmedabad,Gujarat,,2023-07-28,
Zepto,C00288,Pune,Maharashtra,,2024-02-13,
Zepto,C00289,Hyderabad,Telangana,,2024-04-22,
Zepto,C00290,Mumbai,Maharashtra,,2023-10-25,
Zepto,C00291,Pune,Maharashtra,,2024-08-14,
Zepto,C00292,Ahmedabad,Gujarat,,2024-05-25,
Zepto,C00293,Jaipur,Rajasthan,,2024-04-13,
Zepto,C00294,Chennai,Tamil Nadu,,2024-05-21,
Zepto,C00295,Kolkata,West Bengal,,2023-05-18,
Zepto,C00296,Mumbai,Maharashtra,,2024-08-06,
Zepto,C00297,Kolkata,West Bengal,,2024-05-31,
Zepto,C00298,Lucknow,Uttar Pradesh,,2023-05-02,
Zepto,C00299,Jaipur,Rajasthan,,2024-01-10,
Zepto,C00300,Mumbai,Maharashtra,,2023-02-16,
Zepto,C00301,Ahmedabad,Gujarat,,2023-06-02,
Zepto,C00302,Pune,Maharashtra,,2023-06-16,
Zepto,C00303,Jaipur,Rajasthan,,2024-06-29,
Zepto,C00304,Pune,Maharashtra,,2023-12-06,
Zepto,C00305,Mumbai,Maharashtra,,2024-09-03,
Zepto,C00306,Lucknow,Uttar Pradesh,,2024-05-06,
Zepto,C00307,Mumbai,Maharashtra,,2024-08-09,
Zepto,C00308,Bengaluru,Karnataka,,2024-02-27,
Zepto,C00309,Mumbai,Maharashtra,,2024-12-23,
Zepto,C00310,Ahmedabad,Gujarat,,2024-06-22,
Zepto,C00311,Pune,Maharashtra,,2024-07-13,
Zepto,C00312,Chennai,Tamil Nadu,,2024-07-25,
Zepto,C00313,Ahmedabad,Gujarat,,2023-11-21,
Zepto,C00314,Chennai,Tamil Nadu,,2023-05-05,
Zepto,C00315,Pune,Maharashtra,,2023-05-30,
Zepto,C00316,Pune,Maharashtra,,2024-03-28,
Zepto,C00317,Chennai,Tamil Nadu,,2024-07-29,
Zepto,C00318,Hyderabad,Telangana,,2023-09-06,
Zepto,C00319,Delhi,Delhi,,2024-02-28,
Zepto,C00320,Mumbai,Maharashtra,,2024-07-17,
Zepto,C00321,Chennai,Tamil Nadu,,2023-11-25,
Zepto,C00322,Jaipur,Rajasthan,,2023-02-08,
Zepto,C00323,Kolkata,West Bengal,,2024-05-22,
Zepto,C00324,Lucknow,Uttar Pradesh,,2023-04-20,
Zepto,C00325,Jaipur,Rajasthan,,2024-05-20,
Zepto,C00326,Pune,Maharashtra,,2023-06-16,
Zepto,C00327,Chennai,Tamil Nadu,,2024-08-04,
Zepto,C00328,Pune,Maharashtra,,2023-03-30,
Zepto,C00329,Pune,Maharashtra,,2023-09-12,
Zepto,C00330,Pune,Maharashtra,,2023-11-06,
Zepto,C00331,Hyderabad,Telangana,,2023-03-05,
Zepto,C00332,Chennai,Tamil Nadu,,2024-12-07,
Zepto,C00333,Bengaluru,Karnataka,,2024-05-04,
Zepto,C00334,Ahmedabad,Gujarat,,2024-07-04,
Zepto,C00335,Jaipur,Rajasthan,,2024-04-02,
Zepto,C00336,Mumbai,Maharashtra,,2024-07-14,
Zepto,C00337,Pune,Maharashtra,,2024-06-16,
Zepto,C00338,Delhi,Delhi,,2024-06-06,
Zepto,C00339,Ahmedabad,Gujarat,,2024-07-31,
Zepto,C00340,Mumbai,Maharashtra,,2024-02-10,
Zepto,C00341,Kolkata,West Bengal,,2023-12-19,
Zepto,C00342,Ahmedabad,Gujarat,,2023-02-02,
Zepto,C00343,Kolkata,West Bengal,,2024-01-19,
Zepto,C00344,Jaipur,Rajasthan,,2023-05-17,
Zepto,C00345,Jaipur,Rajasthan,,2023-05-11,
Zepto,C00346,Jaipur,Rajasthan,,2024-03-10,
Zepto,C00347,Bengaluru,Karnataka,,2023-10-10,
Zepto,C00348,Lucknow,Uttar Pradesh,,2023-01-17,
Zepto,C00349,Ahmedabad,Gujarat,,2024-09-04,
Zepto,C00350,Jaipur,Rajasthan,,2023-08-11,
Zepto,C00351,Lucknow,Uttar Pradesh,,2023-11-23,
Zepto,C00352,Jaipur,Rajasthan,,2023-08-15,
Zepto,C00353,Bengaluru,Karnataka,,2024-10-03,
Zepto,C00354,Kolkata,West Bengal,,2024-06-21,
Zepto,C00355,Bengaluru,Karnataka,,2024-07-04,
Zepto,C00356,Ahmedabad,Gujarat,,2023-03-01,
Zepto,C00357,Kolkata,West Bengal,,2023-09-06,
Zepto,C00358,Pune,Maharashtra,,2023-04-05,
Zepto,C00359,Lucknow,Uttar Pradesh,,2023-02-10,
Zepto,C00360,Hyderabad,Telangana,,2024-05-05,
Zepto,C00361,Hyderabad,Telangana,,2023-07-14,
Zepto,C00362,Kolkata,West Bengal,,2023-09-03,
Zepto,C00363,Pune,Maharashtra,,2023-11-12,
Zepto,C00364,Delhi,Delhi,,2024-04-25,
Zepto,C00365,Lucknow,Uttar Pradesh,,2023-08-15,
Zepto,C00366,Lucknow,Uttar Pradesh,,2024-03-03,
Zepto,C00367,Lucknow,Uttar Pradesh,,2023-09-09,
Zepto,C00368,Ahmedabad,Gujarat,,2024-04-16,
Zepto,C00369,Ahmedabad,Gujarat,,2023-07-08,
Zepto,C00370,Mumbai,Maharashtra,,2023-01-07,
Zepto,C00371,Mumbai,Maharashtra,,2023-08-12,
Zepto,C00372,Lucknow,Uttar Pradesh,,2024-05-09,
Zepto,C00373,Mumbai,Maharashtra,,2023-01-18,
Zepto,C00374,Jaipur,Rajasthan,,2024-12-15,
Zepto,C00375,Bengaluru,Karnataka,,2023-09-04,
Zepto,C00376,Chennai,Tamil Nadu,,2024-02-11,
Zepto,C00377,Hyderabad,Telangana,,2023-11-04,
Zepto,C00378,Jaipur,Rajasthan,,2024-05-02,
Zepto,C00379,Pune,Maharashtra,,2024-08-02,
Zepto,C00380,Ahmedabad,Gujarat,,2023-10-05,
Zepto,C00381,Mumbai,Maharashtra,,2023-07-03,
Zepto,C00382,Delhi,Delhi,,2023-11-03,
Zepto,C00383,Jaipur,Rajasthan,,2023-12-06,
Zepto,C00384,Mumbai,Maharashtra,,2023-04-11,
Zepto,C00385,Lucknow,Uttar Pradesh,,2024-02-11,
Zepto,C00386,Ahmedabad,Gujarat,,2023-08-22,
Zepto,C00387,Kolkata,West Bengal,,2023-03-29,
Zepto,C00388,Chennai,Tamil Nadu,,2023-06-07,
Zepto,C00389,Delhi,Delhi,,2023-01-06,
Zepto,C00390,Bengaluru,Karnataka,,2023-03-31,
Zepto,C00391,Kolkata,West Bengal,,2023-04-16,
Zepto,C00392,Lucknow,Uttar Pradesh,,2023-11-29,
Zepto,C00393,Jaipur,Rajasthan,,2023-09-06,
Zepto,C00394,Bengaluru,Karnataka,,2023-10-03,
Zepto,C00395,Kolkata,West Bengal,,2023-10-10,
Zepto,C00396,Chennai,Tamil Nadu,,2023-09-10,
Zepto,C00397,Chennai,Tamil Nadu,,2023-01-07,
Zepto,C00398,Ahmedabad,Gujarat,,2023-12-09,
Zepto,C00399,Hyderabad,Telangana,,2024-05-05,
Zepto,C00400,Ahmedabad,Gujarat,,2024-08-12,
Zepto,C00401,Pune,Maharashtra,,2023-04-27,
Zepto,C00402,Jaipur,Rajasthan,,2023-01-28,
Zepto,C00403,Kolkata,West Bengal,,2024-11-20,
Zepto,C00404,Bengaluru,Karnataka,,2024-03-09,
Zepto,C00405,Lucknow,Uttar Pradesh,,2024-02-15,
Zepto,C00406,Jaipur,Rajasthan,,2024-08-31,
Zepto,C00407,Bengaluru,Karnataka,,2024-10-24,
Zepto,C00408,Kolkata,West Bengal,,2023-12-06,
Zepto,C00409,Jaipur,Rajasthan,,2024-06-15,
Zepto,C00410,Kolkata,West Bengal,,2024-04-19,
Zepto,C00411,Ahmedabad,Gujarat,,2023-04-18,
Zepto,C00412,Pune,Maharashtra,,2023-11-16,
Zepto,C00413,Ahmedabad,Gujarat,,2023-04-10,
Zepto,C00414,Delhi,Delhi,,2023-01-24,
Zepto,C00415,Jaipur,Rajasthan,,2023-06-28,
Zepto,C00416,Hyderabad,Telangana,,2024-02-19,
Zepto,C00417,Hyderabad,Telangana,,2024-04-05,
Zepto,C00418,Hyderabad,Telangana,,2023-10-13,
Zepto,C00419,Bengaluru,Karnataka,,2024-01-10,
Zepto,C00420,Ahmedabad,Gujarat,,2024-06-24,
Zepto,C00421,Delhi,Delhi,,2023-12-23,
Zepto,C00422,Lucknow,Uttar Pradesh,,2024-08-27,
Zepto,C00423,Delhi,Delhi,,2023-07-07,
Zepto,C00424,Bengaluru,Karnataka,,2024-08-11,
Zepto,C00425,Bengaluru,Karnataka,,2024-07-22,
Zepto,C00426,Ahmedabad,Gujarat,,2024-09-26,
Zepto,C00427,Kolkata,West Bengal,,2024-07-29,
Zepto,C00428,Ahmedabad,Gujarat,,2024-05-15,
Zepto,C00429,Chennai,Tamil Nadu,,2023-02-03,
Zepto,C00430,Lucknow,Uttar Pradesh,,2024-05-22,
Zepto,C00431,Jaipur,Rajasthan,,2024-01-11,
Zepto,C00432,Delhi,Delhi,,2024-10-31,
Zepto,C00433,Delhi,Delhi,,2024-03-25,
Zepto,C00434,Pune,Maharashtra,,2024-12-28,
Zepto,C00435,Hyderabad,Telangana,,2023-03-02,
Zepto,C00436,Bengaluru,Karnataka,,2023-11-28,
Zepto,C00437,Delhi,Delhi,,2023-05-19,
Zepto,C00438,Bengaluru,Karnataka,,2023-09-13,
Zepto,C00439,Ahmedabad,Gujarat,,2023-05-26,
Zepto,C00440,Delhi,Delhi,,2024-02-17,
Zepto,C00441,Pune,Maharashtra,,2024-08-18,
Zepto,C00442,Delhi,Delhi,,2024-07-01,
Zepto,C00443,Chennai,Tamil Nadu,,2023-11-27,
Zepto,C00444,Ahmedabad,Gujarat,,2023-12-18,
Zepto,C00445,Mumbai,Maharashtra,,2023-05-08,
Zepto,C00446,Hyderabad,Telangana,,2024-12-06,
Zepto,C00447,Delhi,Delhi,,2024-11-01,
Zepto,C00448,Bengaluru,Karnataka,,2023-02-23,
Zepto,C00449,Delhi,Delhi,,2023-01-02,
Zepto,C00450,Jaipur,Rajasthan,,2024-11-27,
Zepto,C00451,Kolkata,West Bengal,,2024-12-11,
Zepto,C00452,Delhi,Delhi,,2023-04-16,
Zepto,C00453,Bengaluru,Karnataka,,2023-03-12,
Zepto,C00454,Ahmedabad,Gujarat,,2023-12-26,
Zepto,C00455,Hyderabad,Telangana,,2023-03-30,
Zepto,C00456,Pune,Maharashtra,,2024-03-15,
Zepto,C00457,Hyderabad,Telangana,,2024-07-20,
Zepto,C00458,Chennai,Tamil Nadu,,2023-07-30,
Zepto,C00459,Chennai,Tamil Nadu,,2024-10-23,
Zepto,C00460,Ahmedabad,Gujarat,,2024-10-15,
Zepto,C00461,Pune,Maharashtra,,2023-11-21,
Zepto,C00462,Bengaluru,Karnataka,,2024-04-27,
Zepto,C00463,Hyderabad,Telangana,,2023-02-10,
Zepto,C00464,Kolkata,West Bengal,,2024-03-09,
Zepto,C00465,Chennai,Tamil Nadu,,2023-03-27,
Zepto,C00466,Jaipur,Rajasthan,,2023-12-01,
Zepto,C00467,Hyderabad,Telangana,,2023-03-01,
Zepto,C00468,Lucknow,Uttar Pradesh,,2023-02-26,
Zepto,C00469,Mumbai,Maharashtra,,2023-06-17,
Zepto,C00470,Bengaluru,Karnataka,,2024-01-16,
Zepto,C00471,Pune,Maharashtra,,2024-03-15,
Zepto,C00472,Delhi,Delhi,,2024-05-23,
Zepto,C00473,Bengaluru,Karnataka,,2024-01-12,
Zepto,C00474,Hyderabad,Telangana,,2024-06-05,
Zepto,C00475,Pune,Maharashtra,,2024-01-28,
Zepto,C00476,Kolkata,West Bengal,,2023-08-18,
Zepto,C00477,Chennai,Tamil Nadu,,2023-03-21,
Zepto,C00478,Bengaluru,Karnataka,,2023-08-17,
Zepto,C00479,Chennai,Tamil Nadu,,2023-11-15,
Zepto,C00480,Hyderabad,Telangana,,2023-10-26,
Zepto,C00481,Ahmedabad,Gujarat,,2023-07-20,
Zepto,C00482,Mumbai,Maharashtra,,2023-08-27,
Zepto,C00483,Kolkata,West Bengal,,2023-11-11,
Zepto,C00484,Ahmedabad,Gujarat,,2023-03-03,
Zepto,C00485,Jaipur,Rajasthan,,2024-02-27,
Zepto,C00486,Bengaluru,Karnataka,,2024-10-14,
Zepto,C00487,Bengaluru,Karnataka,,2023-08-31,
Zepto,C00488,Pune,Maharashtra,,2023-11-22,
Zepto,C00489,Bengaluru,Karnataka,,2024-08-21,
Zepto,C00490,Pune,Maharashtra,,2024-02-21,
Zepto,C00491,Ahmedabad,Gujarat,,2023-11-12,
Zepto,C00492,Lucknow,Uttar Pradesh,,2023-02-11,
Zepto,C00493,Pune,Maharashtra,,2024-02-10,
Zepto,C00494,Mumbai,Maharashtra,,2024-02-19,
Zepto,C00495,Delhi,Delhi,,2023-05-24,
Zepto,C00496,Bengaluru,Karnataka,,2023-07-22,
Zepto,C00497,Delhi,Delhi,,2023-01-23,
Zepto,C00498,Pune,Maharashtra,,2023-05-06,
Zepto,C00499,Kolkata,West Bengal,,2024-02-09,
Zepto,C00500,Pune,Maharashtra,,2023-08-08,
Zepto,C00501,Mumbai,Maharashtra,,2024-09-20,
Zepto,C00502,Kolkata,West Bengal,,2024-07-17,
Zepto,C00503,Kolkata,West Bengal,,2023-07-24,
Zepto,C00504,Pune,Maharashtra,,2024-05-06,
Zepto,C00505,Pune,Maharashtra,,2024-02-02,
Zepto,C00506,Mumbai,Maharashtra,,2023-10-15,
Zepto,C00507,Hyderabad,Telangana,,2023-06-13,
Zepto,C00508,Hyderabad,Telangana,,2024-08-12,
Zepto,C00509,Pune,Maharashtra,,2024-12-15,
Zepto,C00510,Lucknow,Uttar Pradesh,,2024-07-31,
Zepto,C00511,Jaipur,Rajasthan,,2023-11-13,
Zepto,C00512,Lucknow,Uttar Pradesh,,2023-08-13,
Zepto,C00513,Hyderabad,Telangana,,2023-05-14,
Zepto,C00514,Lucknow,Uttar Pradesh,,2024-12-22,
Zepto,C00515,Pune,Maharashtra,,2024-12-22,
Zepto,C00516,Bengaluru,Karnataka,,2023-06-11,
Zepto,C00517,Lucknow,Uttar Pradesh,,2024-01-01,
Zepto,C00518,Bengaluru,Karnataka,,2023-07-01,
Zepto,C00519,Mumbai,Maharashtra,,2023-07-06,
Zepto,C00520,Ahmedabad,Gujarat,,2023-05-25,
Zepto,C00521,Bengaluru,Karnataka,,2024-10-13,
Zepto,C00522,Hyderabad,Telangana,,2024-12-10,
Zepto,C00523,Mumbai,Maharashtra,,2024-01-31,
Zepto,C00524,Kolkata,West Bengal,,2023-12-26,
Zepto,C00525,Hyderabad,Telangana,,2023-06-16,
Zepto,C00526,Chennai,Tamil Nadu,,2023-04-18,
Zepto,C00527,Delhi,Delhi,,2024-07-14,
Zepto,C00528,Mumbai,Maharashtra,,2024-03-17,
Zepto,C00529,Pune,Maharashtra,,2023-07-30,
Zepto,C00530,Chennai,Tamil Nadu,,2024-11-07,
Zepto,C00531,Lucknow,Uttar Pradesh,,2024-07-16,
Zepto,C00532,Delhi,Delhi,,2023-10-29,
Zepto,C00533,Bengaluru,Karnataka,,2024-10-15,
Zepto,C00534,Kolkata,West Bengal,,2024-04-27,
Zepto,C00535,Bengaluru,Karnataka,,2024-01-15,
Zepto,C00536,Ahmedabad,Gujarat,,2024-04-21,
Zepto,C00537,Delhi,Delhi,,2023-03-29,
Zepto,C00538,Hyderabad,Telangana,,2024-07-20,
Zepto,C00539,Ahmedabad,Gujarat,,2024-08-09,
Zepto,C00540,Jaipur,Rajasthan,,2024-08-07,
Zepto,C00541,Bengaluru,Karnataka,,2023-06-21,
Zepto,C00542,Kolkata,West Bengal,,2023-07-26,
Zepto,C00543,Delhi,Delhi,,2024-02-02,
Zepto,C00544,Jaipur,Rajasthan,,2024-04-14,
Zepto,C00545,Delhi,Delhi,,2024-02-29,
Zepto,C00546,Delhi,Delhi,,2024-07-30,
Zepto,C00547,Chennai,Tamil Nadu,,2024-01-28,
Zepto,C00548,Chennai,Tamil Nadu,,2024-02-17,
Zepto,C00549,Mumbai,Maharashtra,,2024-02-10,
Zepto,C00550,Pune,Maharashtra,,2023-01-21,
Zepto,C00551,Delhi,Delhi,,2023-08-22,
Zepto,C00552,Chennai,Tamil Nadu,,2024-03-02,
Zepto,C00553,Ahmedabad,Gujarat,,2024-06-12,
Zepto,C00554,Chennai,Tamil Nadu,,2024-12-27,
Zepto,C00555,Lucknow,Uttar Pradesh,,2023-01-30,
Zepto,C00556,Mumbai,Maharashtra,,2024-04-12,
Zepto,C00557,Jaipur,Rajasthan,,2024-02-11,
Zepto,C00558,Ahmedabad,Gujarat,,2023-07-01,
Zepto,C00559,Chennai,Tamil Nadu,,2024-12-06,
Zepto,C00560,Lucknow,Uttar Pradesh,,2023-08-08,
Zepto,C00561,Jaipur,Rajasthan,,2023-01-21,
Zepto,C00562,Mumbai,Maharashtra,,2023-08-18,
Zepto,C00563,Chennai,Tamil Nadu,,2024-03-09,
Zepto,C00564,Chennai,Tamil Nadu,,2024-11-24,
Zepto,C00565,Jaipur,Rajasthan,,2024-11-09,
Zepto,C00566,Delhi,Delhi,,2024-05-08,
Zepto,C00567,Chennai,Tamil Nadu,,2024-11-02,
Zepto,C00568,Mumbai,Maharashtra,,2024-09-06,
Zepto,C00569,Ahmedabad,Gujarat,,2023-10-30,
Zepto,C00570,Lucknow,Uttar Pradesh,,2024-12-26,
Zepto,C00571,Jaipur,Rajasthan,,2024-10-15,
Zepto,C00572,Jaipur,Rajasthan,,2023-07-05,
Zepto,C00573,Jaipur,Rajasthan,,2023-07-07,
Zepto,C00574,Kolkata,West Bengal,,2023-12-06,
Zepto,C00575,Ahmedabad,Gujarat,,2023-02-24,
Zepto,C00576,Jaipur,Rajasthan,,2023-05-03,
Zepto,C00577,Bengaluru,Karnataka,,2023-07-25,
Zepto,C00578,Bengaluru,Karnataka,,2023-11-20,
Zepto,C00579,Pune,Maharashtra,,2024-10-11,
Zepto,C00580,Lucknow,Uttar Pradesh,,2023-06-12,
Zepto,C00581,Kolkata,West Bengal,,2024-02-18,
Zepto,C00582,Hyderabad,Telangana,,2024-01-18,
Zepto,C00583,Hyderabad,Telangana,,2023-08-20,
Zepto,C00584,Lucknow,Uttar Pradesh,,2023-11-10,
Zepto,C00585,Ahmedabad,Gujarat,,2024-06-16,
Zepto,C00586,Pune,Maharashtra,,2024-05-16,
Zepto,C00587,Mumbai,Maharashtra,,2023-08-22,
Zepto,C00588,Jaipur,Rajasthan,,2023-06-23,
Zepto,C00589,Chennai,Tamil Nadu,,2024-07-01,
Zepto,C00590,Delhi,Delhi,,2024-10-31,
Zepto,C00591,Delhi,Delhi,,2024-07-14,
Zepto,C00592,Mumbai,Maharashtra,,2023-11-05,
Zepto,C00593,Bengaluru,Karnataka,,2024-03-04,
Zepto,C00594,Ahmedabad,Gujarat,,2023-07-23,
Zepto,C00595,Pune,Maharashtra,,2024-12-21,
Zepto,C00596,Hyderabad,Telangana,,2024-12-05,
Zepto,C00597,Delhi,Delhi,,2023-04-24,
Zepto,C00598,Delhi,Delhi,,2023-04-14,
Zepto,C00599,Chennai,Tamil Nadu,,2024-04-20,
Zepto,C00600,Pune,Maharashtra,,2024-11-24,
Zepto,C00601,Mumbai,Maharashtra,,2023-05-22,
Zepto,C00602,Chennai,Tamil Nadu,,2023-04-06,
Zepto,C00603,Ahmedabad,Gujarat,,2023-10-06,
Zepto,C00604,Delhi,Delhi,,2023-05-16,
Zepto,C00605,Ahmedabad,Gujarat,,2024-08-05,
Zepto,C00606,Mumbai,Maharashtra,,2024-12-01,
Zepto,C00607,Ahmedabad,Gujarat,,2023-02-17,
Zepto,C00608,Lucknow,Uttar Pradesh,,2024-08-01,
Zepto,C00609,Delhi,Delhi,,2024-03-19,
Zepto,C00610,Kolkata,West Bengal,,2023-06-02,
Zepto,C00611,Jaipur,Rajasthan,,2024-04-25,
Zepto,C00612,Hyderabad,Telangana,,2023-12-05,
Zepto,C00613,Kolkata,West Bengal,,2024-02-17,
Zepto,C00614,Ahmedabad,Gujarat,,2023-04-01,
Zepto,C00615,Mumbai,Maharashtra,,2023-04-16,
Zepto,C00616,Delhi,Delhi,,2024-09-10,
Zepto,C00617,Ahmedabad,Gujarat,,2023-12-16,
Zepto,C00618,Jaipur,Rajasthan,,2024-09-26,
Zepto,C00619,Delhi,Delhi,,2024-11-05,
Zepto,C00620,Chennai,Tamil Nadu,,2024-07-14,
Zepto,C00621,Ahmedabad,Gujarat,,2023-05-24,
Zepto,C00622,Delhi,Delhi,,2024-02-07,
Zepto,C00623,Kolkata,West Bengal,,2023-02-17,
Zepto,C00624,Jaipur,Rajasthan,,2023-05-18,
Zepto,C00625,Kolkata,West Bengal,,2024-08-22,
Zepto,C00626,Bengaluru,Karnataka,,2023-04-17,
Zepto,C00627,Kolkata,West Bengal,,2024-03-04,
Zepto,C00628,Chennai,Tamil Nadu,,2024-04-08,
Zepto,C00629,Chennai,Tamil Nadu,,2024-12-19,
Zepto,C00630,Hyderabad,Telangana,,2024-10-01,
Zepto,C00631,Bengaluru,Karnataka,,2024-05-30,
Zepto,C00632,Ahmedabad,Gujarat,,2024-08-19,
Zepto,C00633,Mumbai,Maharashtra,,2024-06-19,
Zepto,C00634,Mumbai,Maharashtra,,2023-07-24,
Zepto,C00635,Mumbai,Maharashtra,,2024-12-08,
Zepto,C00636,Delhi,Delhi,,2024-09-22,
Zepto,C00637,Chennai,Tamil Nadu,,2024-12-10,
Zepto,C00638,Jaipur,Rajasthan,,2023-02-25,
Zepto,C00639,Hyderabad,Telangana,,2024-10-10,
Zepto,C00640,Hyderabad,Telangana,,2023-10-29,
Zepto,C00641,Jaipur,Rajasthan,,2023-05-03,
Zepto,C00642,Bengaluru,Karnataka,,2023-06-14,
Zepto,C00643,Mumbai,Maharashtra,,2023-06-07,
Zepto,C00644,Lucknow,Uttar Pradesh,,2024-11-08,
Zepto,C00645,Pune,Maharashtra,,2024-06-22,
Zepto,C00646,Bengaluru,Karnataka,,2024-03-01,
Zepto,C00647,Hyderabad,Telangana,,2024-11-10,
Zepto,C00648,Jaipur,Rajasthan,,2024-05-01,
Zepto,C00649,Hyderabad,Telangana,,2024-10-19,
Zepto,C00650,Kolkata,West Bengal,,2023-04-27,
Zepto,C00651,Jaipur,Rajasthan,,2024-01-19,
Zepto,C00652,Hyderabad,Telangana,,2023-11-25,
Zepto,C00653,Jaipur,Rajasthan,,2023-01-08,
Zepto,C00654,Delhi,Delhi,,2023-07-30,
Zepto,C00655,Mumbai,Maharashtra,,2024-04-15,
Zepto,C00656,Chennai,Tamil Nadu,,2024-07-25,
Zepto,C00657,Kolkata,West Bengal,,2024-04-06,
Zepto,C00658,Jaipur,Rajasthan,,2023-01-07,
Zepto,C00659,Pune,Maharashtra,,2024-05-29,
Zepto,C00660,Ahmedabad,Gujarat,,2024-01-26,
Zepto,C00661,Bengaluru,Karnataka,,2024-02-05,
Zepto,C00662,Pune,Maharashtra,,2023-01-12,
Zepto,C00663,Lucknow,Uttar Pradesh,,2024-09-02,
Zepto,C00664,Hyderabad,Telangana,,2023-12-19,
Zepto,C00665,Hyderabad,Telangana,,2024-09-23,
Zepto,C00666,Mumbai,Maharashtra,,2024-07-16,
Zepto,C00667,Chennai,Tamil Nadu,,2023-04-11,
Zepto,C00668,Bengaluru,Karnataka,,2024-11-18,
Zepto,C00669,Pune,Maharashtra,,2024-05-12,
Zepto,C00670,Lucknow,Uttar Pradesh,,2024-08-03,
Zepto,C00671,Hyderabad,Telangana,,2023-08-15,
Zepto,C00672,Ahmedabad,Gujarat,,2024-04-18,
Zepto,C00673,Bengaluru,Karnataka,,2024-10-23,
Zepto,C00674,Jaipur,Rajasthan,,2023-07-21,
Zepto,C00675,Mumbai,Maharashtra,,2024-08-18,
Zepto,C00676,Jaipur,Rajasthan,,2023-09-24,
Zepto,C00677,Pune,Maharashtra,,2024-02-06,
Zepto,C00678,Jaipur,Rajasthan,,2023-04-03,
Zepto,C00679,Lucknow,Uttar Pradesh,,2024-12-01,
Zepto,C00680,Lucknow,Uttar Pradesh,,2024-08-02,
Zepto,C00681,Hyderabad,Telangana,,2023-03-06,
Zepto,C00682,Jaipur,Rajasthan,,2024-01-05,
Zepto,C00683,Pune,Maharashtra,,2023-04-16,
Zepto,C00684,Bengaluru,Karnataka,,2024-01-21,
Zepto,C00685,Jaipur,Rajasthan,,2023-09-15,
Zepto,C00686,Ahmedabad,Gujarat,,2024-05-08,
Zepto,C00687,Bengaluru,Karnataka,,2023-08-24,
Zepto,C00688,Bengaluru,Karnataka,,2024-01-06,
Zepto,C00689,Delhi,Delhi,,2024-05-08,
Zepto,C00690,Kolkata,West Bengal,,2023-01-23,
Zepto,C00691,Bengaluru,Karnataka,,2024-10-06,
Zepto,C00692,Chennai,Tamil Nadu,,2023-07-04,
Zepto,C00693,Mumbai,Maharashtra,,2024-11-08,
Zepto,C00694,Ahmedabad,Gujarat,,2023-06-24,
Zepto,C00695,Bengaluru,Karnataka,,2024-09-30,
Zepto,C00696,Ahmedabad,Gujarat,,2024-09-02,
Zepto,C00697,Delhi,Delhi,,2023-01-17,
Zepto,C00698,Lucknow,Uttar Pradesh,,2023-04-09,
Zepto,C00699,Jaipur,Rajasthan,,2023-05-01,
Zepto,C00700,Mumbai,Maharashtra,,2024-11-25,
Zepto,C00701,Jaipur,Rajasthan,,2024-03-15,
Zepto,C00702,Delhi,Delhi,,2024-03-11,
Zepto,C00703,Chennai,Tamil Nadu,,2024-09-04,
Zepto,C00704,Lucknow,Uttar Pradesh,,2024-06-19,
Zepto,C00705,Pune,Maharashtra,,2024-02-23,
Zepto,C00706,Chennai,Tamil Nadu,,2023-09-25,
Zepto,C00707,Kolkata,West Bengal,,2023-07-28,
Zepto,C00708,Jaipur,Rajasthan,,2024-07-22,
Zepto,C00709,Bengaluru,Karnataka,,2024-11-06,
Zepto,C00710,Delhi,Delhi,,2023-08-08,
Zepto,C00711,Mumbai,Maharashtra,,2023-06-14,
Zepto,C00712,Lucknow,Uttar Pradesh,,2024-03-21,
Zepto,C00713,Lucknow,Uttar Pradesh,,2023-02-08,
Zepto,C00714,Mumbai,Maharashtra,,2023-06-29,
Zepto,C00715,Jaipur,Rajasthan,,2023-10-20,
Zepto,C00716,Lucknow,Uttar Pradesh,,2023-06-23,
Zepto,C00717,Delhi,Delhi,,2023-10-10,
Zepto,C00718,Jaipur,Rajasthan,,2023-01-16,
Zepto,C00719,Lucknow,Uttar Pradesh,,2023-12-23,
Zepto,C00720,Ahmedabad,Gujarat,,2024-02-18,
Zepto,C00721,Delhi,Delhi,,2024-07-26,
Zepto,C00722,Jaipur,Rajasthan,,2023-09-21,
Zepto,C00723,Lucknow,Uttar Pradesh,,2024-05-10,
Zepto,C00724,Mumbai,Maharashtra,,2024-05-08,
Zepto,C00725,Hyderabad,Telangana,,2023-11-20,
Zepto,C00726,Hyderabad,Telangana,,2023-10-22,
Zepto,C00727,Ahmedabad,Gujarat,,2023-11-18,
Zepto,C00728,Ahmedabad,Gujarat,,2023-07-24,
Zepto,C00729,Hyderabad,Telangana,,2024-09-25,
Zepto,C00730,Ahmedabad,Gujarat,,2024-09-20,
Zepto,C00731,Lucknow,Uttar Pradesh,,2023-11-19,
Zepto,C00732,Chennai,Tamil Nadu,,2024-02-12,
Zepto,C00733,Ahmedabad,Gujarat,,2024-07-07,
Zepto,C00734,Ahmedabad,Gujarat,,2023-05-04,
Zepto,C00735,Hyderabad,Telangana,,2024-01-24,
Zepto,C00736,Bengaluru,Karnataka,,2024-07-15,
Zepto,C00737,Pune,Maharashtra,,2024-01-10,
Zepto,C00738,Pune,Maharashtra,,2024-02-15,
Zepto,C00739,Hyderabad,Telangana,,2023-04-13,
Zepto,C00740,Hyderabad,Telangana,,2023-05-30,
Zepto,C00741,Bengaluru,Karnataka,,2024-10-07,
Zepto,C00742,Chennai,Tamil Nadu,,2024-07-29,
Zepto,C00743,Mumbai,Maharashtra,,2023-08-09,
Zepto,C00744,Chennai,Tamil Nadu,,2024-01-05,
Zepto,C00745,Pune,Maharashtra,,2023-01-21,
Zepto,C00746,Hyderabad,Telangana,,2024-08-13,
Zepto,C00747,Pune,Maharashtra,,2023-11-29,
Zepto,C00748,Lucknow,Uttar Pradesh,,2023-10-21,
Zepto,C00749,Kolkata,West Bengal,,2024-10-08,
Zepto,C00750,Delhi,Delhi,,2023-06-15,
Zepto,C00751,Chennai,Tamil Nadu,,2024-09-11,
Zepto,C00752,Lucknow,Uttar Pradesh,,2024-06-17,
Zepto,C00753,Bengaluru,Karnataka,,2023-08-29,
Zepto,C00754,Delhi,Delhi,,2023-03-07,
Zepto,C00755,Jaipur,Rajasthan,,2023-03-27,
Zepto,C00756,Chennai,Tamil Nadu,,2023-08-23,
Zepto,C00757,Jaipur,Rajasthan,,2023-06-24,
Zepto,C00758,Ahmedabad,Gujarat,,2024-04-23,
Zepto,C00759,Bengaluru,Karnataka,,2024-08-28,
Zepto,C00760,Jaipur,Rajasthan,,2023-11-14,
Zepto,C00761,Ahmedabad,Gujarat,,2023-11-12,
Zepto,C00762,Mumbai,Maharashtra,,2024-06-19,
Zepto,C00763,Ahmedabad,Gujarat,,2024-05-03,
Zepto,C00764,Hyderabad,Telangana,,2023-01-08,
Zepto,C00765,Kolkata,West Bengal,,2024-02-09,
Zepto,C00766,Chennai,Tamil Nadu,,2023-03-23,
Zepto,C00767,Chennai,Tamil Nadu,,2023-10-19,
Zepto,C00768,Bengaluru,Karnataka,,2023-05-20,
Zepto,C00769,Lucknow,Uttar Pradesh,,2024-05-18,
Zepto,C00770,Mumbai,Maharashtra,,2023-07-10,
Zepto,C00771,Mumbai,Maharashtra,,2023-08-27,
Zepto,C00772,Kolkata,West Bengal,,2023-11-16,
Zepto,C00773,Pune,Maharashtra,,2023-03-24,
Zepto,C00774,Jaipur,Rajasthan,,2024-04-26,
Zepto,C00775,Delhi,Delhi,,2023-09-12,
Zepto,C00776,Hyderabad,Telangana,,2024-04-16,
Zepto,C00777,Pune,Maharashtra,,2023-06-12,
Zepto,C00778,Chennai,Tamil Nadu,,2023-07-23,
Zepto,C00779,Kolkata,West Bengal,,2023-11-29,
Zepto,C00780,Hyderabad,Telangana,,2023-01-10,
Zepto,C00781,Pune,Maharashtra,,2023-04-02,
Zepto,C00782,Pune,Maharashtra,,2024-10-02,
Zepto,C00783,Delhi,Delhi,,2023-05-09,
Zepto,C00784,Pune,Maharashtra,,2024-03-25,
Zepto,C00785,Chennai,Tamil Nadu,,2023-02-10,
Zepto,C00786,Hyderabad,Telangana,,2024-08-03,
Zepto,C00787,Chennai,Tamil Nadu,,2024-09-05,
Zepto,C00788,Chennai,Tamil Nadu,,2023-09-27,
Zepto,C00789,Jaipur,Rajasthan,,2024-01-24,
Zepto,C00790,Pune,Maharashtra,,2023-03-06,
Zepto,C00791,Jaipur,Rajasthan,,2023-06-07,
Zepto,C00792,Delhi,Delhi,,2023-04-09,
Zepto,C00793,Bengaluru,Karnataka,,2023-02-02,
Zepto,C00794,Lucknow,Uttar Pradesh,,2024-10-19,
Zepto,C00795,Chennai,Tamil Nadu,,2023-02-20,
Zepto,C00796,Hyderabad,Telangana,,2024-11-02,
Zepto,C00797,Pune,Maharashtra,,2024-07-25,
Zepto,C00798,Jaipur,Rajasthan,,2023-02-11,
Zepto,C00799,Delhi,Delhi,,2023-04-14,
Zepto,C00800,Hyderabad,Telangana,,2024-08-06,
Zepto,C00801,Lucknow,Uttar Pradesh,,2024-01-02,
Zepto,C00802,Jaipur,Rajasthan,,2024-02-16,
Zepto,C00803,Ahmedabad,Gujarat,,2023-12-27,
Zepto,C00804,Kolkata,West Bengal,,2023-11-28,
Zepto,C00805,Jaipur,Rajasthan,,2023-09-18,
Zepto,C00806,Mumbai,Maharashtra,,2023-10-19,
Zepto,C00807,Mumbai,Maharashtra,,2023-11-04,
Zepto,C00808,Jaipur,Rajasthan,,2024-06-07,
Zepto,C00809,Ahmedabad,Gujarat,,2023-12-31,
Zepto,C00810,Hyderabad,Telangana,,2023-08-27,
Zepto,C00811,Hyderabad,Telangana,,2023-03-21,
Zepto,C00812,Delhi,Delhi,,2024-09-01,
Zepto,C00813,Pune,Maharashtra,,2023-12-23,
Zepto,C00814,Lucknow,Uttar Pradesh,,2023-01-12,
Zepto,C00815,Jaipur,Rajasthan,,2024-08-01,
Zepto,C00816,Mumbai,Maharashtra,,2024-11-20,
Zepto,C00817,Hyderabad,Telangana,,2024-03-18,
Zepto,C00818,Ahmedabad,Gujarat,,2024-08-08,
Zepto,C00819,Jaipur,Rajasthan,,2024-03-20,
Zepto,C00820,Kolkata,West Bengal,,2024-10-29,
Zepto,C00821,Hyderabad,Telangana,,2023-09-06,
Zepto,C00822,Delhi,Delhi,,2023-04-26,
Zepto,C00823,Pune,Maharashtra,,2024-08-31,
Zepto,C00824,Ahmedabad,Gujarat,,2024-09-30,
Zepto,C00825,Hyderabad,Telangana,,2024-12-02,
Zepto,C00826,Hyderabad,Telangana,,2024-09-27,
Zepto,C00827,Chennai,Tamil Nadu,,2024-04-05,
Zepto,C00828,Hyderabad,Telangana,,2023-07-28,
Zepto,C00829,Bengaluru,Karnataka,,2024-12-12,
Zepto,C00830,Mumbai,Maharashtra,,2023-09-19,
Zepto,C00831,Chennai,Tamil Nadu,,2023-02-24,
Zepto,C00832,Pune,Maharashtra,,2023-04-21,
Zepto,C00833,Jaipur,Rajasthan,,2024-12-27,
Zepto,C00834,Delhi,Delhi,,2023-07-10,
Zepto,C00835,Mumbai,Maharashtra,,2023-09-11,
Zepto,C00836,Mumbai,Maharashtra,,2023-12-22,
Zepto,C00837,Chennai,Tamil Nadu,,2023-03-05,
Zepto,C00838,Hyderabad,Telangana,,2023-06-05,
Zepto,C00839,Jaipur,Rajasthan,,2024-11-25,
Zepto,C00840,Kolkata,West Bengal,,2023-11-16,
Zepto,C00841,Bengaluru,Karnataka,,2024-08-17,
Zepto,C00842,Bengaluru,Karnataka,,2024-03-16,
Zepto,C00843,Jaipur,Rajasthan,,2023-05-02,
Zepto,C00844,Kolkata,West Bengal,,2024-02-26,
Zepto,C00845,Delhi,Delhi,,2023-05-15,
Zepto,C00846,Hyderabad,Telangana,,2024-09-02,
Zepto,C00847,Bengaluru,Karnataka,,2024-05-29,
Zepto,C00848,Ahmedabad,Gujarat,,2024-04-30,
Zepto,C00849,Mumbai,Maharashtra,,2023-10-04,
Zepto,C00850,Bengaluru,Karnataka,,2024-03-25,
Zepto,C00851,Kolkata,West Bengal,,2024-02-19,
Zepto,C00852,Lucknow,Uttar Pradesh,,2024-08-08,
Zepto,C00853,Jaipur,Rajasthan,,2023-04-22,
Zepto,C00854,Jaipur,Rajasthan,,2024-07-04,
Zepto,C00855,Mumbai,Maharashtra,,2023-07-14,
Zepto,C00856,Ahmedabad,Gujarat,,2023-06-20,
Zepto,C00857,Ahmedabad,Gujarat,,2024-10-23,
Zepto,C00858,Jaipur,Rajasthan,,2023-05-19,
Zepto,C00859,Ahmedabad,Gujarat,,2024-08-27,
Zepto,C00860,Bengaluru,Karnataka,,2023-05-07,
Zepto,C00861,Jaipur,Rajasthan,,2024-12-25,
Zepto,C00862,Mumbai,Maharashtra,,2023-06-24,
Zepto,C00863,Bengaluru,Karnataka,,2024-12-30,
Zepto,C00864,Chennai,Tamil Nadu,,2024-10-03,
Zepto,C00865,Lucknow,Uttar Pradesh,,2023-09-17,
Zepto,C00866,Mumbai,Maharashtra,,2024-09-14,
Zepto,C00867,Ahmedabad,Gujarat,,2024-02-24,
Zepto,C00868,Jaipur,Rajasthan,,2023-10-12,
Zepto,C00869,Mumbai,Maharashtra,,2024-10-30,
Zepto,C00870,Lucknow,Uttar Pradesh,,2024-09-09,
Zepto,C00871,Bengaluru,Karnataka,,2023-06-15,
Zepto,C00872,Bengaluru,Karnataka,,2024-04-11,
Zepto,C00873,Pune,Maharashtra,,2024-01-13,
Zepto,C00874,Chennai,Tamil Nadu,,2024-04-27,
Zepto,C00875,Jaipur,Rajasthan,,2023-08-03,
Zepto,C00876,Jaipur,Rajasthan,,2023-03-31,
Zepto,C00877,Chennai,Tamil Nadu,,2024-06-22,
Zepto,C00878,Lucknow,Uttar Pradesh,,2024-05-23,
Zepto,C00879,Hyderabad,Telangana,,2024-12-26,
Zepto,C00880,Delhi,Delhi,,2023-08-01,
Zepto,C00881,Jaipur,Rajasthan,,2024-10-14,
Zepto,C00882,Delhi,Delhi,,2023-11-12,
Zepto,C00883,Delhi,Delhi,,2024-12-03,
Zepto,C00884,Mumbai,Maharashtra,,2023-06-29,
Zepto,C00885,Ahmedabad,Gujarat,,2023-02-06,
Zepto,C00886,Pune,Maharashtra,,2024-04-18,
Zepto,C00887,Jaipur,Rajasthan,,2024-07-02,
Zepto,C00888,Delhi,Delhi,,2023-06-02,
Zepto,C00889,Jaipur,Rajasthan,,2023-06-19,
Zepto,C00890,Chennai,Tamil Nadu,,2024-12-23,
Zepto,C00891,Hyderabad,Telangana,,2024-01-16,
Zepto,C00892,Delhi,Delhi,,2024-01-19,
Zepto,C00893,Ahmedabad,Gujarat,,2024-05-27,
Zepto,C00894,Chennai,Tamil Nadu,,2023-12-02,
Zepto,C00895,Hyderabad,Telangana,,2023-02-07,
Zepto,C00896,Mumbai,Maharashtra,,2024-12-04,
Zepto,C00897,Delhi,Delhi,,2024-06-17,
Zepto,C00898,Hyderabad,Telangana,,2023-11-25,
Zepto,C00899,Ahmedabad,Gujarat,,2024-11-18,
Zepto,C00900,Mumbai,Maharashtra,,2024-09-29,
Zepto,C00901,Jaipur,Rajasthan,,2023-11-23,
Zepto,C00902,Delhi,Delhi,,2023-11-15,
Zepto,C00903,Mumbai,Maharashtra,,2024-04-27,
Zepto,C00904,Kolkata,West Bengal,,2023-07-03,
Zepto,C00905,Pune,Maharashtra,,2023-07-22,
Zepto,C00906,Ahmedabad,Gujarat,,2023-04-10,
Zepto,C00907,Bengaluru,Karnataka,,2024-09-23,
Zepto,C00908,Pune,Maharashtra,,2023-11-29,
Zepto,C00909,Pune,Maharashtra,,2024-05-05,
Zepto,C00910,Lucknow,Uttar Pradesh,,2023-05-11,
Zepto,C00911,Pune,Maharashtra,,2024-07-23,
Zepto,C00912,Kolkata,West Bengal,,2023-09-02,
Zepto,C00913,Kolkata,West Bengal,,2023-03-09,
Zepto,C00914,Lucknow,Uttar Pradesh,,2023-12-17,
Zepto,C00915,Lucknow,Uttar Pradesh,,2024-05-13,
Zepto,C00916,Delhi,Delhi,,2024-03-31,
Zepto,C00917,Lucknow,Uttar Pradesh,,2024-01-24,
Zepto,C00918,Lucknow,Uttar Pradesh,,2024-10-13,
Zepto,C00919,Kolkata,West Bengal,,2024-09-22,
Zepto,C00920,Chennai,Tamil Nadu,,2024-08-06,
Zepto,C00921,Mumbai,Maharashtra,,2024-09-18,
Zepto,C00922,Pune,Maharashtra,,2024-07-16,
Zepto,C00923,Delhi,Delhi,,2023-10-16,
Zepto,C00924,Pune,Maharashtra,,2024-12-29,
Zepto,C00925,Bengaluru,Karnataka,,2024-05-01,
Zepto,C00926,Kolkata,West Bengal,,2023-06-07,
Zepto,C00927,Mumbai,Maharashtra,,2023-05-28,
Zepto,C00928,Kolkata,West Bengal,,2024-04-11,
Zepto,C00929,Jaipur,Rajasthan,,2024-04-05,
Zepto,C00930,Mumbai,Maharashtra,,2024-08-14,
Zepto,C00931,Lucknow,Uttar Pradesh,,2024-01-11,
Zepto,C00932,Delhi,Delhi,,2024-08-17,
Zepto,C00933,Chennai,Tamil Nadu,,2024-04-21,
Zepto,C00934,Hyderabad,Telangana,,2024-04-28,
Zepto,C00935,Pune,Maharashtra,,2024-07-01,
Zepto,C00936,Lucknow,Uttar Pradesh,,2023-12-06,
Zepto,C00937,Lucknow,Uttar Pradesh,,2023-11-08,
Zepto,C00938,Bengaluru,Karnataka,,2024-08-09,
Zepto,C00939,Bengaluru,Karnataka,,2024-06-01,
Zepto,C00940,Chennai,Tamil Nadu,,2023-09-21,
Zepto,C00941,Bengaluru,Karnataka,,2024-11-05,
Zepto,C00942,Ahmedabad,Gujarat,,2023-07-05,
Zepto,C00943,Lucknow,Uttar Pradesh,,2023-06-07,
Zepto,C00944,Bengaluru,Karnataka,,2023-08-04,
Zepto,C00945,Mumbai,Maharashtra,,2023-06-21,
Zepto,C00946,Hyderabad,Telangana,,2024-01-24,
Zepto,C00947,Mumbai,Maharashtra,,2023-10-23,
Zepto,C00948,Delhi,Delhi,,2024-06-28,
Zepto,C00949,Delhi,Delhi,,2023-09-19,
Zepto,C00950,Lucknow,Uttar Pradesh,,2023-07-19,
Zepto,C00951,Mumbai,Maharashtra,,2023-03-11,
Zepto,C00952,Pune,Maharashtra,,2023-08-13,
Zepto,C00953,Delhi,Delhi,,2023-02-28,
Zepto,C00954,Delhi,Delhi,,2024-09-11,
Zepto,C00955,Delhi,Delhi,,2024-12-13,
Zepto,C00956,Ahmedabad,Gujarat,,2023-10-11,
Zepto,C00957,Chennai,Tamil Nadu,,2023-03-05,
Zepto,C00958,Chennai,Tamil Nadu,,2023-07-02,
Zepto,C00959,Lucknow,Uttar Pradesh,,2024-02-07,
Zepto,C00960,Hyderabad,Telangana,,2024-09-20,
Zepto,C00961,Delhi,Delhi,,2024-08-08,
Zepto,C00962,Mumbai,Maharashtra,,2023-02-08,
Zepto,C00963,Lucknow,Uttar Pradesh,,2023-01-04,
Zepto,C00964,Jaipur,Rajasthan,,2023-08-20,
Zepto,C00965,Pune,Maharashtra,,2023-12-08,
Zepto,C00966,Delhi,Delhi,,2024-01-10,
Zepto,C00967,Hyderabad,Telangana,,2023-06-30,
Zepto,C00968,Kolkata,West Bengal,,2023-04-20,
Zepto,C00969,Hyderabad,Telangana,,2023-05-24,
Zepto,C00970,Hyderabad,Telangana,,2024-05-15,
Zepto,C00971,Jaipur,Rajasthan,,2024-04-05,
Zepto,C00972,Kolkata,West Bengal,,2023-05-02,
Zepto,C00973,Bengaluru,Karnataka,,2024-08-16,
Zepto,C00974,Mumbai,Maharashtra,,2024-04-27,
Zepto,C00975,Mumbai,Maharashtra,,2023-06-26,
Zepto,C00976,Lucknow,Uttar Pradesh,,2023-03-07,
Zepto,C00977,Hyderabad,Telangana,,2023-03-06,
Zepto,C00978,Pune,Maharashtra,,2023-05-04,
Zepto,C00979,Mumbai,Maharashtra,,2024-08-30,
Zepto,C00980,Kolkata,West Bengal,,2023-06-22,
Zepto,C00981,Mumbai,Maharashtra,,2023-05-17,
Zepto,C00982,Ahmedabad,Gujarat,,2023-03-24,
Zepto,C00983,Lucknow,Uttar Pradesh,,2023-10-18,
Zepto,C00984,Chennai,Tamil Nadu,,2024-06-19,
Zepto,C00985,Mumbai,Maharashtra,,2024-09-02,
Zepto,C00986,Pune,Maharashtra,,2024-03-04,
Zepto,C00987,Delhi,Delhi,,2024-09-25,
Zepto,C00988,Hyderabad,Telangana,,2023-10-11,
Zepto,C00989,Ahmedabad,Gujarat,,2023-06-30,
Zepto,C00990,Hyderabad,Telangana,,2024-03-21,
Zepto,C00991,Jaipur,Rajasthan,,2023-06-30,
Zepto,C00992,Hyderabad,Telangana,,2024-03-31,
Zepto,C00993,Hyderabad,Telangana,,2023-04-23,
Zepto,C00994,Hyderabad,Telangana,,2024-01-20,
Zepto,C00995,Kolkata,West Bengal,,2023-05-29,
Zepto,C00996,Bengaluru,Karnataka,,2024-04-13,
Zepto,C00997,Mumbai,Maharashtra,,2024-12-09,
Zepto,C00998,Ahmedabad,Gujarat,,2024-03-04,
Zepto,C00999,Bengaluru,Karnataka,,2024-10-15,
Zepto,C01000,Delhi,Delhi,,2024-02-26,
Zepto,C01001,Chennai,Tamil Nadu,,2023-01-15,
Zepto,C01002,Hyderabad,Telangana,,2024-08-28,
Zepto,C01003,Mumbai,Maharashtra,,2024-04-26,
Zepto,C01004,Delhi,Delhi,,2024-04-08,
Zepto,C01005,Kolkata,West Bengal,,2023-08-12,
Zepto,C01006,Mumbai,Maharashtra,,2024-05-06,
Zepto,C01007,Mumbai,Maharashtra,,2024-04-10,
Zepto,C01008,Ahmedabad,Gujarat,,2024-12-21,
Zepto,C01009,Jaipur,Rajasthan,,2023-02-03,
Zepto,C01010,Jaipur,Rajasthan,,2024-08-12,
Zepto,C01011,Jaipur,Rajasthan,,2024-11-21,
Zepto,C01012,Lucknow,Uttar Pradesh,,2023-02-11,
Zepto,C01013,Jaipur,Rajasthan,,2024-12-27,
Zepto,C01014,Ahmedabad,Gujarat,,2024-08-17,
Zepto,C01015,Jaipur,Rajasthan,,2024-11-27,
Zepto,C01016,Ahmedabad,Gujarat,,2024-05-12,
Zepto,C01017,Jaipur,Rajasthan,,2023-10-27,
Zepto,C01018,Hyderabad,Telangana,,2024-04-13,
Zepto,C01019,Delhi,Delhi,,2023-04-22,
Zepto,C01020,Bengaluru,Karnataka,,2023-07-29,
Zepto,C01021,Bengaluru,Karnataka,,2024-04-30,
Zepto,C01022,Chennai,Tamil Nadu,,2023-07-13,
Zepto,C01023,Pune,Maharashtra,,2024-02-26,
Zepto,C01024,Jaipur,Rajasthan,,2024-07-15,
Zepto,C01025,Bengaluru,Karnataka,,2023-09-24,
Zepto,C01026,Bengaluru,Karnataka,,2023-12-28,
Zepto,C01027,Jaipur,Rajasthan,,2023-10-20,
Zepto,C01028,Mumbai,Maharashtra,,2023-11-21,
Zepto,C01029,Hyderabad,Telangana,,2024-07-29,
Zepto,C01030,Jaipur,Rajasthan,,2023-06-16,
Zepto,C01031,Ahmedabad,Gujarat,,2023-05-29,
Zepto,C01032,Jaipur,Rajasthan,,2023-12-06,
Zepto,C01033,Bengaluru,Karnataka,,2024-08-01,
Zepto,C01034,Bengaluru,Karnataka,,2024-11-25,
Zepto,C01035,Hyderabad,Telangana,,2024-04-01,
Zepto,C01036,Hyderabad,Telangana,,2024-08-20,
Zepto,C01037,Jaipur,Rajasthan,,2024-04-01,
Zepto,C01038,Lucknow,Uttar Pradesh,,2024-09-11,
Zepto,C01039,Pune,Maharashtra,,2024-01-31,
Zepto,C01040,Ahmedabad,Gujarat,,2024-07-28,
Zepto,C01041,Ahmedabad,Gujarat,,2023-10-23,
Zepto,C01042,Lucknow,Uttar Pradesh,,2023-03-30,
Zepto,C01043,Pune,Maharashtra,,2023-03-09,
Zepto,C01044,Chennai,Tamil Nadu,,2024-02-29,
Zepto,C01045,Hyderabad,Telangana,,2023-07-10,
Zepto,C01046,Lucknow,Uttar Pradesh,,2023-11-08,
Zepto,C01047,Bengaluru,Karnataka,,2023-09-26,
Zepto,C01048,Kolkata,West Bengal,,2023-07-03,
Zepto,C01049,Ahmedabad,Gujarat,,2023-03-10,
Zepto,C01050,Chennai,Tamil Nadu,,2024-10-05,
Zepto,C01051,Mumbai,Maharashtra,,2023-09-23,
Zepto,C01052,Bengaluru,Karnataka,,2024-01-01,
Zepto,C01053,Pune,Maharashtra,,2023-02-19,
Zepto,C01054,Jaipur,Rajasthan,,2023-07-18,
Zepto,C01055,Pune,Maharashtra,,2023-11-20,
Zepto,C01056,Pune,Maharashtra,,2023-05-28,
Zepto,C01057,Kolkata,West Bengal,,2023-12-15,
Zepto,C01058,Hyderabad,Telangana,,2024-07-26,
Zepto,C01059,Kolkata,West Bengal,,2024-04-16,
Zepto,C01060,Pune,Maharashtra,,2023-11-16,
Zepto,C01061,Jaipur,Rajasthan,,2023-12-17,
Zepto,C01062,Hyderabad,Telangana,,2023-05-12,
Zepto,C01063,Delhi,Delhi,,2024-03-11,
Zepto,C01064,Mumbai,Maharashtra,,2023-07-21,
Zepto,C01065,Delhi,Delhi,,2023-09-17,
Zepto,C01066,Delhi,Delhi,,2024-09-08,
Zepto,C01067,Mumbai,Maharashtra,,2023-04-03,
Zepto,C01068,Jaipur,Rajasthan,,2024-09-19,
Zepto,C01069,Mumbai,Maharashtra,,2024-06-25,
Zepto,C01070,Mumbai,Maharashtra,,2023-04-12,
Zepto,C01071,Bengaluru,Karnataka,,2024-03-26,
Zepto,C01072,Hyderabad,Telangana,,2024-06-10,
Zepto,C01073,Delhi,Delhi,,2024-04-22,
Zepto,C01074,Chennai,Tamil Nadu,,2024-07-24,
Zepto,C01075,Chennai,Tamil Nadu,,2024-04-12,
Zepto,C01076,Chennai,Tamil Nadu,,2024-03-14,
Zepto,C01077,Bengaluru,Karnataka,,2023-01-14,
Zepto,C01078,Delhi,Delhi,,2023-05-03,
Zepto,C01079,Bengaluru,Karnataka,,2023-03-08,
Zepto,C01080,Delhi,Delhi,,2023-08-27,
Zepto,C01081,Lucknow,Uttar Pradesh,,2023-10-07,
Zepto,C01082,Ahmedabad,Gujarat,,2024-06-07,
Zepto,C01083,Ahmedabad,Gujarat,,2024-05-24,
Zepto,C01084,Delhi,Delhi,,2024-05-25,
Zepto,C01085,Bengaluru,Karnataka,,2023-11-07,
Zepto,C01086,Jaipur,Rajasthan,,2024-05-19,
Zepto,C01087,Jaipur,Rajasthan,,2023-09-25,
Zepto,C01088,Kolkata,West Bengal,,2023-05-02,
Zepto,C01089,Ahmedabad,Gujarat,,2023-02-06,
Zepto,C01090,Bengaluru,Karnataka,,2024-05-18,
Zepto,C01091,Delhi,Delhi,,2024-08-05,
Zepto,C01092,Jaipur,Rajasthan,,2023-06-10,
Zepto,C01093,Kolkata,West Bengal,,2024-09-23,
Zepto,C01094,Mumbai,Maharashtra,,2023-05-12,
Zepto,C01095,Pune,Maharashtra,,2024-01-25,
Zepto,C01096,Pune,Maharashtra,,2023-02-27,
Zepto,C01097,Delhi,Delhi,,2024-12-05,
Zepto,C01098,Jaipur,Rajasthan,,2023-11-30,
Zepto,C01099,Chennai,Tamil Nadu,,2023-01-21,
Zepto,C01100,Lucknow,Uttar Pradesh,,2024-02-04,
Zepto,C01101,Hyderabad,Telangana,,2023-12-11,
Zepto,C01102,Pune,Maharashtra,,2024-03-22,
Zepto,C01103,Hyderabad,Telangana,,2023-10-22,
Zepto,C01104,Hyderabad,Telangana,,2024-10-01,
Zepto,C01105,Delhi,Delhi,,2024-08-03,
Zepto,C01106,Chennai,Tamil Nadu,,2024-05-31,
Zepto,C01107,Kolkata,West Bengal,,2023-09-15,
Zepto,C01108,Bengaluru,Karnataka,,2023-01-20,
Zepto,C01109,Ahmedabad,Gujarat,,2023-10-02,
Zepto,C01110,Mumbai,Maharashtra,,2024-06-18,
Zepto,C01111,Chennai,Tamil Nadu,,2024-03-21,
Zepto,C01112,Chennai,Tamil Nadu,,2023-10-21,
Zepto,C01113,Delhi,Delhi,,2023-06-03,
Zepto,C01114,Ahmedabad,Gujarat,,2024-05-12,
Zepto,C01115,Hyderabad,Telangana,,2023-06-13,
Zepto,C01116,Jaipur,Rajasthan,,2023-06-30,
Zepto,C01117,Pune,Maharashtra,,2024-09-08,
Zepto,C01118,Delhi,Delhi,,2024-02-11,
Zepto,C01119,Delhi,Delhi,,2024-06-18,
Zepto,C01120,Hyderabad,Telangana,,2024-09-06,
Zepto,C01121,Hyderabad,Telangana,,2024-03-09,
Zepto,C01122,Ahmedabad,Gujarat,,2024-02-23,
Zepto,C01123,Delhi,Delhi,,2023-11-21,
Zepto,C01124,Bengaluru,Karnataka,,2024-01-07,
Zepto,C01125,Mumbai,Maharashtra,,2024-11-09,
Zepto,C01126,Pune,Maharashtra,,2024-12-02,
Zepto,C01127,Mumbai,Maharashtra,,2024-02-07,
Zepto,C01128,Chennai,Tamil Nadu,,2023-08-04,
Zepto,C01129,Kolkata,West Bengal,,2023-02-04,
Zepto,C01130,Pune,Maharashtra,,2024-03-08,
Zepto,C01131,Kolkata,West Bengal,,2024-09-08,
Zepto,C01132,Bengaluru,Karnataka,,2024-10-07,
Zepto,C01133,Chennai,Tamil Nadu,,2023-11-18,
Zepto,C01134,Bengaluru,Karnataka,,2024-08-31,
Zepto,C01135,Chennai,Tamil Nadu,,2023-06-27,
Zepto,C01136,Pune,Maharashtra,,2023-07-06,
Zepto,C01137,Jaipur,Rajasthan,,2024-10-24,
Zepto,C01138,Chennai,Tamil Nadu,,2024-12-19,
Zepto,C01139,Chennai,Tamil Nadu,,2023-06-02,
Zepto,C01140,Mumbai,Maharashtra,,2024-06-22,
Zepto,C01141,Hyderabad,Telangana,,2023-09-30,
Zepto,C01142,Lucknow,Uttar Pradesh,,2023-08-09,
Zepto,C01143,Mumbai,Maharashtra,,2023-10-25,
Zepto,C01144,Lucknow,Uttar Pradesh,,2024-12-01,
Zepto,C01145,Kolkata,West Bengal,,2024-12-04,
Zepto,C01146,Delhi,Delhi,,2023-04-08,
Zepto,C01147,Ahmedabad,Gujarat,,2023-12-29,
Zepto,C01148,Lucknow,Uttar Pradesh,,2024-01-26,
Zepto,C01149,Mumbai,Maharashtra,,2024-08-17,
Zepto,C01150,Ahmedabad,Gujarat,,2023-05-16,
Zepto,C01151,Delhi,Delhi,,2023-11-17,
Zepto,C01152,Pune,Maharashtra,,2024-03-16,
Zepto,C01153,Bengaluru,Karnataka,,2023-11-20,
Zepto,C01154,Ahmedabad,Gujarat,,2023-02-24,
Zepto,C01155,Ahmedabad,Gujarat,,2023-09-24,
Zepto,C01156,Mumbai,Maharashtra,,2024-03-28,
Zepto,C01157,Bengaluru,Karnataka,,2023-05-07,
Zepto,C01158,Bengaluru,Karnataka,,2024-06-04,
Zepto,C01159,Jaipur,Rajasthan,,2024-08-07,
Zepto,C01160,Delhi,Delhi,,2023-12-03,
Zepto,C01161,Delhi,Delhi,,2023-11-28,
Zepto,C01162,Ahmedabad,Gujarat,,2024-04-09,
Zepto,C01163,Lucknow,Uttar Pradesh,,2024-04-08,
Zepto,C01164,Chennai,Tamil Nadu,,2023-11-27,
Zepto,C01165,Delhi,Delhi,,2024-02-13,
Zepto,C01166,Delhi,Delhi,,2023-01-22,
Zepto,C01167,Bengaluru,Karnataka,,2023-05-04,
Zepto,C01168,Lucknow,Uttar Pradesh,,2023-05-15,
Zepto,C01169,Ahmedabad,Gujarat,,2024-02-02,
Zepto,C01170,Kolkata,West Bengal,,2024-01-13,
Zepto,C01171,Mumbai,Maharashtra,,2024-06-09,
Zepto,C01172,Ahmedabad,Gujarat,,2024-06-23,
Zepto,C01173,Ahmedabad,Gujarat,,2023-11-04,
Zepto,C01174,Kolkata,West Bengal,,2023-10-30,
Zepto,C01175,Jaipur,Rajasthan,,2023-04-21,
Zepto,C01176,Lucknow,Uttar Pradesh,,2023-09-17,
Zepto,C01177,Mumbai,Maharashtra,,2023-04-27,
Zepto,C01178,Delhi,Delhi,,2024-03-02,
Zepto,C01179,Ahmedabad,Gujarat,,2024-09-30,
Zepto,C01180,Lucknow,Uttar Pradesh,,2023-09-23,
Zepto,C01181,Delhi,Delhi,,2023-01-14,
Zepto,C01182,Lucknow,Uttar Pradesh,,2024-05-13,
Zepto,C01183,Chennai,Tamil Nadu,,2023-03-31,
Zepto,C01184,Hyderabad,Telangana,,2023-01-28,
Zepto,C01185,Jaipur,Rajasthan,,2023-07-15,
Zepto,C01186,Mumbai,Maharashtra,,2023-04-30,
Zepto,C01187,Mumbai,Maharashtra,,2024-04-05,
Zepto,C01188,Mumbai,Maharashtra,,2023-12-08,
Zepto,C01189,Lucknow,Uttar Pradesh,,2024-09-02,
Zepto,C01190,Jaipur,Rajasthan,,2024-08-28,
Zepto,C01191,Mumbai,Maharashtra,,2024-03-08,
Zepto,C01192,Kolkata,West Bengal,,2024-04-29,
Zepto,C01193,Mumbai,Maharashtra,,2023-06-15,
Zepto,C01194,Jaipur,Rajasthan,,2023-08-13,
Zepto,C01195,Ahmedabad,Gujarat,,2023-05-15,
Zepto,C01196,Pune,Maharashtra,,2024-04-28,
Zepto,C01197,Ahmedabad,Gujarat,,2023-05-13,
Zepto,C01198,Kolkata,West Bengal,,2024-05-20,
Zepto,C01199,Pune,Maharashtra,,2023-09-25,
Zepto,C01200,Mumbai,Maharashtra,,2023-03-07,
Zepto,C01201,Jaipur,Rajasthan,,2023-08-18,
Zepto,C01202,Jaipur,Rajasthan,,2023-10-01,
Zepto,C01203,Ahmedabad,Gujarat,,2024-04-13,
Zepto,C01204,Jaipur,Rajasthan,,2023-02-12,
Zepto,C01205,Pune,Maharashtra,,2023-06-10,
Zepto,C01206,Bengaluru,Karnataka,,2024-10-24,
Zepto,C01207,Ahmedabad,Gujarat,,2024-03-01,
Zepto,C01208,Bengaluru,Karnataka,,2023-03-29,
Zepto,C01209,Hyderabad,Telangana,,2023-06-05,
Zepto,C01210,Kolkata,West Bengal,,2024-02-24,
Zepto,C01211,Bengaluru,Karnataka,,2023-01-11,
Zepto,C01212,Bengaluru,Karnataka,,2024-03-20,
Zepto,C01213,Bengaluru,Karnataka,,2024-08-11,
Zepto,C01214,Chennai,Tamil Nadu,,2023-11-18,
Zepto,C01215,Bengaluru,Karnataka,,2024-12-18,
Zepto,C01216,Lucknow,Uttar Pradesh,,2024-10-29,
Zepto,C01217,Delhi,Delhi,,2023-02-07,
Zepto,C01218,Jaipur,Rajasthan,,2024-07-07,
Zepto,C01219,Jaipur,Rajasthan,,2023-12-15,
Zepto,C01220,Lucknow,Uttar Pradesh,,2023-09-22,
Zepto,C01221,Mumbai,Maharashtra,,2024-01-17,
Zepto,C01222,Delhi,Delhi,,2024-04-04,
Zepto,C01223,Lucknow,Uttar Pradesh,,2024-08-02,
Zepto,C01224,Lucknow,Uttar Pradesh,,2024-11-19,
Zepto,C01225,Pune,Maharashtra,,2024-06-12,
Zepto,C01226,Kolkata,West Bengal,,2024-02-26,
Zepto,C01227,Ahmedabad,Gujarat,,2023-08-08,
Zepto,C01228,Lucknow,Uttar Pradesh,,2024-07-26,
Zepto,C01229,Kolkata,West Bengal,,2024-03-26,
Zepto,C01230,Ahmedabad,Gujarat,,2024-12-29,
Zepto,C01231,Hyderabad,Telangana,,2024-04-11,
Zepto,C01232,Delhi,Delhi,,2024-09-08,
Zepto,C01233,Mumbai,Maharashtra,,2024-06-19,
Zepto,C01234,Chennai,Tamil Nadu,,2023-10-29,
Zepto,C01235,Kolkata,West Bengal,,2023-02-19,
Zepto,C01236,Mumbai,Maharashtra,,2023-05-06,
Zepto,C01237,Ahmedabad,Gujarat,,2024-08-09,
Zepto,C01238,Ahmedabad,Gujarat,,2024-09-12,
Zepto,C01239,Ahmedabad,Gujarat,,2023-06-02,
Zepto,C01240,Pune,Maharashtra,,2024-07-07,
Zepto,C01241,Mumbai,Maharashtra,,2024-08-08,
Zepto,C01242,Hyderabad,Telangana,,2024-09-25,
Zepto,C01243,Hyderabad,Telangana,,2024-05-02,
Zepto,C01244,Bengaluru,Karnataka,,2023-01-20,
Zepto,C01245,Ahmedabad,Gujarat,,2023-03-28,
Zepto,C01246,Ahmedabad,Gujarat,,2023-01-24,
Zepto,C01247,Pune,Maharashtra,,2024-01-27,
Zepto,C01248,Bengaluru,Karnataka,,2023-10-20,
Zepto,C01249,Chennai,Tamil Nadu,,2024-02-22,
Zepto,C01250,Chennai,Tamil Nadu,,2024-02-04,
Zepto,C01251,Chennai,Tamil Nadu,,2024-01-20,
Zepto,C01252,Lucknow,Uttar Pradesh,,2023-08-31,
Zepto,C01253,Chennai,Tamil Nadu,,2023-03-04,
Zepto,C01254,Mumbai,Maharashtra,,2024-02-22,
Zepto,C01255,Delhi,Delhi,,2023-09-10,
Zepto,C01256,Delhi,Delhi,,2024-10-13,
Zepto,C01257,Hyderabad,Telangana,,2024-07-04,
Zepto,C01258,Lucknow,Uttar Pradesh,,2023-10-24,
Zepto,C01259,Chennai,Tamil Nadu,,2024-09-04,
Zepto,C01260,Lucknow,Uttar Pradesh,,2024-06-06,
Zepto,C01261,Delhi,Delhi,,2023-11-04,
Zepto,C01262,Chennai,Tamil Nadu,,2024-03-18,
Zepto,C01263,Pune,Maharashtra,,2024-10-12,
Zepto,C01264,Pune,Maharashtra,,2023-08-04,
Zepto,C01265,Mumbai,Maharashtra,,2024-09-15,
Zepto,C01266,Jaipur,Rajasthan,,2024-12-14,
Zepto,C01267,Delhi,Delhi,,2024-07-05,
Zepto,C01268,Lucknow,Uttar Pradesh,,2024-01-02,
Zepto,C01269,Hyderabad,Telangana,,2024-03-31,
Zepto,C01270,Hyderabad,Telangana,,2023-04-03,
Zepto,C01271,Pune,Maharashtra,,2023-02-07,
Zepto,C01272,Kolkata,West Bengal,,2023-04-24,
Zepto,C01273,Hyderabad,Telangana,,2024-11-06,
Zepto,C01274,Bengaluru,Karnataka,,2023-03-08,
Zepto,C01275,Chennai,Tamil Nadu,,2023-07-16,
Zepto,C01276,Mumbai,Maharashtra,,2024-03-13,
Zepto,C01277,Chennai,Tamil Nadu,,2023-05-05,
Zepto,C01278,Hyderabad,Telangana,,2023-02-18,
Zepto,C01279,Kolkata,West Bengal,,2023-07-19,
Zepto,C01280,Kolkata,West Bengal,,2023-03-18,
Zepto,C01281,Delhi,Delhi,,2023-01-29,
Zepto,C01282,Pune,Maharashtra,,2023-09-14,
Zepto,C01283,Mumbai,Maharashtra,,2023-12-08,
Zepto,C01284,Ahmedabad,Gujarat,,2023-04-08,
Zepto,C01285,Mumbai,Maharashtra,,2024-01-22,
Zepto,C01286,Mumbai,Maharashtra,,2023-11-05,
Zepto,C01287,Jaipur,Rajasthan,,2023-02-23,
Zepto,C01288,Hyderabad,Telangana,,2024-09-05,
Zepto,C01289,Lucknow,Uttar Pradesh,,2024-09-26,
Zepto,C01290,Lucknow,Uttar Pradesh,,2023-07-17,
Zepto,C01291,Lucknow,Uttar Pradesh,,2023-07-18,
Zepto,C01292,Ahmedabad,Gujarat,,2024-09-27,
Zepto,C01293,Mumbai,Maharashtra,,2023-05-11,
Zepto,C01294,Pune,Maharashtra,,2023-11-15,
Zepto,C01295,Lucknow,Uttar Pradesh,,2023-12-18,
Zepto,C01296,Bengaluru,Karnataka,,2023-02-28,
Zepto,C01297,Pune,Maharashtra,,2023-07-20,
Zepto,C01298,Ahmedabad,Gujarat,,2024-12-12,
Zepto,C01299,Pune,Maharashtra,,2024-09-22,
Zepto,C01300,Mumbai,Maharashtra,,2024-05-22,
Zepto,C01301,Lucknow,Uttar Pradesh,,2023-08-07,
Zepto,C01302,Hyderabad,Telangana,,2024-02-14,
Zepto,C01303,Mumbai,Maharashtra,,2024-07-22,
Zepto,C01304,Lucknow,Uttar Pradesh,,2024-01-04,
Zepto,C01305,Hyderabad,Telangana,,2023-09-26,
Zepto,C01306,Mumbai,Maharashtra,,2023-06-30,
Zepto,C01307,Kolkata,West Bengal,,2024-11-01,
Zepto,C01308,Pune,Maharashtra,,2024-01-17,
Zepto,C01309,Delhi,Delhi,,2023-05-28,
Zepto,C01310,Pune,Maharashtra,,2024-09-05,
Zepto,C01311,Hyderabad,Telangana,,2024-07-02,
Zepto,C01312,Chennai,Tamil Nadu,,2023-05-10,
Zepto,C01313,Ahmedabad,Gujarat,,2024-11-10,
Zepto,C01314,Jaipur,Rajasthan,,2024-01-19,
Zepto,C01315,Jaipur,Rajasthan,,2024-12-12,
Zepto,C01316,Lucknow,Uttar Pradesh,,2024-10-27,
Zepto,C01317,Hyderabad,Telangana,,2024-02-10,
Zepto,C01318,Bengaluru,Karnataka,,2024-01-19,
Zepto,C01319,Chennai,Tamil Nadu,,2024-03-31,
Zepto,C01320,Jaipur,Rajasthan,,2024-09-28,
Zepto,C01321,Pune,Maharashtra,,2024-05-24,
Zepto,C01322,Hyderabad,Telangana,,2023-09-29,
Zepto,C01323,Jaipur,Rajasthan,,2024-07-13,
Zepto,C01324,Pune,Maharashtra,,2023-02-09,
Zepto,C01325,Chennai,Tamil Nadu,,2023-11-06,
Zepto,C01326,Chennai,Tamil Nadu,,2023-01-09,
Zepto,C01327,Kolkata,West Bengal,,2024-08-16,
Zepto,C01328,Kolkata,West Bengal,,2023-08-22,
Zepto,C01329,Jaipur,Rajasthan,,2024-04-24,
Zepto,C01330,Kolkata,West Bengal,,2024-12-15,
Zepto,C01331,Mumbai,Maharashtra,,2024-01-19,
Zepto,C01332,Ahmedabad,Gujarat,,2024-11-05,
Zepto,C01333,Jaipur,Rajasthan,,2023-11-03,
Zepto,C01334,Bengaluru,Karnataka,,2023-06-07,
Zepto,C01335,Kolkata,West Bengal,,2024-01-26,
Zepto,C01336,Ahmedabad,Gujarat,,2023-04-22,
Zepto,C01337,Delhi,Delhi,,2023-06-25,
Zepto,C01338,Ahmedabad,Gujarat,,2023-01-28,
Zepto,C01339,Chennai,Tamil Nadu,,2023-07-30,
Zepto,C01340,Pune,Maharashtra,,2024-06-14,
Zepto,C01341,Kolkata,West Bengal,,2023-06-10,
Zepto,C01342,Kolkata,West Bengal,,2023-07-31,
Zepto,C01343,Ahmedabad,Gujarat,,2023-06-12,
Zepto,C01344,Ahmedabad,Gujarat,,2023-10-10,
Zepto,C01345,Lucknow,Uttar Pradesh,,2023-09-10,
Zepto,C01346,Ahmedabad,Gujarat,,2024-08-12,
Zepto,C01347,Pune,Maharashtra,,2024-12-18,
Zepto,C01348,Lucknow,Uttar Pradesh,,2024-03-18,
Zepto,C01349,Kolkata,West Bengal,,2024-12-16,
Zepto,C01350,Jaipur,Rajasthan,,2023-10-26,
Zepto,C01351,Delhi,Delhi,,2024-01-13,
Zepto,C01352,Kolkata,West Bengal,,2024-04-06,
Zepto,C01353,Mumbai,Maharashtra,,2023-03-16,
Zepto,C01354,Kolkata,West Bengal,,2023-02-08,
Zepto,C01355,Pune,Maharashtra,,2024-11-17,
Zepto,C01356,Hyderabad,Telangana,,2024-12-31,
Zepto,C01357,Bengaluru,Karnataka,,2023-01-19,
Zepto,C01358,Kolkata,West Bengal,,2023-06-22,
Zepto,C01359,Bengaluru,Karnataka,,2023-08-10,
Zepto,C01360,Jaipur,Rajasthan,,2024-10-18,
Zepto,C01361,Mumbai,Maharashtra,,2023-02-19,
Zepto,C01362,Hyderabad,Telangana,,2023-04-04,
Zepto,C01363,Hyderabad,Telangana,,2024-11-27,
Zepto,C01364,Bengaluru,Karnataka,,2023-06-21,
Zepto,C01365,Pune,Maharashtra,,2024-07-29,
Zepto,C01366,Kolkata,West Bengal,,2023-05-04,
Zepto,C01367,Mumbai,Maharashtra,,2024-02-16,
Zepto,C01368,Delhi,Delhi,,2024-11-04,
Zepto,C01369,Kolkata,West Bengal,,2023-11-05,
Zepto,C01370,Bengaluru,Karnataka,,2023-09-15,
Zepto,C01371,Bengaluru,Karnataka,,2023-12-07,
Zepto,C01372,Lucknow,Uttar Pradesh,,2024-08-22,
Zepto,C01373,Jaipur,Rajasthan,,2024-08-24,
Zepto,C01374,Chennai,Tamil Nadu,,2023-08-31,
Zepto,C01375,Ahmedabad,Gujarat,,2023-10-31,
Zepto,C01376,Hyderabad,Telangana,,2024-09-04,
Zepto,C01377,Mumbai,Maharashtra,,2024-06-17,
Zepto,C01378,Pune,Maharashtra,,2023-09-06,
Zepto,C01379,Hyderabad,Telangana,,2024-12-04,
Zepto,C01380,Ahmedabad,Gujarat,,2024-10-06,
Zepto,C01381,Mumbai,Maharashtra,,2024-10-11,
Zepto,C01382,Jaipur,Rajasthan,,2023-07-29,
Zepto,C01383,Chennai,Tamil Nadu,,2023-06-18,
Zepto,C01384,Chennai,Tamil Nadu,,2023-10-20,
Zepto,C01385,Delhi,Delhi,,2024-01-04,
Zepto,C01386,Jaipur,Rajasthan,,2024-09-16,
Zepto,C01387,Kolkata,West Bengal,,2023-03-27,
Zepto,C01388,Chennai,Tamil Nadu,,2024-01-25,
Zepto,C01389,Lucknow,Uttar Pradesh,,2024-05-07,
Zepto,C01390,Bengaluru,Karnataka,,2023-07-14,
Zepto,C01391,Ahmedabad,Gujarat,,2024-02-19,
Zepto,C01392,Lucknow,Uttar Pradesh,,2023-03-14,
Zepto,C01393,Bengaluru,Karnataka,,2023-07-18,
Zepto,C01394,Pune,Maharashtra,,2024-12-14,
Zepto,C01395,Ahmedabad,Gujarat,,2023-02-05,
Zepto,C01396,Bengaluru,Karnataka,,2023-09-18,
Zepto,C01397,Mumbai,Maharashtra,,2023-04-30,
Zepto,C01398,Jaipur,Rajasthan,,2023-07-13,
Zepto,C01399,Jaipur,Rajasthan,,2024-06-29,
Zepto,C01400,Delhi,Delhi,,2024-10-13,
Zepto,C01401,Kolkata,West Bengal,,2024-12-16,
Zepto,C01402,Delhi,Delhi,,2023-03-13,
Zepto,C01403,Bengaluru,Karnataka,,2023-06-30,
Zepto,C01404,Jaipur,Rajasthan,,2023-04-23,
Zepto,C01405,Bengaluru,Karnataka,,2023-07-16,
Zepto,C01406,Delhi,Delhi,,2024-10-13,
Zepto,C01407,Chennai,Tamil Nadu,,2023-03-07,
Zepto,C01408,Delhi,Delhi,,2023-01-10,
Zepto,C01409,Delhi,Delhi,,2023-08-05,
Zepto,C01410,Ahmedabad,Gujarat,,2024-04-29,
Zepto,C01411,Pune,Maharashtra,,2023-09-03,
Zepto,C01412,Pune,Maharashtra,,2023-04-13,
Zepto,C01413,Mumbai,Maharashtra,,2024-09-08,
Zepto,C01414,Pune,Maharashtra,,2024-04-07,
Zepto,C01415,Mumbai,Maharashtra,,2024-10-15,
Zepto,C01416,Ahmedabad,Gujarat,,2023-08-28,
Zepto,C01417,Pune,Maharashtra,,2024-03-14,
Zepto,C01418,Bengaluru,Karnataka,,2024-06-16,
Zepto,C01419,Chennai,Tamil Nadu,,2024-11-20,
Zepto,C01420,Ahmedabad,Gujarat,,2024-11-09,
Zepto,C01421,Delhi,Delhi,,2023-04-19,
Zepto,C01422,Kolkata,West Bengal,,2023-10-15,
Zepto,C01423,Delhi,Delhi,,2024-11-12,
Zepto,C01424,Hyderabad,Telangana,,2024-08-12,
Zepto,C01425,Jaipur,Rajasthan,,2024-03-23,
Zepto,C01426,Delhi,Delhi,,2023-04-02,
Zepto,C01427,Lucknow,Uttar Pradesh,,2024-01-12,
Zepto,C01428,Chennai,Tamil Nadu,,2023-03-05,
Zepto,C01429,Pune,Maharashtra,,2024-01-09,
Zepto,C01430,Kolkata,West Bengal,,2023-01-10,
Zepto,C01431,Hyderabad,Telangana,,2024-05-26,
Zepto,C01432,Mumbai,Maharashtra,,2024-09-05,
Zepto,C01433,Chennai,Tamil Nadu,,2024-12-24,
Zepto,C01434,Mumbai,Maharashtra,,2023-12-08,
Zepto,C01435,Bengaluru,Karnataka,,2024-05-14,
Zepto,C01436,Kolkata,West Bengal,,2023-12-12,
Zepto,C01437,Delhi,Delhi,,2024-06-24,
Zepto,C01438,Kolkata,West Bengal,,2023-04-10,
Zepto,C01439,Chennai,Tamil Nadu,,2024-04-13,
Zepto,C01440,Chennai,Tamil Nadu,,2023-05-29,
Zepto,C01441,Pune,Maharashtra,,2024-08-12,
Zepto,C01442,Bengaluru,Karnataka,,2023-02-27,
Zepto,C01443,Delhi,Delhi,,2024-06-11,
Zepto,C01444,Kolkata,West Bengal,,2023-09-08,
Zepto,C01445,Lucknow,Uttar Pradesh,,2023-06-26,
Zepto,C01446,Kolkata,West Bengal,,2023-10-09,
Zepto,C01447,Delhi,Delhi,,2024-05-15,
Zepto,C01448,Ahmedabad,Gujarat,,2023-10-08,
Zepto,C01449,Kolkata,West Bengal,,2023-11-02,
Zepto,C01450,Bengaluru,Karnataka,,2024-02-20,
Zepto,C01451,Ahmedabad,Gujarat,,2023-03-07,
Zepto,C01452,Delhi,Delhi,,2023-08-01,
Zepto,C01453,Jaipur,Rajasthan,,2024-04-02,
Zepto,C01454,Bengaluru,Karnataka,,2023-03-31,
Zepto,C01455,Jaipur,Rajasthan,,2023-11-02,
Zepto,C01456,Mumbai,Maharashtra,,2023-09-12,
Zepto,C01457,Jaipur,Rajasthan,,2024-03-31,
Zepto,C01458,Pune,Maharashtra,,2024-09-12,
Zepto,C01459,Mumbai,Maharashtra,,2023-08-31,
Zepto,C01460,Bengaluru,Karnataka,,2024-09-08,
Zepto,C01461,Lucknow,Uttar Pradesh,,2024-03-08,
Zepto,C01462,Bengaluru,Karnataka,,2024-02-14,
Zepto,C01463,Jaipur,Rajasthan,,2023-07-28,
Zepto,C01464,Jaipur,Rajasthan,,2024-09-11,
Zepto,C01465,Kolkata,West Bengal,,2023-01-27,
Zepto,C01466,Delhi,Delhi,,2024-12-01,
Zepto,C01467,Pune,Maharashtra,,2023-12-08,
Zepto,C01468,Kolkata,West Bengal,,2023-08-16,
Zepto,C01469,Lucknow,Uttar Pradesh,,2024-05-16,
Zepto,C01470,Jaipur,Rajasthan,,2023-10-05,
Zepto,C01471,Bengaluru,Karnataka,,2023-12-20,
Zepto,C01472,Ahmedabad,Gujarat,,2024-08-29,
Zepto,C01473,Bengaluru,Karnataka,,2023-05-27,
Zepto,C01474,Pune,Maharashtra,,2024-12-25,
Zepto,C01475,Ahmedabad,Gujarat,,2023-12-29,
Zepto,C01476,Jaipur,Rajasthan,,2023-08-23,
Zepto,C01477,Delhi,Delhi,,2024-10-11,
Zepto,C01478,Lucknow,Uttar Pradesh,,2023-02-28,
Zepto,C01479,Kolkata,West Bengal,,2024-11-24,
Zepto,C01480,Delhi,Delhi,,2024-02-20,
Zepto,C01481,Kolkata,West Bengal,,2024-12-20,
Zepto,C01482,Jaipur,Rajasthan,,2024-12-01,
Zepto,C01483,Jaipur,Rajasthan,,2023-08-19,
Zepto,C01484,Pune,Maharashtra,,2023-02-22,
Zepto,C01485,Pune,Maharashtra,,2024-11-26,
Zepto,C01486,Chennai,Tamil Nadu,,2023-09-29,
Zepto,C01487,Jaipur,Rajasthan,,2023-02-06,
Zepto,C01488,Lucknow,Uttar Pradesh,,2024-04-16,
Zepto,C01489,Bengaluru,Karnataka,,2024-02-16,
Zepto,C01490,Delhi,Delhi,,2024-06-25,
Zepto,C01491,Mumbai,Maharashtra,,2023-06-09,
Zepto,C01492,Pune,Maharashtra,,2024-03-14,
Zepto,C01493,Ahmedabad,Gujarat,,2023-06-15,
Zepto,C01494,Delhi,Delhi,,2023-07-14,
Zepto,C01495,Mumbai,Maharashtra,,2023-06-14,
Zepto,C01496,Jaipur,Rajasthan,,2024-05-22,
Zepto,C01497,Bengaluru,Karnataka,,2023-04-23,
Zepto,C01498,Mumbai,Maharashtra,,2024-12-01,
Zepto,C01499,Mumbai,Maharashtra,,2024-03-20,
Zepto,C01500,Hyderabad,Telangana,,2024-09-24,
Zepto,C01501,Chennai,Tamil Nadu,,2024-12-18,
Zepto,C01502,Jaipur,Rajasthan,,2024-09-17,
Zepto,C01503,Hyderabad,Telangana,,2023-05-04,
Zepto,C01504,Bengaluru,Karnataka,,2024-03-12,
Zepto,C01505,Kolkata,West Bengal,,2024-02-22,
Zepto,C01506,Ahmedabad,Gujarat,,2023-03-04,
Zepto,C01507,Pune,Maharashtra,,2023-10-15,
Zepto,C01508,Bengaluru,Karnataka,,2023-02-11,
Zepto,C01509,Chennai,Tamil Nadu,,2024-09-13,
Zepto,C01510,Pune,Maharashtra,,2023-12-09,
Zepto,C01511,Bengaluru,Karnataka,,2023-12-06,
Zepto,C01512,Hyderabad,Telangana,,2024-10-27,
Zepto,C01513,Bengaluru,Karnataka,,2024-10-06,
Zepto,C01514,Hyderabad,Telangana,,2023-07-17,
Zepto,C01515,Pune,Maharashtra,,2023-11-05,
Zepto,C01516,Bengaluru,Karnataka,,2023-07-16,
Zepto,C01517,Pune,Maharashtra,,2024-01-10,
Zepto,C01518,Jaipur,Rajasthan,,2024-05-30,
Zepto,C01519,Chennai,Tamil Nadu,,2023-02-16,
Zepto,C01520,Ahmedabad,Gujarat,,2024-12-02,
Zepto,C01521,Kolkata,West Bengal,,2024-07-29,
Zepto,C01522,Mumbai,Maharashtra,,2023-06-13,
Zepto,C01523,Ahmedabad,Gujarat,,2024-05-30,
Zepto,C01524,Chennai,Tamil Nadu,,2024-07-19,
Zepto,C01525,Chennai,Tamil Nadu,,2023-02-10,
Zepto,C01526,Hyderabad,Telangana,,2023-08-04,
Zepto,C01527,Lucknow,Uttar Pradesh,,2024-01-13,
Zepto,C01528,Kolkata,West Bengal,,2024-09-18,
Zepto,C01529,Pune,Maharashtra,,2023-08-13,
Zepto,C01530,Lucknow,Uttar Pradesh,,2023-04-19,
Zepto,C01531,Hyderabad,Telangana,,2023-11-29,
Zepto,C01532,Bengaluru,Karnataka,,2024-04-01,
Zepto,C01533,Delhi,Delhi,,2024-05-22,
Zepto,C01534,Hyderabad,Telangana,,2024-08-06,
Zepto,C01535,Bengaluru,Karnataka,,2024-02-08,
Zepto,C01536,Hyderabad,Telangana,,2024-04-10,
Zepto,C01537,Lucknow,Uttar Pradesh,,2023-04-13,
Zepto,C01538,Mumbai,Maharashtra,,2023-05-16,
Zepto,C01539,Lucknow,Uttar Pradesh,,2023-01-14,
Zepto,C01540,Delhi,Delhi,,2023-07-27,
Zepto,C01541,Chennai,Tamil Nadu,,2023-12-06,
Zepto,C01542,Jaipur,Rajasthan,,2023-05-07,
Zepto,C01543,Jaipur,Rajasthan,,2024-03-01,
Zepto,C01544,Kolkata,West Bengal,,2023-05-31,
Zepto,C01545,Delhi,Delhi,,2024-05-18,
Zepto,C01546,Pune,Maharashtra,,2023-03-20,
Zepto,C01547,Mumbai,Maharashtra,,2024-09-11,
Zepto,C01548,Bengaluru,Karnataka,,2024-11-26,
Zepto,C01549,Pune,Maharashtra,,2023-04-17,
Zepto,C01550,Mumbai,Maharashtra,,2023-06-02,
Zepto,C01551,Delhi,Delhi,,2023-04-26,
Zepto,C01552,Bengaluru,Karnataka,,2023-07-06,
Zepto,C01553,Kolkata,West Bengal,,2024-09-08,
Zepto,C01554,Ahmedabad,Gujarat,,2024-07-05,
Zepto,C01555,Kolkata,West Bengal,,2023-03-27,
Zepto,C01556,Delhi,Delhi,,2023-08-29,
Zepto,C01557,Pune,Maharashtra,,2024-07-25,
Zepto,C01558,Pune,Maharashtra,,2023-05-23,
Zepto,C01559,Kolkata,West Bengal,,2023-09-06,
Zepto,C01560,Bengaluru,Karnataka,,2024-01-22,
Zepto,C01561,Lucknow,Uttar Pradesh,,2023-03-17,
Zepto,C01562,Bengaluru,Karnataka,,2023-03-22,
Zepto,C01563,Bengaluru,Karnataka,,2023-07-06,
Zepto,C01564,Ahmedabad,Gujarat,,2024-02-26,
Zepto,C01565,Mumbai,Maharashtra,,2024-10-19,
Zepto,C01566,Kolkata,West Bengal,,2024-03-09,
Zepto,C01567,Chennai,Tamil Nadu,,2024-12-27,
Zepto,C01568,Jaipur,Rajasthan,,2024-01-22,
Zepto,C01569,Kolkata,West Bengal,,2023-07-08,
Zepto,C01570,Ahmedabad,Gujarat,,2023-11-17,
Zepto,C01571,Kolkata,West Bengal,,2023-07-19,
Zepto,C01572,Pune,Maharashtra,,2023-01-29,
Zepto,C01573,Hyderabad,Telangana,,2024-09-03,
Zepto,C01574,Mumbai,Maharashtra,,2023-09-04,
Zepto,C01575,Ahmedabad,Gujarat,,2023-02-16,
Zepto,C01576,Pune,Maharashtra,,2023-10-17,
Zepto,C01577,Pune,Maharashtra,,2023-05-13,
Zepto,C01578,Delhi,Delhi,,2024-05-29,
Zepto,C01579,Lucknow,Uttar Pradesh,,2023-02-08,
Zepto,C01580,Delhi,Delhi,,2023-08-26,
Zepto,C01581,Jaipur,Rajasthan,,2024-09-15,
Zepto,C01582,Chennai,Tamil Nadu,,2024-01-04,
Zepto,C01583,Hyderabad,Telangana,,2023-08-02,
Zepto,C01584,Ahmedabad,Gujarat,,2023-04-10,
Zepto,C01585,Ahmedabad,Gujarat,,2023-04-07,
Zepto,C01586,Delhi,Delhi,,2023-10-14,
Zepto,C01587,Ahmedabad,Gujarat,,2023-09-22,
Zepto,C01588,Delhi,Delhi,,2024-08-05,
Zepto,C01589,Kolkata,West Bengal,,2024-09-26,
Zepto,C01590,Pune,Maharashtra,,2024-01-18,
Zepto,C01591,Lucknow,Uttar Pradesh,,2024-10-21,
Zepto,C01592,Chennai,Tamil Nadu,,2024-01-20,
Zepto,C01593,Kolkata,West Bengal,,2024-04-18,
Zepto,C01594,Ahmedabad,Gujarat,,2023-04-22,
Zepto,C01595,Kolkata,West Bengal,,2023-07-24,
Zepto,C01596,Ahmedabad,Gujarat,,2023-08-06,
Zepto,C01597,Bengaluru,Karnataka,,2024-04-26,
Zepto,C01598,Kolkata,West Bengal,,2023-03-05,
Zepto,C01599,Mumbai,Maharashtra,,2024-12-01,
Zepto,C01600,Bengaluru,Karnataka,,2023-03-12,
Zepto,C01601,Kolkata,West Bengal,,2024-06-21,
Zepto,C01602,Kolkata,West Bengal,,2023-12-17,
Zepto,C01603,Ahmedabad,Gujarat,,2024-05-01,
Zepto,C01604,Kolkata,West Bengal,,2023-01-11,
Zepto,C01605,Lucknow,Uttar Pradesh,,2024-09-23,
Zepto,C01606,Bengaluru,Karnataka,,2024-05-26,
Zepto,C01607,Ahmedabad,Gujarat,,2023-05-09,
Zepto,C01608,Kolkata,West Bengal,,2024-12-14,
Zepto,C01609,Hyderabad,Telangana,,2023-07-15,
Zepto,C01610,Chennai,Tamil Nadu,,2023-11-11,
Zepto,C01611,Kolkata,West Bengal,,2024-02-25,
Zepto,C01612,Delhi,Delhi,,2023-06-30,
Zepto,C01613,Bengaluru,Karnataka,,2024-07-09,
Zepto,C01614,Chennai,Tamil Nadu,,2024-12-19,
Zepto,C01615,Delhi,Delhi,,2024-10-27,
Zepto,C01616,Jaipur,Rajasthan,,2023-04-13,
Zepto,C01617,Chennai,Tamil Nadu,,2024-03-06,
Zepto,C01618,Hyderabad,Telangana,,2024-04-25,
Zepto,C01619,Kolkata,West Bengal,,2023-01-08,
Zepto,C01620,Chennai,Tamil Nadu,,2023-11-11,
Zepto,C01621,Mumbai,Maharashtra,,2023-01-16,
Zepto,C01622,Lucknow,Uttar Pradesh,,2023-11-22,
Zepto,C01623,Jaipur,Rajasthan,,2024-02-05,
Zepto,C01624,Kolkata,West Bengal,,2023-05-12,
Zepto,C01625,Bengaluru,Karnataka,,2024-03-23,
Zepto,C01626,Lucknow,Uttar Pradesh,,2024-02-06,
Zepto,C01627,Delhi,Delhi,,2023-04-06,
Zepto,C01628,Bengaluru,Karnataka,,2023-01-29,
Zepto,C01629,Bengaluru,Karnataka,,2024-04-09,
Zepto,C01630,Chennai,Tamil Nadu,,2023-07-18,
Zepto,C01631,Mumbai,Maharashtra,,2023-10-09,
Zepto,C01632,Delhi,Delhi,,2023-04-24,
Zepto,C01633,Chennai,Tamil Nadu,,2023-07-04,
Zepto,C01634,Kolkata,West Bengal,,2023-04-14,
Zepto,C01635,Delhi,Delhi,,2023-08-04,
Zepto,C01636,Bengaluru,Karnataka,,2023-07-04,
Zepto,C01637,Lucknow,Uttar Pradesh,,2023-02-02,
Zepto,C01638,Lucknow,Uttar Pradesh,,2024-07-13,
Zepto,C01639,Hyderabad,Telangana,,2024-09-12,
Zepto,C01640,Hyderabad,Telangana,,2024-01-09,
Zepto,C01641,Delhi,Delhi,,2024-12-09,
Zepto,C01642,Pune,Maharashtra,,2024-12-26,
Zepto,C01643,Kolkata,West Bengal,,2024-06-08,
Zepto,C01644,Kolkata,West Bengal,,2023-04-16,
Zepto,C01645,Ahmedabad,Gujarat,,2024-03-19,
Zepto,C01646,Lucknow,Uttar Pradesh,,2023-04-21,
Zepto,C01647,Pune,Maharashtra,,2024-10-09,
Zepto,C01648,Chennai,Tamil Nadu,,2024-08-23,
Zepto,C01649,Jaipur,Rajasthan,,2023-12-27,
Zepto,C01650,Kolkata,West Bengal,,2023-07-10,
Zepto,C01651,Pune,Maharashtra,,2023-05-29,
Zepto,C01652,Pune,Maharashtra,,2023-08-07,
Zepto,C01653,Delhi,Delhi,,2024-01-30,
Zepto,C01654,Jaipur,Rajasthan,,2023-10-12,
Zepto,C01655,Kolkata,West Bengal,,2023-11-22,
Zepto,C01656,Ahmedabad,Gujarat,,2023-02-17,
Zepto,C01657,Lucknow,Uttar Pradesh,,2023-12-01,
Zepto,C01658,Mumbai,Maharashtra,,2024-10-21,
Zepto,C01659,Mumbai,Maharashtra,,2024-06-30,
Zepto,C01660,Ahmedabad,Gujarat,,2023-04-08,
Zepto,C01661,Kolkata,West Bengal,,2023-03-23,
Zepto,C01662,Chennai,Tamil Nadu,,2024-12-14,
Zepto,C01663,Delhi,Delhi,,2023-01-30,
Zepto,C01664,Kolkata,West Bengal,,2023-08-20,
Zepto,C01665,Jaipur,Rajasthan,,2023-01-06,
Zepto,C01666,Delhi,Delhi,,2023-09-28,
Zepto,C01667,Bengaluru,Karnataka,,2024-08-20,
Zepto,C01668,Lucknow,Uttar Pradesh,,2024-02-28,
Zepto,C01669,Ahmedabad,Gujarat,,2024-11-08,
Zepto,C01670,Hyderabad,Telangana,,2023-04-05,
Zepto,C01671,Hyderabad,Telangana,,2024-12-12,
Zepto,C01672,Hyderabad,Telangana,,2024-04-24,
Zepto,C01673,Lucknow,Uttar Pradesh,,2024-06-24,
Zepto,C01674,Bengaluru,Karnataka,,2024-05-31,
Zepto,C01675,Ahmedabad,Gujarat,,2024-09-27,
Zepto,C01676,Kolkata,West Bengal,,2023-06-18,
Zepto,C01677,Delhi,Delhi,,2023-09-04,
Zepto,C01678,Jaipur,Rajasthan,,2024-04-08,
Zepto,C01679,Pune,Maharashtra,,2024-03-17,
Zepto,C01680,Pune,Maharashtra,,2023-02-24,
Zepto,C01681,Kolkata,West Bengal,,2024-03-08,
Zepto,C01682,Chennai,Tamil Nadu,,2024-06-26,
Zepto,C01683,Hyderabad,Telangana,,2023-04-24,
Zepto,C01684,Chennai,Tamil Nadu,,2023-09-02,
Zepto,C01685,Kolkata,West Bengal,,2024-02-06,
Zepto,C01686,Ahmedabad,Gujarat,,2023-07-30,
Zepto,C01687,Chennai,Tamil Nadu,,2023-01-04,
Zepto,C01688,Ahmedabad,Gujarat,,2023-11-09,
Zepto,C01689,Bengaluru,Karnataka,,2023-12-07,
Zepto,C01690,Pune,Maharashtra,,2023-01-22,
Zepto,C01691,Lucknow,Uttar Pradesh,,2023-12-27,
Zepto,C01692,Ahmedabad,Gujarat,,2023-04-23,
Zepto,C01693,Hyderabad,Telangana,,2024-06-21,
Zepto,C01694,Chennai,Tamil Nadu,,2023-12-10,
Zepto,C01695,Ahmedabad,Gujarat,,2023-09-17,
Zepto,C01696,Pune,Maharashtra,,2024-06-14,
Zepto,C01697,Mumbai,Maharashtra,,2023-06-01,
Zepto,C01698,Hyderabad,Telangana,,2024-08-14,
Zepto,C01699,Kolkata,West Bengal,,2024-10-16,
Zepto,C01700,Jaipur,Rajasthan,,2023-06-29,
Zepto,C01701,Chennai,Tamil Nadu,,2023-11-13,
Zepto,C01702,Lucknow,Uttar Pradesh,,2023-05-06,
Zepto,C01703,Chennai,Tamil Nadu,,2023-04-23,
Zepto,C01704,Jaipur,Rajasthan,,2023-10-24,
Zepto,C01705,Delhi,Delhi,,2023-10-29,
Zepto,C01706,Delhi,Delhi,,2023-02-24,
Zepto,C01707,Mumbai,Maharashtra,,2023-02-21,
Zepto,C01708,Jaipur,Rajasthan,,2023-06-08,
Zepto,C01709,Kolkata,West Bengal,,2024-08-22,
Zepto,C01710,Hyderabad,Telangana,,2024-11-25,
Zepto,C01711,Chennai,Tamil Nadu,,2023-11-06,
Zepto,C01712,Lucknow,Uttar Pradesh,,2023-05-23,
Zepto,C01713,Chennai,Tamil Nadu,,2023-11-09,
Zepto,C01714,Jaipur,Rajasthan,,2023-07-07,
Zepto,C01715,Pune,Maharashtra,,2024-05-30,
Zepto,C01716,Kolkata,West Bengal,,2024-04-17,
Zepto,C01717,Delhi,Delhi,,2023-05-24,
Zepto,C01718,Bengaluru,Karnataka,,2024-09-27,
Zepto,C01719,Bengaluru,Karnataka,,2024-02-17,
Zepto,C01720,Delhi,Delhi,,2023-02-26,
Zepto,C01721,Lucknow,Uttar Pradesh,,2024-05-08,
Zepto,C01722,Mumbai,Maharashtra,,2024-12-19,
Zepto,C01723,Bengaluru,Karnataka,,2023-08-17,
Zepto,C01724,Ahmedabad,Gujarat,,2024-09-30,
Zepto,C01725,Delhi,Delhi,,2024-06-16,
Zepto,C01726,Jaipur,Rajasthan,,2024-03-30,
Zepto,C01727,Bengaluru,Karnataka,,2023-08-29,
Zepto,C01728,Delhi,Delhi,,2024-03-18,
Zepto,C01729,Hyderabad,Telangana,,2023-06-24,
Zepto,C01730,Chennai,Tamil Nadu,,2024-11-14,
Zepto,C01731,Kolkata,West Bengal,,2024-01-31,
Zepto,C01732,Mumbai,Maharashtra,,2023-10-18,
Zepto,C01733,Chennai,Tamil Nadu,,2023-02-04,
Zepto,C01734,Bengaluru,Karnataka,,2024-04-24,
Zepto,C01735,Jaipur,Rajasthan,,2024-05-30,
Zepto,C01736,Bengaluru,Karnataka,,2024-11-02,
Zepto,C01737,Chennai,Tamil Nadu,,2024-11-05,
Zepto,C01738,Ahmedabad,Gujarat,,2024-01-21,
Zepto,C01739,Jaipur,Rajasthan,,2023-09-23,
Zepto,C01740,Lucknow,Uttar Pradesh,,2024-09-24,
Zepto,C01741,Hyderabad,Telangana,,2023-04-09,
Zepto,C01742,Hyderabad,Telangana,,2023-04-18,
Zepto,C01743,Lucknow,Uttar Pradesh,,2023-09-14,
Zepto,C01744,Lucknow,Uttar Pradesh,,2024-10-08,
Zepto,C01745,Kolkata,West Bengal,,2023-05-17,
Zepto,C01746,Ahmedabad,Gujarat,,2024-11-26,
Zepto,C01747,Jaipur,Rajasthan,,2023-07-16,
Zepto,C01748,Delhi,Delhi,,2023-07-28,
Zepto,C01749,Lucknow,Uttar Pradesh,,2024-07-13,
Zepto,C01750,Jaipur,Rajasthan,,2024-05-23,
Zepto,C01751,Pune,Maharashtra,,2024-01-01,
Zepto,C01752,Kolkata,West Bengal,,2024-10-02,
Zepto,C01753,Chennai,Tamil Nadu,,2023-04-14,
Zepto,C01754,Pune,Maharashtra,,2023-01-24,
Zepto,C01755,Delhi,Delhi,,2023-06-11,
Zepto,C01756,Lucknow,Uttar Pradesh,,2024-05-27,
Zepto,C01757,Lucknow,Uttar Pradesh,,2024-04-27,
Zepto,C01758,Hyderabad,Telangana,,2023-12-09,
Zepto,C01759,Mumbai,Maharashtra,,2023-08-30,
Zepto,C01760,Pune,Maharashtra,,2023-03-14,
Zepto,C01761,Bengaluru,Karnataka,,2023-10-05,
Zepto,C01762,Pune,Maharashtra,,2024-03-17,
Zepto,C01763,Mumbai,Maharashtra,,2023-07-20,
Zepto,C01764,Jaipur,Rajasthan,,2024-05-08,
Zepto,C01765,Kolkata,West Bengal,,2024-07-16,
Zepto,C01766,Pune,Maharashtra,,2023-12-27,
Zepto,C01767,Hyderabad,Telangana,,2023-04-05,
Zepto,C01768,Lucknow,Uttar Pradesh,,2023-02-16,
Zepto,C01769,Ahmedabad,Gujarat,,2023-07-04,
Zepto,C01770,Hyderabad,Telangana,,2023-10-27,
Zepto,C01771,Delhi,Delhi,,2023-03-20,
Zepto,C01772,Hyderabad,Telangana,,2024-03-30,
Zepto,C01773,Hyderabad,Telangana,,2024-06-23,
Zepto,C01774,Pune,Maharashtra,,2024-02-25,
Zepto,C01775,Jaipur,Rajasthan,,2023-08-25,
Zepto,C01776,Mumbai,Maharashtra,,2023-08-29,
Zepto,C01777,Chennai,Tamil Nadu,,2023-10-12,
Zepto,C01778,Mumbai,Maharashtra,,2023-10-13,
Zepto,C01779,Kolkata,West Bengal,,2024-03-30,
Zepto,C01780,Kolkata,West Bengal,,2024-06-29,
Zepto,C01781,Mumbai,Maharashtra,,2024-09-15,
Zepto,C01782,Pune,Maharashtra,,2024-09-28,
Zepto,C01783,Kolkata,West Bengal,,2024-11-25,
Zepto,C01784,Jaipur,Rajasthan,,2023-09-24,
Zepto,C01785,Bengaluru,Karnataka,,2023-01-16,
Zepto,C01786,Chennai,Tamil Nadu,,2023-12-12,
Zepto,C01787,Chennai,Tamil Nadu,,2024-11-06,
Zepto,C01788,Pune,Maharashtra,,2023-09-28,
Zepto,C01789,Ahmedabad,Gujarat,,2023-02-07,
Zepto,C01790,Lucknow,Uttar Pradesh,,2023-03-23,
Zepto,C01791,Ahmedabad,Gujarat,,2023-07-04,
Zepto,C01792,Hyderabad,Telangana,,2024-10-07,
Zepto,C01793,Mumbai,Maharashtra,,2023-07-08,
Zepto,C01794,Hyderabad,Telangana,,2023-03-04,
Zepto,C01795,Jaipur,Rajasthan,,2023-02-15,
Zepto,C01796,Ahmedabad,Gujarat,,2023-04-26,
Zepto,C01797,Pune,Maharashtra,,2024-11-28,
Zepto,C01798,Mumbai,Maharashtra,,2023-12-01,
Zepto,C01799,Pune,Maharashtra,,2024-04-26,
Zepto,C01800,Chennai,Tamil Nadu,,2023-06-03,
Zepto,C01801,Jaipur,Rajasthan,,2024-06-04,
Zepto,C01802,Mumbai,Maharashtra,,2024-11-03,
Zepto,C01803,Lucknow,Uttar Pradesh,,2024-05-30,
Zepto,C01804,Jaipur,Rajasthan,,2023-02-22,
Zepto,C01805,Chennai,Tamil Nadu,,2023-07-19,
Zepto,C01806,Hyderabad,Telangana,,2024-04-11,
Zepto,C01807,Pune,Maharashtra,,2023-03-23,
Zepto,C01808,Ahmedabad,Gujarat,,2024-09-11,
Zepto,C01809,Jaipur,Rajasthan,,2023-09-08,
Zepto,C01810,Pune,Maharashtra,,2023-11-18,
Zepto,C01811,Lucknow,Uttar Pradesh,,2024-05-21,
Zepto,C01812,Kolkata,West Bengal,,2023-09-27,
Zepto,C01813,Kolkata,West Bengal,,2023-01-25,
Zepto,C01814,Kolkata,West Bengal,,2024-03-08,
Zepto,C01815,Chennai,Tamil Nadu,,2023-05-02,
Zepto,C01816,Mumbai,Maharashtra,,2023-03-17,
Zepto,C01817,Chennai,Tamil Nadu,,2024-05-03,
Zepto,C01818,Delhi,Delhi,,2023-06-05,
Zepto,C01819,Ahmedabad,Gujarat,,2024-01-24,
Zepto,C01820,Chennai,Tamil Nadu,,2023-04-10,
Zepto,C01821,Jaipur,Rajasthan,,2024-06-21,
Zepto,C01822,Pune,Maharashtra,,2023-07-02,
Zepto,C01823,Lucknow,Uttar Pradesh,,2024-09-22,
Zepto,C01824,Chennai,Tamil Nadu,,2023-10-08,
Zepto,C01825,Chennai,Tamil Nadu,,2024-09-12,
Zepto,C01826,Jaipur,Rajasthan,,2024-06-04,
Zepto,C01827,Jaipur,Rajasthan,,2023-07-19,
Zepto,C01828,Lucknow,Uttar Pradesh,,2024-03-12,
Zepto,C01829,Delhi,Delhi,,2024-12-24,
Zepto,C01830,Bengaluru,Karnataka,,2023-10-13,
Zepto,C01831,Delhi,Delhi,,2023-12-01,
Zepto,C01832,Jaipur,Rajasthan,,2024-11-19,
Zepto,C01833,Pune,Maharashtra,,2023-07-14,
Zepto,C01834,Kolkata,West Bengal,,2023-08-14,
Zepto,C01835,Ahmedabad,Gujarat,,2023-10-17,
Zepto,C01836,Mumbai,Maharashtra,,2024-03-20,
Zepto,C01837,Mumbai,Maharashtra,,2024-03-04,
Zepto,C01838,Pune,Maharashtra,,2024-05-10,
Zepto,C01839,Ahmedabad,Gujarat,,2024-05-16,
Zepto,C01840,Delhi,Delhi,,2023-08-13,
Zepto,C01841,Hyderabad,Telangana,,2024-11-09,
Zepto,C01842,Delhi,Delhi,,2023-12-22,
Zepto,C01843,Lucknow,Uttar Pradesh,,2024-02-26,
Zepto,C01844,Kolkata,West Bengal,,2023-03-04,
Zepto,C01845,Kolkata,West Bengal,,2024-03-28,
Zepto,C01846,Ahmedabad,Gujarat,,2023-08-13,
Zepto,C01847,Lucknow,Uttar Pradesh,,2023-06-20,
Zepto,C01848,Lucknow,Uttar Pradesh,,2023-12-04,
Zepto,C01849,Kolkata,West Bengal,,2023-04-03,
Zepto,C01850,Jaipur,Rajasthan,,2023-08-04,
Zepto,C01851,Kolkata,West Bengal,,2023-08-23,
Zepto,C01852,Jaipur,Rajasthan,,2023-09-12,
Zepto,C01853,Delhi,Delhi,,2024-05-28,
Zepto,C01854,Mumbai,Maharashtra,,2023-08-24,
Zepto,C01855,Kolkata,West Bengal,,2023-05-15,
Zepto,C01856,Mumbai,Maharashtra,,2023-01-16,
Zepto,C01857,Kolkata,West Bengal,,2023-07-18,
Zepto,C01858,Chennai,Tamil Nadu,,2023-10-08,
Zepto,C01859,Lucknow,Uttar Pradesh,,2024-04-27,
Zepto,C01860,Jaipur,Rajasthan,,2023-10-13,
Zepto,C01861,Mumbai,Maharashtra,,2024-05-23,
Zepto,C01862,Hyderabad,Telangana,,2024-08-14,
Zepto,C01863,Lucknow,Uttar Pradesh,,2023-04-22,
Zepto,C01864,Delhi,Delhi,,2024-07-28,
Zepto,C01865,Bengaluru,Karnataka,,2024-02-17,
Zepto,C01866,Hyderabad,Telangana,,2023-03-02,
Zepto,C01867,Bengaluru,Karnataka,,2023-02-07,
Zepto,C01868,Chennai,Tamil Nadu,,2024-12-07,
Zepto,C01869,Hyderabad,Telangana,,2023-11-26,
Zepto,C01870,Delhi,Delhi,,2024-03-11,
Zepto,C01871,Jaipur,Rajasthan,,2023-05-05,
Zepto,C01872,Mumbai,Maharashtra,,2024-03-10,
Zepto,C01873,Kolkata,West Bengal,,2024-02-13,
Zepto,C01874,Chennai,Tamil Nadu,,2024-06-19,
Zepto,C01875,Bengaluru,Karnataka,,2023-10-25,
Zepto,C01876,Ahmedabad,Gujarat,,2024-04-18,
Zepto,C01877,Mumbai,Maharashtra,,2023-11-22,
Zepto,C01878,Chennai,Tamil Nadu,,2024-12-19,
Zepto,C01879,Delhi,Delhi,,2023-03-04,
Zepto,C01880,Jaipur,Rajasthan,,2023-08-20,
Zepto,C01881,Lucknow,Uttar Pradesh,,2023-11-10,
Zepto,C01882,Jaipur,Rajasthan,,2024-10-18,
Zepto,C01883,Chennai,Tamil Nadu,,2023-07-02,
Zepto,C01884,Lucknow,Uttar Pradesh,,2024-10-22,
Zepto,C01885,Lucknow,Uttar Pradesh,,2023-10-11,
Zepto,C01886,Hyderabad,Telangana,,2023-04-04,
Zepto,C01887,Pune,Maharashtra,,2023-03-21,
Zepto,C01888,Ahmedabad,Gujarat,,2023-12-01,
Zepto,C01889,Kolkata,West Bengal,,2024-01-30,
Zepto,C01890,Jaipur,Rajasthan,,2023-03-22,
Zepto,C01891,Bengaluru,Karnataka,,2024-03-23,
Zepto,C01892,Delhi,Delhi,,2024-07-25,
Zepto,C01893,Ahmedabad,Gujarat,,2024-11-17,
Zepto,C01894,Kolkata,West Bengal,,2024-01-19,
Zepto,C01895,Hyderabad,Telangana,,2023-01-06,
Zepto,C01896,Chennai,Tamil Nadu,,2024-05-29,
Zepto,C01897,Ahmedabad,Gujarat,,2024-02-12,
Zepto,C01898,Mumbai,Maharashtra,,2024-04-27,
Zepto,C01899,Jaipur,Rajasthan,,2023-04-17,
Zepto,C01900,Bengaluru,Karnataka,,2023-05-15,
Zepto,C01901,Mumbai,Maharashtra,,2023-11-18,
Zepto,C01902,Lucknow,Uttar Pradesh,,2023-01-18,
Zepto,C01903,Pune,Maharashtra,,2024-06-12,
Zepto,C01904,Mumbai,Maharashtra,,2023-03-08,
Zepto,C01905,Bengaluru,Karnataka,,2024-03-30,
Zepto,C01906,Kolkata,West Bengal,,2023-06-27,
Zepto,C01907,Pune,Maharashtra,,2024-04-22,
Zepto,C01908,Delhi,Delhi,,2023-04-03,
Zepto,C01909,Mumbai,Maharashtra,,2023-06-23,
Zepto,C01910,Chennai,Tamil Nadu,,2024-11-28,
Zepto,C01911,Bengaluru,Karnataka,,2023-10-13,
Zepto,C01912,Chennai,Tamil Nadu,,2023-07-24,
Zepto,C01913,Delhi,Delhi,,2024-05-16,
Zepto,C01914,Jaipur,Rajasthan,,2024-04-05,
Zepto,C01915,Lucknow,Uttar Pradesh,,2023-08-04,
Zepto,C01916,Jaipur,Rajasthan,,2023-10-03,
Zepto,C01917,Chennai,Tamil Nadu,,2023-02-02,
Zepto,C01918,Lucknow,Uttar Pradesh,,2023-11-27,
Zepto,C01919,Pune,Maharashtra,,2024-12-19,
Zepto,C01920,Pune,Maharashtra,,2023-12-11,
Zepto,C01921,Jaipur,Rajasthan,,2023-07-10,
Zepto,C01922,Kolkata,West Bengal,,2024-04-29,
Zepto,C01923,Kolkata,West Bengal,,2023-11-04,
Zepto,C01924,Chennai,Tamil Nadu,,2024-08-14,
Zepto,C01925,Chennai,Tamil Nadu,,2024-09-03,
Zepto,C01926,Pune,Maharashtra,,2023-02-25,
Zepto,C01927,Kolkata,West Bengal,,2023-06-19,
Zepto,C01928,Chennai,Tamil Nadu,,2023-11-11,
Zepto,C01929,Delhi,Delhi,,2023-09-08,
Zepto,C01930,Pune,Maharashtra,,2023-04-13,
Zepto,C01931,Kolkata,West Bengal,,2024-04-19,
Zepto,C01932,Kolkata,West Bengal,,2023-12-01,
Zepto,C01933,Pune,Maharashtra,,2024-05-15,
Zepto,C01934,Hyderabad,Telangana,,2024-01-13,
Zepto,C01935,Lucknow,Uttar Pradesh,,2024-02-12,
Zepto,C01936,Hyderabad,Telangana,,2023-11-06,
Zepto,C01937,Kolkata,West Bengal,,2023-06-04,
Zepto,C01938,Mumbai,Maharashtra,,2023-09-25,
Zepto,C01939,Delhi,Delhi,,2024-04-21,
Zepto,C01940,Mumbai,Maharashtra,,2023-06-14,
Zepto,C01941,Mumbai,Maharashtra,,2024-05-12,
Zepto,C01942,Delhi,Delhi,,2024-09-10,
Zepto,C01943,Jaipur,Rajasthan,,2024-01-09,
Zepto,C01944,Delhi,Delhi,,2023-06-03,
Zepto,C01945,Lucknow,Uttar Pradesh,,2024-04-10,
Zepto,C01946,Ahmedabad,Gujarat,,2024-04-16,
Zepto,C01947,Kolkata,West Bengal,,2023-12-12,
Zepto,C01948,Pune,Maharashtra,,2024-03-03,
Zepto,C01949,Lucknow,Uttar Pradesh,,2023-04-25,
Zepto,C01950,Bengaluru,Karnataka,,2023-03-28,
Zepto,C01951,Ahmedabad,Gujarat,,2024-03-17,
Zepto,C01952,Jaipur,Rajasthan,,2024-08-05,
Zepto,C01953,Bengaluru,Karnataka,,2024-09-15,
Zepto,C01954,Pune,Maharashtra,,2024-10-14,
Zepto,C01955,Delhi,Delhi,,2024-03-19,
Zepto,C01956,Lucknow,Uttar Pradesh,,2024-06-10,
Zepto,C01957,Hyderabad,Telangana,,2024-03-23,
Zepto,C01958,Lucknow,Uttar Pradesh,,2024-02-13,
Zepto,C01959,Mumbai,Maharashtra,,2024-02-29,
Zepto,C01960,Pune,Maharashtra,,2023-04-10,
Zepto,C01961,Delhi,Delhi,,2024-09-18,
Zepto,C01962,Lucknow,Uttar Pradesh,,2023-12-03,
Zepto,C01963,Pune,Maharashtra,,2023-12-15,
Zepto,C01964,Hyderabad,Telangana,,2024-06-29,
Zepto,C01965,Lucknow,Uttar Pradesh,,2023-03-22,
Zepto,C01966,Pune,Maharashtra,,2023-11-08,
Zepto,C01967,Bengaluru,Karnataka,,2024-10-01,
Zepto,C01968,Mumbai,Maharashtra,,2023-10-18,
Zepto,C01969,Bengaluru,Karnataka,,2024-01-23,
Zepto,C01970,Delhi,Delhi,,2024-08-07,
Zepto,C01971,Jaipur,Rajasthan,,2024-02-23,
Zepto,C01972,Pune,Maharashtra,,2024-01-07,
Zepto,C01973,Hyderabad,Telangana,,2024-02-18,
Zepto,C01974,Bengaluru,Karnataka,,2023-07-01,
Zepto,C01975,Ahmedabad,Gujarat,,2024-11-02,
Zepto,C01976,Kolkata,West Bengal,,2024-02-25,
Zepto,C01977,Jaipur,Rajasthan,,2023-03-24,
Zepto,C01978,Lucknow,Uttar Pradesh,,2023-09-13,
Zepto,C01979,Mumbai,Maharashtra,,2024-09-07,
Zepto,C01980,Ahmedabad,Gujarat,,2024-01-13,
Zepto,C01981,Pune,Maharashtra,,2023-05-16,
Zepto,C01982,Ahmedabad,Gujarat,,2023-09-08,
Zepto,C01983,Jaipur,Rajasthan,,2024-10-18,
Zepto,C01984,Hyderabad,Telangana,,2024-04-18,
Zepto,C01985,Jaipur,Rajasthan,,2024-04-26,
Zepto,C01986,Delhi,Delhi,,2024-09-13,
Zepto,C01987,Chennai,Tamil Nadu,,2024-02-12,
Zepto,C01988,Ahmedabad,Gujarat,,2024-03-14,
Zepto,C01989,Delhi,Delhi,,2023-06-23,
Zepto,C01990,Ahmedabad,Gujarat,,2023-08-04,
Zepto,C01991,Ahmedabad,Gujarat,,2024-12-27,
Zepto,C01992,Pune,Maharashtra,,2024-04-06,
Zepto,C01993,Bengaluru,Karnataka,,2024-06-18,
Zepto,C01994,Pune,Maharashtra,,2024-12-31,
Zepto,C01995,Ahmedabad,Gujarat,,2024-12-31,
Zepto,C01996,Bengaluru,Karnataka,,2024-09-14,
Zepto,C01997,Hyderabad,Telangana,,2024-08-20,
Zepto,C01998,Jaipur,Rajasthan,,2024-06-13,
Zepto,C01999,Bengaluru,Karnataka,,2024-08-24,
Zepto,C02000,Bengaluru,Karnataka,,2024-06-21,
Zepto,C02001,Delhi,Delhi,,2023-12-17,
Zepto,C02002,Lucknow,Uttar Pradesh,,2023-05-03,
Zepto,C02003,Mumbai,Maharashtra,,2024-06-20,
Zepto,C02004,Delhi,Delhi,,2023-12-04,
Zepto,C02005,Jaipur,Rajasthan,,2023-03-23,
Zepto,C02006,Chennai,Tamil Nadu,,2023-07-07,
Zepto,C02007,Chennai,Tamil Nadu,,2024-07-19,
Zepto,C02008,Bengaluru,Karnataka,,2024-06-19,
Zepto,C02009,Lucknow,Uttar Pradesh,,2024-05-03,
Zepto,C02010,Pune,Maharashtra,,2024-10-11,
Zepto,C02011,Ahmedabad,Gujarat,,2023-07-22,
Zepto,C02012,Chennai,Tamil Nadu,,2024-08-05,
Zepto,C02013,Ahmedabad,Gujarat,,2024-10-20,
Zepto,C02014,Kolkata,West Bengal,,2024-09-07,
Zepto,C02015,Jaipur,Rajasthan,,2023-10-18,
Zepto,C02016,Jaipur,Rajasthan,,2024-05-30,
Zepto,C02017,Ahmedabad,Gujarat,,2023-01-07,
Zepto,C02018,Delhi,Delhi,,2024-03-18,
Zepto,C02019,Bengaluru,Karnataka,,2023-07-18,
Zepto,C02020,Pune,Maharashtra,,2024-06-27,
Zepto,C02021,Lucknow,Uttar Pradesh,,2024-11-19,
Zepto,C02022,Bengaluru,Karnataka,,2023-06-11,
Zepto,C02023,Lucknow,Uttar Pradesh,,2024-03-02,
Zepto,C02024,Pune,Maharashtra,,2023-05-29,
Zepto,C02025,Ahmedabad,Gujarat,,2023-11-12,
Zepto,C02026,Kolkata,West Bengal,,2023-02-26,
Zepto,C02027,Mumbai,Maharashtra,,2024-12-22,
Zepto,C02028,Mumbai,Maharashtra,,2023-11-26,
Zepto,C02029,Hyderabad,Telangana,,2024-09-24,
Zepto,C02030,Bengaluru,Karnataka,,2023-11-30,
Zepto,C02031,Kolkata,West Bengal,,2024-12-05,
Zepto,C02032,Kolkata,West Bengal,,2023-03-02,
Zepto,C02033,Ahmedabad,Gujarat,,2023-10-19,
Zepto,C02034,Pune,Maharashtra,,2024-02-28,
Zepto,C02035,Jaipur,Rajasthan,,2023-04-01,
Zepto,C02036,Chennai,Tamil Nadu,,2024-07-24,
Zepto,C02037,Pune,Maharashtra,,2024-01-05,
Zepto,C02038,Ahmedabad,Gujarat,,2024-01-06,
Zepto,C02039,Bengaluru,Karnataka,,2023-05-03,
Zepto,C02040,Jaipur,Rajasthan,,2023-03-03,
Zepto,C02041,Jaipur,Rajasthan,,2023-12-01,
Zepto,C02042,Delhi,Delhi,,2023-03-19,
Zepto,C02043,Bengaluru,Karnataka,,2024-06-09,
Zepto,C02044,Delhi,Delhi,,2024-12-01,
Zepto,C02045,Pune,Maharashtra,,2023-03-16,
Zepto,C02046,Mumbai,Maharashtra,,2024-02-16,
Zepto,C02047,Mumbai,Maharashtra,,2023-01-09,
Zepto,C02048,Lucknow,Uttar Pradesh,,2024-11-21,
Zepto,C02049,Lucknow,Uttar Pradesh,,2023-12-30,
Zepto,C02050,Chennai,Tamil Nadu,,2023-07-05,
Zepto,C02051,Bengaluru,Karnataka,,2024-07-07,
Zepto,C02052,Hyderabad,Telangana,,2023-07-26,
Zepto,C02053,Hyderabad,Telangana,,2023-12-30,
Zepto,C02054,Mumbai,Maharashtra,,2024-03-30,
Zepto,C02055,Hyderabad,Telangana,,2023-07-30,
Zepto,C02056,Jaipur,Rajasthan,,2024-08-15,
Zepto,C02057,Ahmedabad,Gujarat,,2024-09-11,
Zepto,C02058,Jaipur,Rajasthan,,2024-01-04,
Zepto,C02059,Mumbai,Maharashtra,,2023-01-08,
Zepto,C02060,Pune,Maharashtra,,2024-01-05,
Zepto,C02061,Chennai,Tamil Nadu,,2023-08-23,
Zepto,C02062,Pune,Maharashtra,,2023-02-16,
Zepto,C02063,Jaipur,Rajasthan,,2023-06-09,
Zepto,C02064,Chennai,Tamil Nadu,,2024-01-16,
Zepto,C02065,Jaipur,Rajasthan,,2023-06-05,
Zepto,C02066,Ahmedabad,Gujarat,,2023-07-28,
Zepto,C02067,Lucknow,Uttar Pradesh,,2023-11-25,
Zepto,C02068,Mumbai,Maharashtra,,2023-05-28,
Zepto,C02069,Jaipur,Rajasthan,,2023-06-23,
Zepto,C02070,Delhi,Delhi,,2024-03-05,
Zepto,C02071,Jaipur,Rajasthan,,2024-03-26,
Zepto,C02072,Chennai,Tamil Nadu,,2023-05-12,
Zepto,C02073,Delhi,Delhi,,2024-05-04,
Zepto,C02074,Bengaluru,Karnataka,,2023-05-27,
Zepto,C02075,Lucknow,Uttar Pradesh,,2023-04-18,
Zepto,C02076,Chennai,Tamil Nadu,,2023-12-03,
Zepto,C02077,Bengaluru,Karnataka,,2023-12-02,
Zepto,C02078,Kolkata,West Bengal,,2024-10-09,
Zepto,C02079,Mumbai,Maharashtra,,2023-09-01,
Zepto,C02080,Ahmedabad,Gujarat,,2023-12-19,
Zepto,C02081,Ahmedabad,Gujarat,,2024-09-28,
Zepto,C02082,Jaipur,Rajasthan,,2023-12-12,
Zepto,C02083,Jaipur,Rajasthan,,2024-04-12,
Zepto,C02084,Kolkata,West Bengal,,2024-10-19,
Zepto,C02085,Delhi,Delhi,,2023-05-04,
Zepto,C02086,Ahmedabad,Gujarat,,2024-03-22,
Zepto,C02087,Hyderabad,Telangana,,2023-05-26,
Zepto,C02088,Jaipur,Rajasthan,,2024-09-07,
Zepto,C02089,Pune,Maharashtra,,2024-07-06,
Zepto,C02090,Bengaluru,Karnataka,,2024-10-12,
Zepto,C02091,Kolkata,West Bengal,,2023-07-27,
Zepto,C02092,Kolkata,West Bengal,,2024-05-02,
Zepto,C02093,Mumbai,Maharashtra,,2023-03-18,
Zepto,C02094,Lucknow,Uttar Pradesh,,2023-03-10,
Zepto,C02095,Hyderabad,Telangana,,2024-02-05,
Zepto,C02096,Pune,Maharashtra,,2023-03-14,
Zepto,C02097,Lucknow,Uttar Pradesh,,2024-11-19,
Zepto,C02098,Pune,Maharashtra,,2023-01-12,
Zepto,C02099,Lucknow,Uttar Pradesh,,2024-04-27,
Zepto,C02100,Lucknow,Uttar Pradesh,,2024-04-10,
Zepto,C02101,Kolkata,West Bengal,,2023-09-19,
Zepto,C02102,Chennai,Tamil Nadu,,2023-08-19,
Zepto,C02103,Lucknow,Uttar Pradesh,,2024-01-07,
Zepto,C02104,Delhi,Delhi,,2023-10-14,
Zepto,C02105,Chennai,Tamil Nadu,,2024-01-01,
Zepto,C02106,Hyderabad,Telangana,,2024-08-22,
Zepto,C02107,Delhi,Delhi,,2024-12-26,
Zepto,C02108,Lucknow,Uttar Pradesh,,2024-06-15,
Zepto,C02109,Delhi,Delhi,,2024-08-12,
Zepto,C02110,Kolkata,West Bengal,,2024-02-08,
Zepto,C02111,Jaipur,Rajasthan,,2023-02-08,
Zepto,C02112,Mumbai,Maharashtra,,2024-10-07,
Zepto,C02113,Ahmedabad,Gujarat,,2023-09-17,
Zepto,C02114,Chennai,Tamil Nadu,,2024-04-01,
Zepto,C02115,Chennai,Tamil Nadu,,2023-06-14,
Zepto,C02116,Pune,Maharashtra,,2023-06-26,
Zepto,C02117,Hyderabad,Telangana,,2023-11-21,
Zepto,C02118,Lucknow,Uttar Pradesh,,2024-05-24,
Zepto,C02119,Pune,Maharashtra,,2023-12-12,
Zepto,C02120,Mumbai,Maharashtra,,2023-04-25,
Zepto,C02121,Jaipur,Rajasthan,,2023-10-31,
Zepto,C02122,Hyderabad,Telangana,,2023-04-06,
Zepto,C02123,Pune,Maharashtra,,2024-06-29,
Zepto,C02124,Chennai,Tamil Nadu,,2024-09-20,
Zepto,C02125,Mumbai,Maharashtra,,2023-09-09,
Zepto,C02126,Hyderabad,Telangana,,2023-09-09,
Zepto,C02127,Hyderabad,Telangana,,2023-01-22,
Zepto,C02128,Lucknow,Uttar Pradesh,,2023-07-16,
Zepto,C02129,Lucknow,Uttar Pradesh,,2024-02-01,
Zepto,C02130,Hyderabad,Telangana,,2023-11-24,
Zepto,C02131,Pune,Maharashtra,,2024-12-20,
Zepto,C02132,Ahmedabad,Gujarat,,2024-07-02,
Zepto,C02133,Jaipur,Rajasthan,,2023-08-18,
Zepto,C02134,Lucknow,Uttar Pradesh,,2024-03-24,
Zepto,C02135,Mumbai,Maharashtra,,2024-07-27,
Zepto,C02136,Bengaluru,Karnataka,,2023-03-07,
Zepto,C02137,Lucknow,Uttar Pradesh,,2024-05-17,
Zepto,C02138,Chennai,Tamil Nadu,,2024-07-05,
Zepto,C02139,Kolkata,West Bengal,,2023-05-28,
Zepto,C02140,Mumbai,Maharashtra,,2024-12-30,
Zepto,C02141,Lucknow,Uttar Pradesh,,2023-03-07,
Zepto,C02142,Lucknow,Uttar Pradesh,,2023-07-03,
Zepto,C02143,Delhi,Delhi,,2023-04-07,
Zepto,C02144,Ahmedabad,Gujarat,,2023-05-22,
Zepto,C02145,Kolkata,West Bengal,,2023-09-16,
Zepto,C02146,Hyderabad,Telangana,,2023-12-26,
Zepto,C02147,Chennai,Tamil Nadu,,2023-01-21,
Zepto,C02148,Delhi,Delhi,,2023-06-22,
Zepto,C02149,Chennai,Tamil Nadu,,2023-01-29,
Zepto,C02150,Hyderabad,Telangana,,2024-10-13,
Zepto,C02151,Delhi,Delhi,,2024-11-30,
Zepto,C02152,Bengaluru,Karnataka,,2024-06-03,
Zepto,C02153,Delhi,Delhi,,2023-11-16,
Zepto,C02154,Jaipur,Rajasthan,,2023-06-21,
Zepto,C02155,Pune,Maharashtra,,2024-04-10,
Zepto,C02156,Jaipur,Rajasthan,,2023-03-09,
Zepto,C02157,Hyderabad,Telangana,,2024-02-18,
Zepto,C02158,Lucknow,Uttar Pradesh,,2023-04-12,
Zepto,C02159,Lucknow,Uttar Pradesh,,2024-12-20,
Zepto,C02160,Hyderabad,Telangana,,2023-10-17,
Zepto,C02161,Kolkata,West Bengal,,2024-02-18,
Zepto,C02162,Delhi,Delhi,,2023-11-26,
Zepto,C02163,Chennai,Tamil Nadu,,2024-12-01,
Zepto,C02164,Chennai,Tamil Nadu,,2024-08-24,
Zepto,C02165,Jaipur,Rajasthan,,2023-01-29,
Zepto,C02166,Mumbai,Maharashtra,,2024-12-01,
Zepto,C02167,Pune,Maharashtra,,2024-11-28,
Zepto,C02168,Hyderabad,Telangana,,2024-12-30,
Zepto,C02169,Lucknow,Uttar Pradesh,,2023-01-16,
Zepto,C02170,Chennai,Tamil Nadu,,2023-01-05,
Zepto,C02171,Pune,Maharashtra,,2024-02-16,
Zepto,C02172,Chennai,Tamil Nadu,,2024-03-08,
Zepto,C02173,Chennai,Tamil Nadu,,2024-02-24,
Zepto,C02174,Ahmedabad,Gujarat,,2023-09-17,
Zepto,C02175,Bengaluru,Karnataka,,2024-11-09,
Zepto,C02176,Delhi,Delhi,,2023-07-07,
Zepto,C02177,Kolkata,West Bengal,,2023-10-19,
Zepto,C02178,Delhi,Delhi,,2023-05-03,
Zepto,C02179,Hyderabad,Telangana,,2023-05-11,
Zepto,C02180,Hyderabad,Telangana,,2023-02-08,
Zepto,C02181,Hyderabad,Telangana,,2024-03-22,
Zepto,C02182,Lucknow,Uttar Pradesh,,2023-02-12,
Zepto,C02183,Lucknow,Uttar Pradesh,,2023-01-15,
Zepto,C02184,Ahmedabad,Gujarat,,2023-07-25,
Zepto,C02185,Jaipur,Rajasthan,,2023-03-07,
Zepto,C02186,Mumbai,Maharashtra,,2024-03-27,
Zepto,C02187,Bengaluru,Karnataka,,2023-05-27,
Zepto,C02188,Kolkata,West Bengal,,2024-06-14,
Zepto,C02189,Pune,Maharashtra,,2023-02-09,
Zepto,C02190,Lucknow,Uttar Pradesh,,2023-03-01,
Zepto,C02191,Mumbai,Maharashtra,,2024-07-31,
Zepto,C02192,Lucknow,Uttar Pradesh,,2024-10-22,
Zepto,C02193,Ahmedabad,Gujarat,,2024-09-19,
Zepto,C02194,Ahmedabad,Gujarat,,2024-07-03,
Zepto,C02195,Kolkata,West Bengal,,2023-09-21,
Zepto,C02196,Bengaluru,Karnataka,,2023-02-13,
Zepto,C02197,Bengaluru,Karnataka,,2024-10-03,
Zepto,C02198,Ahmedabad,Gujarat,,2024-04-08,
Zepto,C02199,Kolkata,West Bengal,,2023-05-17,
Zepto,C02200,Lucknow,Uttar Pradesh,,2023-07-19,
Zepto,C02201,Pune,Maharashtra,,2024-10-21,
Zepto,C02202,Jaipur,Rajasthan,,2024-10-29,
Zepto,C02203,Pune,Maharashtra,,2024-07-18,
Zepto,C02204,Mumbai,Maharashtra,,2024-12-11,
Zepto,C02205,Lucknow,Uttar Pradesh,,2023-06-09,
Zepto,C02206,Ahmedabad,Gujarat,,2023-09-09,
Zepto,C02207,Jaipur,Rajasthan,,2024-10-05,
Zepto,C02208,Mumbai,Maharashtra,,2023-12-06,
Zepto,C02209,Hyderabad,Telangana,,2023-11-11,
Zepto,C02210,Ahmedabad,Gujarat,,2023-12-13,
Zepto,C02211,Bengaluru,Karnataka,,2023-06-05,
Zepto,C02212,Kolkata,West Bengal,,2023-06-12,
Zepto,C02213,Hyderabad,Telangana,,2023-04-27,
Zepto,C02214,Kolkata,West Bengal,,2024-04-29,
Zepto,C02215,Pune,Maharashtra,,2024-03-27,
Zepto,C02216,Ahmedabad,Gujarat,,2024-11-18,
Zepto,C02217,Delhi,Delhi,,2023-07-01,
Zepto,C02218,Delhi,Delhi,,2024-11-15,
Zepto,C02219,Pune,Maharashtra,,2024-09-09,
Zepto,C02220,Pune,Maharashtra,,2023-09-16,
Zepto,C02221,Ahmedabad,Gujarat,,2023-11-23,
Zepto,C02222,Ahmedabad,Gujarat,,2024-03-19,
Zepto,C02223,Ahmedabad,Gujarat,,2024-11-06,
Zepto,C02224,Mumbai,Maharashtra,,2024-08-10,
Zepto,C02225,Kolkata,West Bengal,,2024-02-02,
Zepto,C02226,Kolkata,West Bengal,,2024-02-21,
Zepto,C02227,Hyderabad,Telangana,,2024-05-15,
Zepto,C02228,Delhi,Delhi,,2024-11-13,
Zepto,C02229,Delhi,Delhi,,2023-09-06,
Zepto,C02230,Hyderabad,Telangana,,2023-03-31,
Zepto,C02231,Lucknow,Uttar Pradesh,,2023-03-14,
Zepto,C02232,Delhi,Delhi,,2024-09-19,
Zepto,C02233,Bengaluru,Karnataka,,2023-04-04,
Zepto,C02234,Hyderabad,Telangana,,2023-02-21,
Zepto,C02235,Ahmedabad,Gujarat,,2023-07-22,
Zepto,C02236,Mumbai,Maharashtra,,2024-03-29,
Zepto,C02237,Chennai,Tamil Nadu,,2023-05-28,
Zepto,C02238,Hyderabad,Telangana,,2023-07-11,
Zepto,C02239,Chennai,Tamil Nadu,,2024-09-07,
Zepto,C02240,Pune,Maharashtra,,2023-09-04,
Zepto,C02241,Delhi,Delhi,,2023-03-05,
Zepto,C02242,Lucknow,Uttar Pradesh,,2024-03-16,
Zepto,C02243,Pune,Maharashtra,,2024-08-25,
Zepto,C02244,Ahmedabad,Gujarat,,2024-01-02,
Zepto,C02245,Pune,Maharashtra,,2024-07-13,
Zepto,C02246,Kolkata,West Bengal,,2024-04-21,
Zepto,C02247,Ahmedabad,Gujarat,,2023-06-06,
Zepto,C02248,Pune,Maharashtra,,2024-01-26,
Zepto,C02249,Bengaluru,Karnataka,,2023-06-04,
Zepto,C02250,Ahmedabad,Gujarat,,2023-06-03,
Zepto,C02251,Bengaluru,Karnataka,,2023-11-07,
Zepto,C02252,Ahmedabad,Gujarat,,2024-03-19,
Zepto,C02253,Pune,Maharashtra,,2023-04-19,
Zepto,C02254,Hyderabad,Telangana,,2024-06-15,
Zepto,C02255,Bengaluru,Karnataka,,2023-12-13,
Zepto,C02256,Bengaluru,Karnataka,,2024-06-26,
Zepto,C02257,Pune,Maharashtra,,2024-08-01,
Zepto,C02258,Hyderabad,Telangana,,2023-08-03,
Zepto,C02259,Chennai,Tamil Nadu,,2024-07-22,
Zepto,C02260,Pune,Maharashtra,,2024-10-09,
Zepto,C02261,Ahmedabad,Gujarat,,2024-07-30,
Zepto,C02262,Kolkata,West Bengal,,2023-06-01,
Zepto,C02263,Lucknow,Uttar Pradesh,,2023-09-30,
Zepto,C02264,Bengaluru,Karnataka,,2024-01-08,
Zepto,C02265,Pune,Maharashtra,,2023-12-31,
Zepto,C02266,Pune,Maharashtra,,2024-05-11,
Zepto,C02267,Hyderabad,Telangana,,2024-09-03,
Zepto,C02268,Jaipur,Rajasthan,,2024-05-31,
Zepto,C02269,Chennai,Tamil Nadu,,2023-09-25,
Zepto,C02270,Kolkata,West Bengal,,2023-03-22,
Zepto,C02271,Jaipur,Rajasthan,,2023-06-10,
Zepto,C02272,Ahmedabad,Gujarat,,2023-10-10,
Zepto,C02273,Bengaluru,Karnataka,,2023-11-27,
Zepto,C02274,Ahmedabad,Gujarat,,2024-01-13,
Zepto,C02275,Kolkata,West Bengal,,2024-10-23,
Zepto,C02276,Chennai,Tamil Nadu,,2023-11-28,
Zepto,C02277,Bengaluru,Karnataka,,2024-05-23,
Zepto,C02278,Bengaluru,Karnataka,,2024-12-31,
Zepto,C02279,Delhi,Delhi,,2024-02-27,
Zepto,C02280,Jaipur,Rajasthan,,2024-03-02,
Zepto,C02281,Ahmedabad,Gujarat,,2023-06-12,
Zepto,C02282,Jaipur,Rajasthan,,2023-01-25,
Zepto,C02283,Hyderabad,Telangana,,2023-06-06,
Zepto,C02284,Kolkata,West Bengal,,2023-01-20,
Zepto,C02285,Jaipur,Rajasthan,,2023-03-11,
Zepto,C02286,Lucknow,Uttar Pradesh,,2024-05-18,
Zepto,C02287,Jaipur,Rajasthan,,2023-06-18,
Zepto,C02288,Lucknow,Uttar Pradesh,,2023-10-16,
Zepto,C02289,Hyderabad,Telangana,,2024-09-14,
Zepto,C02290,Kolkata,West Bengal,,2023-05-03,
Zepto,C02291,Jaipur,Rajasthan,,2024-02-20,
Zepto,C02292,Hyderabad,Telangana,,2023-07-24,
Zepto,C02293,Pune,Maharashtra,,2024-04-19,
Zepto,C02294,Hyderabad,Telangana,,2024-06-07,
Zepto,C02295,Pune,Maharashtra,,2023-07-31,
Zepto,C02296,Lucknow,Uttar Pradesh,,2023-06-19,
Zepto,C02297,Hyderabad,Telangana,,2023-03-21,
Zepto,C02298,Mumbai,Maharashtra,,2023-01-12,
Zepto,C02299,Bengaluru,Karnataka,,2023-04-10,
Zepto,C02300,Pune,Maharashtra,,2023-03-19,
Zepto,C02301,Delhi,Delhi,,2023-11-06,
Zepto,C02302,Delhi,Delhi,,2024-10-13,
Zepto,C02303,Hyderabad,Telangana,,2024-04-11,
Zepto,C02304,Ahmedabad,Gujarat,,2023-03-06,
Zepto,C02305,Mumbai,Maharashtra,,2023-02-08,
Zepto,C02306,Lucknow,Uttar Pradesh,,2023-02-15,
Zepto,C02307,Chennai,Tamil Nadu,,2023-01-25,
Zepto,C02308,Mumbai,Maharashtra,,2024-07-30,
Zepto,C02309,Chennai,Tamil Nadu,,2024-01-08,
Zepto,C02310,Jaipur,Rajasthan,,2023-06-17,
Zepto,C02311,Pune,Maharashtra,,2024-02-21,
Zepto,C02312,Chennai,Tamil Nadu,,2023-06-01,
Zepto,C02313,Delhi,Delhi,,2024-09-08,
Zepto,C02314,Ahmedabad,Gujarat,,2024-04-06,
Zepto,C02315,Bengaluru,Karnataka,,2024-09-05,
Zepto,C02316,Bengaluru,Karnataka,,2023-07-30,
Zepto,C02317,Jaipur,Rajasthan,,2023-02-12,
Zepto,C02318,Bengaluru,Karnataka,,2023-08-21,
Zepto,C02319,Jaipur,Rajasthan,,2024-02-09,
Zepto,C02320,Delhi,Delhi,,2023-08-20,
Zepto,C02321,Delhi,Delhi,,2024-05-22,
Zepto,C02322,Chennai,Tamil Nadu,,2023-08-03,
Zepto,C02323,Chennai,Tamil Nadu,,2023-05-04,
Zepto,C02324,Delhi,Delhi,,2024-03-08,
Zepto,C02325,Pune,Maharashtra,,2024-02-02,
Zepto,C02326,Ahmedabad,Gujarat,,2024-10-12,
Zepto,C02327,Ahmedabad,Gujarat,,2023-11-24,
Zepto,C02328,Jaipur,Rajasthan,,2023-04-11,
Zepto,C02329,Mumbai,Maharashtra,,2024-01-25,
Zepto,C02330,Delhi,Delhi,,2023-03-26,
Zepto,C02331,Hyderabad,Telangana,,2024-09-10,
Zepto,C02332,Hyderabad,Telangana,,2024-09-20,
Zepto,C02333,Mumbai,Maharashtra,,2024-06-02,
Zepto,C02334,Lucknow,Uttar Pradesh,,2024-02-02,
Zepto,C02335,Ahmedabad,Gujarat,,2023-06-28,
Zepto,C02336,Pune,Maharashtra,,2024-03-12,
Zepto,C02337,Hyderabad,Telangana,,2023-01-06,
Zepto,C02338,Hyderabad,Telangana,,2023-12-15,
Zepto,C02339,Delhi,Delhi,,2023-06-18,
Zepto,C02340,Ahmedabad,Gujarat,,2024-01-11,
Zepto,C02341,Jaipur,Rajasthan,,2023-04-19,
Zepto,C02342,Kolkata,West Bengal,,2023-03-10,
Zepto,C02343,Pune,Maharashtra,,2024-05-01,
Zepto,C02344,Delhi,Delhi,,2023-01-25,
Zepto,C02345,Ahmedabad,Gujarat,,2024-11-06,
Zepto,C02346,Bengaluru,Karnataka,,2024-08-19,
Zepto,C02347,Bengaluru,Karnataka,,2023-11-04,
Zepto,C02348,Mumbai,Maharashtra,,2023-04-26,
Zepto,C02349,Bengaluru,Karnataka,,2023-11-24,
Zepto,C02350,Ahmedabad,Gujarat,,2024-05-05,
Zepto,C02351,Jaipur,Rajasthan,,2023-03-14,
Zepto,C02352,Ahmedabad,Gujarat,,2024-06-09,
Zepto,C02353,Pune,Maharashtra,,2023-08-19,
Zepto,C02354,Pune,Maharashtra,,2024-02-09,
Zepto,C02355,Hyderabad,Telangana,,2023-05-11,
Zepto,C02356,Bengaluru,Karnataka,,2023-09-05,
Zepto,C02357,Kolkata,West Bengal,,2024-09-06,
Zepto,C02358,Mumbai,Maharashtra,,2024-01-14,
Zepto,C02359,Chennai,Tamil Nadu,,2024-07-02,
Zepto,C02360,Jaipur,Rajasthan,,2024-05-14,
Zepto,C02361,Lucknow,Uttar Pradesh,,2024-11-07,
Zepto,C02362,Pune,Maharashtra,,2024-06-29,
Zepto,C02363,Chennai,Tamil Nadu,,2023-10-23,
Zepto,C02364,Hyderabad,Telangana,,2024-08-02,
Zepto,C02365,Jaipur,Rajasthan,,2024-11-23,
Zepto,C02366,Hyderabad,Telangana,,2024-09-19,
Zepto,C02367,Jaipur,Rajasthan,,2024-07-20,
Zepto,C02368,Delhi,Delhi,,2023-10-26,
Zepto,C02369,Bengaluru,Karnataka,,2024-10-25,
Zepto,C02370,Lucknow,Uttar Pradesh,,2024-04-15,
Zepto,C02371,Chennai,Tamil Nadu,,2023-05-08,
Zepto,C02372,Chennai,Tamil Nadu,,2024-05-21,
Zepto,C02373,Lucknow,Uttar Pradesh,,2024-03-06,
Zepto,C02374,Ahmedabad,Gujarat,,2024-09-01,
Zepto,C02375,Bengaluru,Karnataka,,2023-07-05,
Zepto,C02376,Chennai,Tamil Nadu,,2023-04-21,
Zepto,C02377,Kolkata,West Bengal,,2023-07-29,
Zepto,C02378,Lucknow,Uttar Pradesh,,2023-10-11,
Zepto,C02379,Lucknow,Uttar Pradesh,,2024-08-07,
Zepto,C02380,Mumbai,Maharashtra,,2024-07-20,
Zepto,C02381,Hyderabad,Telangana,,2024-07-08,
Zepto,C02382,Chennai,Tamil Nadu,,2024-05-12,
Zepto,C02383,Hyderabad,Telangana,,2024-04-15,
Zepto,C02384,Delhi,Delhi,,2023-01-04,
Zepto,C02385,Kolkata,West Bengal,,2024-04-01,
Zepto,C02386,Ahmedabad,Gujarat,,2024-03-29,
Zepto,C02387,Hyderabad,Telangana,,2024-11-20,
Zepto,C02388,Ahmedabad,Gujarat,,2024-06-03,
Zepto,C02389,Bengaluru,Karnataka,,2024-12-21,
Zepto,C02390,Hyderabad,Telangana,,2023-08-12,
Zepto,C02391,Hyderabad,Telangana,,2024-01-24,
Zepto,C02392,Hyderabad,Telangana,,2024-10-22,
Zepto,C02393,Pune,Maharashtra,,2024-01-26,
Zepto,C02394,Delhi,Delhi,,2024-03-23,
Zepto,C02395,Ahmedabad,Gujarat,,2023-06-11,
Zepto,C02396,Jaipur,Rajasthan,,2023-07-20,
Zepto,C02397,Delhi,Delhi,,2024-12-25,
Zepto,C02398,Jaipur,Rajasthan,,2023-09-19,
Zepto,C02399,Chennai,Tamil Nadu,,2023-07-10,
Zepto,C02400,Hyderabad,Telangana,,2023-04-05,
Zepto,C02401,Chennai,Tamil Nadu,,2024-07-15,
Zepto,C02402,Lucknow,Uttar Pradesh,,2024-12-30,
Zepto,C02403,Jaipur,Rajasthan,,2023-05-08,
Zepto,C02404,Jaipur,Rajasthan,,2023-07-11,
Zepto,C02405,Jaipur,Rajasthan,,2023-01-22,
Zepto,C02406,Mumbai,Maharashtra,,2024-04-25,
Zepto,C02407,Lucknow,Uttar Pradesh,,2023-10-13,
Zepto,C02408,Hyderabad,Telangana,,2023-06-15,
Zepto,C02409,Mumbai,Maharashtra,,2023-10-22,
Zepto,C02410,Jaipur,Rajasthan,,2024-07-08,
Zepto,C02411,Pune,Maharashtra,,2024-09-12,
Zepto,C02412,Bengaluru,Karnataka,,2024-05-30,
Zepto,C02413,Pune,Maharashtra,,2023-11-02,
Zepto,C02414,Pune,Maharashtra,,2023-01-25,
Zepto,C02415,Kolkata,West Bengal,,2024-10-15,
Zepto,C02416,Chennai,Tamil Nadu,,2024-02-10,
Zepto,C02417,Chennai,Tamil Nadu,,2024-05-13,
Zepto,C02418,Ahmedabad,Gujarat,,2023-05-14,
Zepto,C02419,Delhi,Delhi,,2023-10-30,
Zepto,C02420,Kolkata,West Bengal,,2023-03-21,
Zepto,C02421,Ahmedabad,Gujarat,,2023-02-11,
Zepto,C02422,Jaipur,Rajasthan,,2023-06-19,
Zepto,C02423,Chennai,Tamil Nadu,,2023-03-03,
Zepto,C02424,Mumbai,Maharashtra,,2024-04-04,
Zepto,C02425,Chennai,Tamil Nadu,,2024-01-12,
Zepto,C02426,Ahmedabad,Gujarat,,2024-03-19,
Zepto,C02427,Jaipur,Rajasthan,,2023-03-10,
Zepto,C02428,Chennai,Tamil Nadu,,2023-05-28,
Zepto,C02429,Kolkata,West Bengal,,2023-08-14,
Zepto,C02430,Hyderabad,Telangana,,2024-03-04,
Zepto,C02431,Kolkata,West Bengal,,2024-07-14,
Zepto,C02432,Bengaluru,Karnataka,,2023-02-08,
Zepto,C02433,Ahmedabad,Gujarat,,2023-04-27,
Zepto,C02434,Ahmedabad,Gujarat,,2023-09-22,
Zepto,C02435,Pune,Maharashtra,,2024-06-23,
Zepto,C02436,Hyderabad,Telangana,,2023-08-20,
Zepto,C02437,Chennai,Tamil Nadu,,2024-05-25,
Zepto,C02438,Delhi,Delhi,,2023-06-01,
Zepto,C02439,Ahmedabad,Gujarat,,2023-06-06,
Zepto,C02440,Kolkata,West Bengal,,2024-08-03,
Zepto,C02441,Ahmedabad,Gujarat,,2024-11-09,
Zepto,C02442,Bengaluru,Karnataka,,2024-02-29,
Zepto,C02443,Chennai,Tamil Nadu,,2023-08-30,
Zepto,C02444,Kolkata,West Bengal,,2023-08-29,
Zepto,C02445,Pune,Maharashtra,,2024-08-30,
Zepto,C02446,Bengaluru,Karnataka,,2024-07-07,
Zepto,C02447,Bengaluru,Karnataka,,2023-02-22,
Zepto,C02448,Pune,Maharashtra,,2024-11-26,
Zepto,C02449,Pune,Maharashtra,,2023-04-13,
Zepto,C02450,Mumbai,Maharashtra,,2023-07-16,
Zepto,C02451,Chennai,Tamil Nadu,,2024-09-22,
Zepto,C02452,Lucknow,Uttar Pradesh,,2023-09-24,
Zepto,C02453,Chennai,Tamil Nadu,,2023-02-02,
Zepto,C02454,Pune,Maharashtra,,2024-06-05,
Zepto,C02455,Chennai,Tamil Nadu,,2024-11-13,
Zepto,C02456,Mumbai,Maharashtra,,2023-03-23,
Zepto,C02457,Bengaluru,Karnataka,,2023-06-02,
Zepto,C02458,Hyderabad,Telangana,,2024-05-08,
Zepto,C02459,Jaipur,Rajasthan,,2024-08-24,
Zepto,C02460,Bengaluru,Karnataka,,2024-02-05,
Zepto,C02461,Kolkata,West Bengal,,2023-07-11,
Zepto,C02462,Ahmedabad,Gujarat,,2023-05-17,
Zepto,C02463,Bengaluru,Karnataka,,2023-01-08,
Zepto,C02464,Bengaluru,Karnataka,,2023-02-13,
Zepto,C02465,Hyderabad,Telangana,,2023-07-04,
Zepto,C02466,Lucknow,Uttar Pradesh,,2024-01-17,
Zepto,C02467,Hyderabad,Telangana,,2023-08-05,
Zepto,C02468,Jaipur,Rajasthan,,2024-08-27,
Zepto,C02469,Ahmedabad,Gujarat,,2024-08-28,
Zepto,C02470,Mumbai,Maharashtra,,2023-10-19,
Zepto,C02471,Ahmedabad,Gujarat,,2024-03-03,
Zepto,C02472,Lucknow,Uttar Pradesh,,2023-08-17,
Zepto,C02473,Hyderabad,Telangana,,2024-11-15,
Zepto,C02474,Hyderabad,Telangana,,2023-02-11,
Zepto,C02475,Mumbai,Maharashtra,,2023-03-19,
Zepto,C02476,Jaipur,Rajasthan,,2024-10-17,
Zepto,C02477,Hyderabad,Telangana,,2024-06-30,
Zepto,C02478,Jaipur,Rajasthan,,2023-12-03,
Zepto,C02479,Delhi,Delhi,,2023-12-03,
Zepto,C02480,Bengaluru,Karnataka,,2024-11-04,
Zepto,C02481,Hyderabad,Telangana,,2023-06-17,
Zepto,C02482,Jaipur,Rajasthan,,2024-10-16,
Zepto,C02483,Hyderabad,Telangana,,2023-03-09,
Zepto,C02484,Delhi,Delhi,,2024-05-27,
Zepto,C02485,Lucknow,Uttar Pradesh,,2023-10-12,
Zepto,C02486,Hyderabad,Telangana,,2024-07-12,
Zepto,C02487,Bengaluru,Karnataka,,2023-12-17,
Zepto,C02488,Pune,Maharashtra,,2023-01-31,
Zepto,C02489,Kolkata,West Bengal,,2023-08-06,
Zepto,C02490,Hyderabad,Telangana,,2024-11-03,
Zepto,C02491,Pune,Maharashtra,,2023-07-23,
Zepto,C02492,Pune,Maharashtra,,2023-01-18,
Zepto,C02493,Pune,Maharashtra,,2024-04-19,
Zepto,C02494,Delhi,Delhi,,2024-08-30,
Zepto,C02495,Pune,Maharashtra,,2023-05-03,
Zepto,C02496,Kolkata,West Bengal,,2023-10-28,
Zepto,C02497,Bengaluru,Karnataka,,2024-12-13,
Zepto,C02498,Delhi,Delhi,,2024-06-27,
Zepto,C02499,Kolkata,West Bengal,,2023-01-24,
Zepto,C02500,Bengaluru,Karnataka,,2024-06-21,
Zepto,C02501,Chennai,Tamil Nadu,,2023-12-08,
Zepto,C02502,Delhi,Delhi,,2023-08-26,
Zepto,C02503,Jaipur,Rajasthan,,2023-03-23,
Zepto,C02504,Chennai,Tamil Nadu,,2023-04-13,
Zepto,C02505,Delhi,Delhi,,2024-11-04,
Zepto,C02506,Lucknow,Uttar Pradesh,,2023-01-05,
Zepto,C02507,Kolkata,West Bengal,,2024-07-08,
Zepto,C02508,Hyderabad,Telangana,,2023-03-25,
Zepto,C02509,Delhi,Delhi,,2024-10-07,
Zepto,C02510,Bengaluru,Karnataka,,2024-11-29,
Zepto,C02511,Chennai,Tamil Nadu,,2024-08-13,
Zepto,C02512,Hyderabad,Telangana,,2024-09-19,
Zepto,C02513,Kolkata,West Bengal,,2024-08-27,
Zepto,C02514,Delhi,Delhi,,2024-12-24,
Zepto,C02515,Kolkata,West Bengal,,2024-08-27,
Zepto,C02516,Lucknow,Uttar Pradesh,,2023-05-03,
Zepto,C02517,Mumbai,Maharashtra,,2023-03-15,
Zepto,C02518,Lucknow,Uttar Pradesh,,2023-01-03,
Zepto,C02519,Hyderabad,Telangana,,2024-04-02,
Zepto,C02520,Kolkata,West Bengal,,2024-01-23,
Zepto,C02521,Bengaluru,Karnataka,,2023-07-31,
Zepto,C02522,Hyderabad,Telangana,,2024-05-16,
Zepto,C02523,Kolkata,West Bengal,,2024-04-19,
Zepto,C02524,Chennai,Tamil Nadu,,2023-07-28,
Zepto,C02525,Bengaluru,Karnataka,,2024-03-12,
Zepto,C02526,Pune,Maharashtra,,2023-11-07,
Zepto,C02527,Ahmedabad,Gujarat,,2024-02-04,
Zepto,C02528,Mumbai,Maharashtra,,2023-08-29,
Zepto,C02529,Jaipur,Rajasthan,,2024-10-19,
Zepto,C02530,Chennai,Tamil Nadu,,2024-12-07,
Zepto,C02531,Mumbai,Maharashtra,,2023-03-06,
Zepto,C02532,Hyderabad,Telangana,,2024-11-15,
Zepto,C02533,Bengaluru,Karnataka,,2024-10-04,
Zepto,C02534,Pune,Maharashtra,,2024-12-07,
Zepto,C02535,Hyderabad,Telangana,,2023-07-11,
Zepto,C02536,Lucknow,Uttar Pradesh,,2023-07-24,
Zepto,C02537,Kolkata,West Bengal,,2024-04-28,
Zepto,C02538,Pune,Maharashtra,,2024-04-27,
Zepto,C02539,Jaipur,Rajasthan,,2023-01-17,
Zepto,C02540,Kolkata,West Bengal,,2023-02-14,
Zepto,C02541,Delhi,Delhi,,2024-11-28,
Zepto,C02542,Hyderabad,Telangana,,2024-01-15,
Zepto,C02543,Kolkata,West Bengal,,2023-05-04,
Zepto,C02544,Pune,Maharashtra,,2023-08-31,
Zepto,C02545,Jaipur,Rajasthan,,2024-10-06,
Zepto,C02546,Bengaluru,Karnataka,,2024-11-04,
Zepto,C02547,Delhi,Delhi,,2023-04-01,
Zepto,C02548,Mumbai,Maharashtra,,2024-03-13,
Zepto,C02549,Mumbai,Maharashtra,,2023-04-10,
Zepto,C02550,Hyderabad,Telangana,,2023-02-16,
Zepto,C02551,Ahmedabad,Gujarat,,2023-03-04,
Zepto,C02552,Pune,Maharashtra,,2024-10-04,
Zepto,C02553,Ahmedabad,Gujarat,,2024-01-23,
Zepto,C02554,Kolkata,West Bengal,,2023-04-22,
Zepto,C02555,Delhi,Delhi,,2024-03-21,
Zepto,C02556,Jaipur,Rajasthan,,2024-08-28,
Zepto,C02557,Jaipur,Rajasthan,,2024-11-07,
Zepto,C02558,Ahmedabad,Gujarat,,2023-10-13,
Zepto,C02559,Hyderabad,Telangana,,2024-02-20,
Zepto,C02560,Lucknow,Uttar Pradesh,,2023-04-29,
Zepto,C02561,Delhi,Delhi,,2024-07-27,
Zepto,C02562,Mumbai,Maharashtra,,2024-06-14,
Zepto,C02563,Mumbai,Maharashtra,,2024-06-04,
Zepto,C02564,Delhi,Delhi,,2023-12-14,
Zepto,C02565,Jaipur,Rajasthan,,2023-05-20,
Zepto,C02566,Bengaluru,Karnataka,,2023-08-14,
Zepto,C02567,Kolkata,West Bengal,,2024-10-11,
Zepto,C02568,Pune,Maharashtra,,2023-01-31,
Zepto,C02569,Mumbai,Maharashtra,,2023-03-27,
Zepto,C02570,Ahmedabad,Gujarat,,2023-04-11,
Zepto,C02571,Lucknow,Uttar Pradesh,,2023-01-27,
Zepto,C02572,Jaipur,Rajasthan,,2024-10-23,
Zepto,C02573,Bengaluru,Karnataka,,2024-09-06,
Zepto,C02574,Delhi,Delhi,,2023-06-04,
Zepto,C02575,Pune,Maharashtra,,2024-01-24,
Zepto,C02576,Mumbai,Maharashtra,,2024-09-05,
Zepto,C02577,Pune,Maharashtra,,2024-10-13,
Zepto,C02578,Jaipur,Rajasthan,,2023-06-03,
Zepto,C02579,Bengaluru,Karnataka,,2023-10-03,
Zepto,C02580,Pune,Maharashtra,,2023-11-14,
Zepto,C02581,Mumbai,Maharashtra,,2024-10-02,
Zepto,C02582,Lucknow,Uttar Pradesh,,2024-09-20,
Zepto,C02583,Lucknow,Uttar Pradesh,,2024-10-13,
Zepto,C02584,Mumbai,Maharashtra,,2023-05-06,
Zepto,C02585,Jaipur,Rajasthan,,2023-01-06,
Zepto,C02586,Ahmedabad,Gujarat,,2023-09-12,
Zepto,C02587,Jaipur,Rajasthan,,2024-10-25,
Zepto,C02588,Bengaluru,Karnataka,,2024-12-14,
Zepto,C02589,Lucknow,Uttar Pradesh,,2024-10-22,
Zepto,C02590,Kolkata,West Bengal,,2023-05-14,
Zepto,C02591,Chennai,Tamil Nadu,,2023-03-26,
Zepto,C02592,Kolkata,West Bengal,,2023-06-10,
Zepto,C02593,Bengaluru,Karnataka,,2024-02-17,
Zepto,C02594,Chennai,Tamil Nadu,,2023-07-16,
Zepto,C02595,Chennai,Tamil Nadu,,2023-10-25,
Zepto,C02596,Hyderabad,Telangana,,2023-04-22,
Zepto,C02597,Bengaluru,Karnataka,,2023-10-10,
Zepto,C02598,Pune,Maharashtra,,2023-02-08,
Zepto,C02599,Hyderabad,Telangana,,2023-12-30,
Zepto,C02600,Kolkata,West Bengal,,2023-08-16,
Zepto,C02601,Ahmedabad,Gujarat,,2024-06-22,
Zepto,C02602,Hyderabad,Telangana,,2024-08-30,
Zepto,C02603,Pune,Maharashtra,,2023-08-20,
Zepto,C02604,Lucknow,Uttar Pradesh,,2024-06-01,
Zepto,C02605,Kolkata,West Bengal,,2024-07-19,
Zepto,C02606,Mumbai,Maharashtra,,2023-01-31,
Zepto,C02607,Jaipur,Rajasthan,,2023-05-11,
Zepto,C02608,Pune,Maharashtra,,2024-04-28,
Zepto,C02609,Delhi,Delhi,,2024-03-01,
Zepto,C02610,Pune,Maharashtra,,2023-05-18,
Zepto,C02611,Jaipur,Rajasthan,,2024-10-16,
Zepto,C02612,Hyderabad,Telangana,,2024-02-11,
Zepto,C02613,Bengaluru,Karnataka,,2024-02-22,
Zepto,C02614,Lucknow,Uttar Pradesh,,2024-06-01,
Zepto,C02615,Pune,Maharashtra,,2024-03-04,
Zepto,C02616,Bengaluru,Karnataka,,2024-06-16,
Zepto,C02617,Mumbai,Maharashtra,,2023-12-12,
Zepto,C02618,Jaipur,Rajasthan,,2024-12-11,
Zepto,C02619,Mumbai,Maharashtra,,2023-07-17,
Zepto,C02620,Lucknow,Uttar Pradesh,,2023-04-01,
Zepto,C02621,Pune,Maharashtra,,2023-08-06,
Zepto,C02622,Pune,Maharashtra,,2023-02-23,
Zepto,C02623,Delhi,Delhi,,2024-05-12,
Zepto,C02624,Lucknow,Uttar Pradesh,,2023-08-04,
Zepto,C02625,Delhi,Delhi,,2023-09-05,
Zepto,C02626,Hyderabad,Telangana,,2023-12-17,
Zepto,C02627,Jaipur,Rajasthan,,2023-05-20,
Zepto,C02628,Lucknow,Uttar Pradesh,,2023-05-08,
Zepto,C02629,Lucknow,Uttar Pradesh,,2023-02-18,
Zepto,C02630,Chennai,Tamil Nadu,,2023-10-20,
Zepto,C02631,Chennai,Tamil Nadu,,2024-08-19,
Zepto,C02632,Kolkata,West Bengal,,2024-10-01,
Zepto,C02633,Lucknow,Uttar Pradesh,,2024-09-06,
Zepto,C02634,Pune,Maharashtra,,2024-08-16,
Zepto,C02635,Delhi,Delhi,,2023-10-29,
Zepto,C02636,Bengaluru,Karnataka,,2023-07-14,
Zepto,C02637,Kolkata,West Bengal,,2024-02-18,
Zepto,C02638,Jaipur,Rajasthan,,2024-04-29,
Zepto,C02639,Mumbai,Maharashtra,,2024-10-19,
Zepto,C02640,Jaipur,Rajasthan,,2024-09-13,
Zepto,C02641,Hyderabad,Telangana,,2024-06-16,
Zepto,C02642,Mumbai,Maharashtra,,2023-12-19,
Zepto,C02643,Lucknow,Uttar Pradesh,,2024-03-20,
Zepto,C02644,Kolkata,West Bengal,,2024-08-27,
Zepto,C02645,Delhi,Delhi,,2024-07-17,
Zepto,C02646,Delhi,Delhi,,2023-08-10,
Zepto,C02647,Bengaluru,Karnataka,,2023-07-14,
Zepto,C02648,Chennai,Tamil Nadu,,2023-07-16,
Zepto,C02649,Chennai,Tamil Nadu,,2024-06-05,
Zepto,C02650,Ahmedabad,Gujarat,,2023-08-18,
Zepto,C02651,Kolkata,West Bengal,,2023-03-06,
Zepto,C02652,Delhi,Delhi,,2024-11-15,
Zepto,C02653,Mumbai,Maharashtra,,2023-03-09,
Zepto,C02654,Delhi,Delhi,,2023-10-28,
Zepto,C02655,Bengaluru,Karnataka,,2024-10-06,
Zepto,C02656,Kolkata,West Bengal,,2024-10-04,
Zepto,C02657,Chennai,Tamil Nadu,,2023-01-18,
Zepto,C02658,Bengaluru,Karnataka,,2023-03-01,
Zepto,C02659,Bengaluru,Karnataka,,2024-09-02,
Zepto,C02660,Ahmedabad,Gujarat,,2024-10-02,
Zepto,C02661,Lucknow,Uttar Pradesh,,2023-03-10,
Zepto,C02662,Chennai,Tamil Nadu,,2023-03-10,
Zepto,C02663,Bengaluru,Karnataka,,2023-11-18,
Zepto,C02664,Delhi,Delhi,,2024-04-23,
Zepto,C02665,Delhi,Delhi,,2023-03-22,
Zepto,C02666,Kolkata,West Bengal,,2023-09-01,
Zepto,C02667,Lucknow,Uttar Pradesh,,2023-12-20,
Zepto,C02668,Jaipur,Rajasthan,,2023-10-31,
Zepto,C02669,Lucknow,Uttar Pradesh,,2023-11-27,
Zepto,C02670,Delhi,Delhi,,2024-03-17,
Zepto,C02671,Chennai,Tamil Nadu,,2023-04-15,
Zepto,C02672,Ahmedabad,Gujarat,,2024-05-26,
Zepto,C02673,Delhi,Delhi,,2024-05-18,
Zepto,C02674,Chennai,Tamil Nadu,,2024-06-15,
Zepto,C02675,Lucknow,Uttar Pradesh,,2024-03-24,
Zepto,C02676,Hyderabad,Telangana,,2023-04-28,
Zepto,C02677,Kolkata,West Bengal,,2023-01-30,
Zepto,C02678,Ahmedabad,Gujarat,,2024-12-20,
Zepto,C02679,Ahmedabad,Gujarat,,2024-05-04,
Zepto,C02680,Jaipur,Rajasthan,,2023-05-31,
Zepto,C02681,Delhi,Delhi,,2024-11-05,
Zepto,C02682,Bengaluru,Karnataka,,2023-03-30,
Zepto,C02683,Ahmedabad,Gujarat,,2023-04-18,
Zepto,C02684,Jaipur,Rajasthan,,2024-10-28,
Zepto,C02685,Kolkata,West Bengal,,2024-04-12,
Zepto,C02686,Hyderabad,Telangana,,2024-03-16,
Zepto,C02687,Mumbai,Maharashtra,,2023-06-12,
Zepto,C02688,Hyderabad,Telangana,,2024-11-09,
Zepto,C02689,Jaipur,Rajasthan,,2023-10-26,
Zepto,C02690,Jaipur,Rajasthan,,2024-07-20,
Zepto,C02691,Jaipur,Rajasthan,,2024-06-03,
Zepto,C02692,Hyderabad,Telangana,,2024-07-11,
Zepto,C02693,Bengaluru,Karnataka,,2023-01-27,
Zepto,C02694,Lucknow,Uttar Pradesh,,2023-03-07,
Zepto,C02695,Bengaluru,Karnataka,,2024-09-30,
Zepto,C02696,Bengaluru,Karnataka,,2023-11-24,
Zepto,C02697,Jaipur,Rajasthan,,2023-11-22,
Zepto,C02698,Hyderabad,Telangana,,2024-01-13,
Zepto,C02699,Kolkata,West Bengal,,2024-01-26,
Zepto,C02700,Delhi,Delhi,,2023-06-21,
Zepto,C02701,Pune,Maharashtra,,2023-10-02,
Zepto,C02702,Kolkata,West Bengal,,2023-07-20,
Zepto,C02703,Bengaluru,Karnataka,,2024-11-30,
Zepto,C02704,Hyderabad,Telangana,,2024-07-13,
Zepto,C02705,Delhi,Delhi,,2024-12-01,
Zepto,C02706,Bengaluru,Karnataka,,2023-12-18,
Zepto,C02707,Hyderabad,Telangana,,2024-12-12,
Zepto,C02708,Delhi,Delhi,,2023-08-17,
Zepto,C02709,Pune,Maharashtra,,2023-01-27,
Zepto,C02710,Pune,Maharashtra,,2023-01-17,
Zepto,C02711,Chennai,Tamil Nadu,,2023-08-18,
Zepto,C02712,Jaipur,Rajasthan,,2024-08-13,
Zepto,C02713,Mumbai,Maharashtra,,2023-07-23,
Zepto,C02714,Delhi,Delhi,,2024-01-08,
Zepto,C02715,Ahmedabad,Gujarat,,2023-04-21,
Zepto,C02716,Pune,Maharashtra,,2024-09-26,
Zepto,C02717,Delhi,Delhi,,2023-09-01,
Zepto,C02718,Chennai,Tamil Nadu,,2023-06-03,
Zepto,C02719,Bengaluru,Karnataka,,2024-04-12,
Zepto,C02720,Lucknow,Uttar Pradesh,,2024-06-20,
Zepto,C02721,Ahmedabad,Gujarat,,2023-01-07,
Zepto,C02722,Jaipur,Rajasthan,,2024-07-25,
Zepto,C02723,Jaipur,Rajasthan,,2024-03-14,
Zepto,C02724,Jaipur,Rajasthan,,2024-03-01,
Zepto,C02725,Bengaluru,Karnataka,,2024-05-19,
Zepto,C02726,Chennai,Tamil Nadu,,2024-07-08,
Zepto,C02727,Lucknow,Uttar Pradesh,,2023-10-22,
Zepto,C02728,Delhi,Delhi,,2023-03-26,
Zepto,C02729,Mumbai,Maharashtra,,2023-02-13,
Zepto,C02730,Hyderabad,Telangana,,2023-03-16,
Zepto,C02731,Delhi,Delhi,,2023-08-02,
Zepto,C02732,Hyderabad,Telangana,,2024-10-10,
Zepto,C02733,Chennai,Tamil Nadu,,2023-10-19,
Zepto,C02734,Ahmedabad,Gujarat,,2023-05-28,
Zepto,C02735,Ahmedabad,Gujarat,,2023-10-27,
Zepto,C02736,Bengaluru,Karnataka,,2024-01-13,
Zepto,C02737,Jaipur,Rajasthan,,2023-04-19,
Zepto,C02738,Bengaluru,Karnataka,,2024-10-22,
Zepto,C02739,Delhi,Delhi,,2024-06-16,
Zepto,C02740,Jaipur,Rajasthan,,2024-04-19,
Zepto,C02741,Kolkata,West Bengal,,2024-06-15,
Zepto,C02742,Ahmedabad,Gujarat,,2024-04-20,
Zepto,C02743,Ahmedabad,Gujarat,,2023-05-19,
Zepto,C02744,Bengaluru,Karnataka,,2024-09-25,
Zepto,C02745,Jaipur,Rajasthan,,2023-09-04,
Zepto,C02746,Ahmedabad,Gujarat,,2023-05-04,
Zepto,C02747,Hyderabad,Telangana,,2024-03-29,
Zepto,C02748,Pune,Maharashtra,,2023-07-06,
Zepto,C02749,Hyderabad,Telangana,,2024-02-26,
Zepto,C02750,Lucknow,Uttar Pradesh,,2023-03-19,
Zepto,C02751,Bengaluru,Karnataka,,2023-11-29,
Zepto,C02752,Hyderabad,Telangana,,2023-11-24,
Zepto,C02753,Ahmedabad,Gujarat,,2024-05-19,
Zepto,C02754,Lucknow,Uttar Pradesh,,2023-12-07,
Zepto,C02755,Lucknow,Uttar Pradesh,,2023-04-30,
Zepto,C02756,Ahmedabad,Gujarat,,2023-01-03,
Zepto,C02757,Mumbai,Maharashtra,,2023-12-06,
Zepto,C02758,Delhi,Delhi,,2023-08-08,
Zepto,C02759,Jaipur,Rajasthan,,2023-09-06,
Zepto,C02760,Bengaluru,Karnataka,,2024-01-09,
Zepto,C02761,Mumbai,Maharashtra,,2023-09-29,
Zepto,C02762,Jaipur,Rajasthan,,2024-05-30,
Zepto,C02763,Pune,Maharashtra,,2024-11-14,
Zepto,C02764,Kolkata,West Bengal,,2023-03-04,
Zepto,C02765,Hyderabad,Telangana,,2024-02-02,
Zepto,C02766,Delhi,Delhi,,2023-12-22,
Zepto,C02767,Mumbai,Maharashtra,,2023-06-02,
Zepto,C02768,Mumbai,Maharashtra,,2023-04-05,
Zepto,C02769,Hyderabad,Telangana,,2023-02-28,
Zepto,C02770,Delhi,Delhi,,2023-08-04,
Zepto,C02771,Bengaluru,Karnataka,,2024-02-12,
Zepto,C02772,Delhi,Delhi,,2024-12-04,
Zepto,C02773,Mumbai,Maharashtra,,2023-04-28,
Zepto,C02774,Delhi,Delhi,,2023-05-13,
Zepto,C02775,Ahmedabad,Gujarat,,2023-05-20,
Zepto,C02776,Lucknow,Uttar Pradesh,,2023-08-08,
Zepto,C02777,Pune,Maharashtra,,2023-08-02,
Zepto,C02778,Chennai,Tamil Nadu,,2024-06-17,
Zepto,C02779,Chennai,Tamil Nadu,,2023-01-24,
Zepto,C02780,Mumbai,Maharashtra,,2024-08-13,
Zepto,C02781,Bengaluru,Karnataka,,2023-01-18,
Zepto,C02782,Kolkata,West Bengal,,2023-03-09,
Zepto,C02783,Lucknow,Uttar Pradesh,,2024-05-23,
Zepto,C02784,Bengaluru,Karnataka,,2023-10-10,
Zepto,C02785,Pune,Maharashtra,,2024-02-01,
Zepto,C02786,Delhi,Delhi,,2023-06-09,
Zepto,C02787,Delhi,Delhi,,2024-01-06,
Zepto,C02788,Chennai,Tamil Nadu,,2023-03-03,
Zepto,C02789,Kolkata,West Bengal,,2024-03-12,
Zepto,C02790,Chennai,Tamil Nadu,,2024-06-27,
Zepto,C02791,Mumbai,Maharashtra,,2023-08-16,
Zepto,C02792,Lucknow,Uttar Pradesh,,2024-01-07,
Zepto,C02793,Ahmedabad,Gujarat,,2024-01-13,
Zepto,C02794,Pune,Maharashtra,,2024-01-16,
Zepto,C02795,Ahmedabad,Gujarat,,2023-04-19,
Zepto,C02796,Mumbai,Maharashtra,,2024-07-22,
Zepto,C02797,Mumbai,Maharashtra,,2024-02-27,
Zepto,C02798,Delhi,Delhi,,2024-05-15,
Zepto,C02799,Jaipur,Rajasthan,,2023-04-10,
Zepto,C02800,Delhi,Delhi,,2023-12-17,
Zepto,C02801,Kolkata,West Bengal,,2024-04-08,
Zepto,C02802,Pune,Maharashtra,,2023-03-23,
Zepto,C02803,Ahmedabad,Gujarat,,2023-11-04,
Zepto,C02804,Mumbai,Maharashtra,,2023-01-18,
Zepto,C02805,Pune,Maharashtra,,2024-04-02,
Zepto,C02806,Hyderabad,Telangana,,2023-05-04,
Zepto,C02807,Hyderabad,Telangana,,2024-09-13,
Zepto,C02808,Kolkata,West Bengal,,2024-03-23,
Zepto,C02809,Hyderabad,Telangana,,2023-05-22,
Zepto,C02810,Kolkata,West Bengal,,2024-02-29,
Zepto,C02811,Lucknow,Uttar Pradesh,,2023-01-26,
Zepto,C02812,Ahmedabad,Gujarat,,2023-05-08,
Zepto,C02813,Lucknow,Uttar Pradesh,,2023-08-30,
Zepto,C02814,Chennai,Tamil Nadu,,2024-08-10,
Zepto,C02815,Pune,Maharashtra,,2023-06-26,
Zepto,C02816,Chennai,Tamil Nadu,,2024-10-24,
Zepto,C02817,Ahmedabad,Gujarat,,2024-10-16,
Zepto,C02818,Delhi,Delhi,,2024-02-29,
Zepto,C02819,Kolkata,West Bengal,,2024-01-27,
Zepto,C02820,Ahmedabad,Gujarat,,2024-05-06,
Zepto,C02821,Pune,Maharashtra,,2024-03-23,
Zepto,C02822,Chennai,Tamil Nadu,,2024-08-19,
Zepto,C02823,Chennai,Tamil Nadu,,2023-06-19,
Zepto,C02824,Jaipur,Rajasthan,,2024-04-16,
Zepto,C02825,Bengaluru,Karnataka,,2024-11-07,
Zepto,C02826,Delhi,Delhi,,2023-08-29,
Zepto,C02827,Lucknow,Uttar Pradesh,,2024-04-04,
Zepto,C02828,Jaipur,Rajasthan,,2024-05-30,
Zepto,C02829,Jaipur,Rajasthan,,2024-02-13,
Zepto,C02830,Ahmedabad,Gujarat,,2023-12-31,
Zepto,C02831,Jaipur,Rajasthan,,2024-01-18,
Zepto,C02832,Chennai,Tamil Nadu,,2024-07-07,
Zepto,C02833,Delhi,Delhi,,2023-07-04,
Zepto,C02834,Kolkata,West Bengal,,2023-04-04,
Zepto,C02835,Chennai,Tamil Nadu,,2023-06-19,
Zepto,C02836,Ahmedabad,Gujarat,,2024-02-06,
Zepto,C02837,Pune,Maharashtra,,2023-08-23,
Zepto,C02838,Delhi,Delhi,,2023-12-30,
Zepto,C02839,Hyderabad,Telangana,,2023-07-01,
Zepto,C02840,Kolkata,West Bengal,,2023-12-29,
Zepto,C02841,Kolkata,West Bengal,,2023-07-06,
Zepto,C02842,Chennai,Tamil Nadu,,2024-09-16,
Zepto,C02843,Lucknow,Uttar Pradesh,,2024-03-15,
Zepto,C02844,Delhi,Delhi,,2024-03-30,
Zepto,C02845,Bengaluru,Karnataka,,2023-06-13,
Zepto,C02846,Chennai,Tamil Nadu,,2024-07-09,
Zepto,C02847,Hyderabad,Telangana,,2023-09-30,
Zepto,C02848,Lucknow,Uttar Pradesh,,2023-02-12,
Zepto,C02849,Jaipur,Rajasthan,,2024-03-31,
Zepto,C02850,Delhi,Delhi,,2023-04-02,
Zepto,C02851,Lucknow,Uttar Pradesh,,2023-09-12,
Zepto,C02852,Kolkata,West Bengal,,2023-04-21,
Zepto,C02853,Pune,Maharashtra,,2023-07-11,
Zepto,C02854,Delhi,Delhi,,2024-02-15,
Zepto,C02855,Chennai,Tamil Nadu,,2024-05-22,
Zepto,C02856,Pune,Maharashtra,,2024-10-27,
Zepto,C02857,Kolkata,West Bengal,,2024-02-16,
Zepto,C02858,Jaipur,Rajasthan,,2023-05-10,
Zepto,C02859,Mumbai,Maharashtra,,2024-07-13,
Zepto,C02860,Bengaluru,Karnataka,,2023-04-10,
Zepto,C02861,Delhi,Delhi,,2023-08-20,
Zepto,C02862,Kolkata,West Bengal,,2023-09-29,
Zepto,C02863,Lucknow,Uttar Pradesh,,2024-02-10,
Zepto,C02864,Kolkata,West Bengal,,2024-08-03,
Zepto,C02865,Pune,Maharashtra,,2024-11-06,
Zepto,C02866,Bengaluru,Karnataka,,2023-03-01,
Zepto,C02867,Mumbai,Maharashtra,,2023-12-26,
Zepto,C02868,Hyderabad,Telangana,,2024-09-02,
Zepto,C02869,Hyderabad,Telangana,,2024-02-25,
Zepto,C02870,Pune,Maharashtra,,2024-09-05,
Zepto,C02871,Lucknow,Uttar Pradesh,,2024-11-02,
Zepto,C02872,Chennai,Tamil Nadu,,2023-07-03,
Zepto,C02873,Jaipur,Rajasthan,,2024-09-20,
Zepto,C02874,Kolkata,West Bengal,,2023-09-26,
Zepto,C02875,Ahmedabad,Gujarat,,2024-03-29,
Zepto,C02876,Pune,Maharashtra,,2023-08-15,
Zepto,C02877,Hyderabad,Telangana,,2024-01-14,
Zepto,C02878,Bengaluru,Karnataka,,2024-03-04,
Zepto,C02879,Pune,Maharashtra,,2024-09-10,
Zepto,C02880,Kolkata,West Bengal,,2023-06-14,
Zepto,C02881,Ahmedabad,Gujarat,,2024-03-14,
Zepto,C02882,Lucknow,Uttar Pradesh,,2023-03-10,
Zepto,C02883,Delhi,Delhi,,2023-04-05,
Zepto,C02884,Kolkata,West Bengal,,2023-03-03,
Zepto,C02885,Jaipur,Rajasthan,,2024-02-10,
Zepto,C02886,Bengaluru,Karnataka,,2024-08-14,
Zepto,C02887,Chennai,Tamil Nadu,,2024-04-01,
Zepto,C02888,Kolkata,West Bengal,,2023-03-19,
Zepto,C02889,Chennai,Tamil Nadu,,2023-08-23,
Zepto,C02890,Kolkata,West Bengal,,2024-06-29,
Zepto,C02891,Bengaluru,Karnataka,,2024-01-13,
Zepto,C02892,Jaipur,Rajasthan,,2024-12-12,
Zepto,C02893,Chennai,Tamil Nadu,,2023-02-18,
Zepto,C02894,Chennai,Tamil Nadu,,2024-10-29,
Zepto,C02895,Delhi,Delhi,,2023-05-24,
Zepto,C02896,Lucknow,Uttar Pradesh,,2024-05-18,
Zepto,C02897,Hyderabad,Telangana,,2023-09-06,
Zepto,C02898,Jaipur,Rajasthan,,2024-07-05,
Zepto,C02899,Mumbai,Maharashtra,,2024-11-01,
Zepto,C02900,Hyderabad,Telangana,,2023-02-12,
Zepto,C02901,Hyderabad,Telangana,,2023-11-29,
Zepto,C02902,Pune,Maharashtra,,2023-08-24,
Zepto,C02903,Delhi,Delhi,,2024-06-11,
Zepto,C02904,Jaipur,Rajasthan,,2023-03-10,
Zepto,C02905,Pune,Maharashtra,,2023-09-25,
Zepto,C02906,Jaipur,Rajasthan,,2024-01-06,
Zepto,C02907,Jaipur,Rajasthan,,2023-04-20,
Zepto,C02908,Bengaluru,Karnataka,,2024-07-03,
Zepto,C02909,Kolkata,West Bengal,,2024-09-29,
Zepto,C02910,Jaipur,Rajasthan,,2023-06-08,
Zepto,C02911,Ahmedabad,Gujarat,,2024-08-15,
Zepto,C02912,Bengaluru,Karnataka,,2023-09-17,
Zepto,C02913,Jaipur,Rajasthan,,2024-01-26,
Zepto,C02914,Jaipur,Rajasthan,,2024-10-26,
Zepto,C02915,Hyderabad,Telangana,,2024-08-04,
Zepto,C02916,Jaipur,Rajasthan,,2024-05-26,
Zepto,C02917,Hyderabad,Telangana,,2023-06-26,
Zepto,C02918,Hyderabad,Telangana,,2023-06-21,
Zepto,C02919,Bengaluru,Karnataka,,2023-08-24,
Zepto,C02920,Kolkata,West Bengal,,2024-04-17,
Zepto,C02921,Jaipur,Rajasthan,,2024-10-08,
Zepto,C02922,Mumbai,Maharashtra,,2024-07-14,
Zepto,C02923,Chennai,Tamil Nadu,,2023-03-05,
Zepto,C02924,Hyderabad,Telangana,,2024-10-18,
Zepto,C02925,Chennai,Tamil Nadu,,2024-03-07,
Zepto,C02926,Lucknow,Uttar Pradesh,,2023-11-20,
Zepto,C02927,Ahmedabad,Gujarat,,2024-02-18,
Zepto,C02928,Pune,Maharashtra,,2024-08-25,
Zepto,C02929,Kolkata,West Bengal,,2024-03-19,
Zepto,C02930,Kolkata,West Bengal,,2024-01-15,
Zepto,C02931,Chennai,Tamil Nadu,,2023-01-02,
Zepto,C02932,Lucknow,Uttar Pradesh,,2023-10-03,
Zepto,C02933,Pune,Maharashtra,,2024-07-29,
Zepto,C02934,Jaipur,Rajasthan,,2023-05-25,
Zepto,C02935,Bengaluru,Karnataka,,2024-02-02,
Zepto,C02936,Kolkata,West Bengal,,2024-07-25,
Zepto,C02937,Ahmedabad,Gujarat,,2024-09-21,
Zepto,C02938,Kolkata,West Bengal,,2023-07-04,
Zepto,C02939,Mumbai,Maharashtra,,2024-12-10,
Zepto,C02940,Bengaluru,Karnataka,,2024-03-17,
Zepto,C02941,Kolkata,West Bengal,,2023-01-16,
Zepto,C02942,Pune,Maharashtra,,2023-05-23,
Zepto,C02943,Delhi,Delhi,,2024-04-16,
Zepto,C02944,Bengaluru,Karnataka,,2024-05-14,
Zepto,C02945,Delhi,Delhi,,2024-07-08,
Zepto,C02946,Kolkata,West Bengal,,2023-05-22,
Zepto,C02947,Ahmedabad,Gujarat,,2023-12-09,
Zepto,C02948,Pune,Maharashtra,,2023-09-30,
Zepto,C02949,Pune,Maharashtra,,2024-05-12,
Zepto,C02950,Mumbai,Maharashtra,,2024-08-14,
Zepto,C02951,Lucknow,Uttar Pradesh,,2023-01-19,
Zepto,C02952,Kolkata,West Bengal,,2023-10-09,
Zepto,C02953,Chennai,Tamil Nadu,,2024-04-26,
Zepto,C02954,Pune,Maharashtra,,2023-10-14,
Zepto,C02955,Jaipur,Rajasthan,,2023-07-07,
Zepto,C02956,Kolkata,West Bengal,,2023-03-16,
Zepto,C02957,Mumbai,Maharashtra,,2023-12-26,
Zepto,C02958,Mumbai,Maharashtra,,2024-09-17,
Zepto,C02959,Delhi,Delhi,,2023-11-19,
Zepto,C02960,Pune,Maharashtra,,2023-08-21,
Zepto,C02961,Mumbai,Maharashtra,,2024-04-18,
Zepto,C02962,Mumbai,Maharashtra,,2024-05-10,
Zepto,C02963,Jaipur,Rajasthan,,2024-12-29,
Zepto,C02964,Lucknow,Uttar Pradesh,,2024-06-18,
Zepto,C02965,Kolkata,West Bengal,,2023-12-19,
Zepto,C02966,Delhi,Delhi,,2024-02-28,
Zepto,C02967,Hyderabad,Telangana,,2023-11-15,
Zepto,C02968,Mumbai,Maharashtra,,2023-09-22,
Zepto,C02969,Lucknow,Uttar Pradesh,,2024-02-17,
Zepto,C02970,Hyderabad,Telangana,,2024-01-04,
Zepto,C02971,Pune,Maharashtra,,2023-06-05,
Zepto,C02972,Jaipur,Rajasthan,,2024-03-21,
Zepto,C02973,Hyderabad,Telangana,,2023-09-15,
Zepto,C02974,Bengaluru,Karnataka,,2023-11-22,
Zepto,C02975,Jaipur,Rajasthan,,2023-02-18,
Zepto,C02976,Chennai,Tamil Nadu,,2024-12-22,
Zepto,C02977,Pune,Maharashtra,,2023-03-23,
Zepto,C02978,Mumbai,Maharashtra,,2024-08-31,
Zepto,C02979,Delhi,Delhi,,2023-02-13,
Zepto,C02980,Delhi,Delhi,,2023-08-28,
Zepto,C02981,Kolkata,West Bengal,,2023-04-08,
Zepto,C02982,Ahmedabad,Gujarat,,2024-11-29,
Zepto,C02983,Kolkata,West Bengal,,2024-09-27,
Zepto,C02984,Delhi,Delhi,,2024-11-29,
Zepto,C02985,Ahmedabad,Gujarat,,2023-11-18,
Zepto,C02986,Mumbai,Maharashtra,,2023-03-22,
Zepto,C02987,Pune,Maharashtra,,2024-11-01,
Zepto,C02988,Pune,Maharashtra,,2023-02-02,
Zepto,C02989,Delhi,Delhi,,2024-03-29,
Zepto,C02990,Pune,Maharashtra,,2024-12-26,
Zepto,C02991,Delhi,Delhi,,2023-02-19,
Zepto,C02992,Hyderabad,Telangana,,2023-11-08,
Zepto,C02993,Pune,Maharashtra,,2023-05-10,
Zepto,C02994,Chennai,Tamil Nadu,,2023-03-07,
Zepto,C02995,Hyderabad,Telangana,,2024-10-31,
Zepto,C02996,Pune,Maharashtra,,2023-09-07,
Zepto,C02997,Kolkata,West Bengal,,2023-03-14,
Zepto,C02998,Lucknow,Uttar Pradesh,,2023-01-14,
Zepto,C02999,Mumbai,Maharashtra,,2023-03-17,
Zepto,C03000,Hyderabad,Telangana,,2024-05-05,
Zepto,C03001,Hyderabad,Telangana,,2024-08-06,
Zepto,C03002,Hyderabad,Telangana,,2023-01-22,
Zepto,C03003,Pune,Maharashtra,,2023-12-02,
Zepto,C03004,Delhi,Delhi,,2024-05-20,
Zepto,C03005,Bengaluru,Karnataka,,2023-10-20,
Zepto,C03006,Mumbai,Maharashtra,,2024-10-04,
Zepto,C03007,Chennai,Tamil Nadu,,2023-12-05,
Zepto,C03008,Lucknow,Uttar Pradesh,,2023-02-10,
Zepto,C03009,Jaipur,Rajasthan,,2024-07-23,
Zepto,C03010,Delhi,Delhi,,2023-04-01,
Zepto,C03011,Lucknow,Uttar Pradesh,,2023-01-07,
Zepto,C03012,Jaipur,Rajasthan,,2024-07-10,
Zepto,C03013,Bengaluru,Karnataka,,2024-08-30,
Zepto,C03014,Hyderabad,Telangana,,2023-09-04,
Zepto,C03015,Ahmedabad,Gujarat,,2024-01-14,
Zepto,C03016,Ahmedabad,Gujarat,,2023-01-26,
Zepto,C03017,Delhi,Delhi,,2023-12-19,
Zepto,C03018,Kolkata,West Bengal,,2024-12-18,
Zepto,C03019,Delhi,Delhi,,2023-12-28,
Zepto,C03020,Mumbai,Maharashtra,,2024-12-03,
Zepto,C03021,Jaipur,Rajasthan,,2024-03-23,
Zepto,C03022,Delhi,Delhi,,2024-08-25,
Zepto,C03023,Bengaluru,Karnataka,,2024-12-21,
Zepto,C03024,Pune,Maharashtra,,2023-08-31,
Zepto,C03025,Jaipur,Rajasthan,,2024-01-20,
Zepto,C03026,Bengaluru,Karnataka,,2024-06-05,
Zepto,C03027,Delhi,Delhi,,2024-06-10,
Zepto,C03028,Bengaluru,Karnataka,,2024-07-18,
Zepto,C03029,Hyderabad,Telangana,,2023-05-19,
Zepto,C03030,Ahmedabad,Gujarat,,2023-10-13,
Zepto,C03031,Kolkata,West Bengal,,2024-01-04,
Zepto,C03032,Mumbai,Maharashtra,,2023-05-11,
Zepto,C03033,Hyderabad,Telangana,,2023-05-15,
Zepto,C03034,Delhi,Delhi,,2023-09-07,
Zepto,C03035,Jaipur,Rajasthan,,2023-04-06,
Zepto,C03036,Hyderabad,Telangana,,2023-01-03,
Zepto,C03037,Ahmedabad,Gujarat,,2024-04-15,
Zepto,C03038,Hyderabad,Telangana,,2023-05-16,
Zepto,C03039,Kolkata,West Bengal,,2024-11-30,
Zepto,C03040,Mumbai,Maharashtra,,2023-06-12,
Zepto,C03041,Chennai,Tamil Nadu,,2023-09-11,
Zepto,C03042,Bengaluru,Karnataka,,2023-06-04,
Zepto,C03043,Ahmedabad,Gujarat,,2023-01-15,
Zepto,C03044,Kolkata,West Bengal,,2024-02-07,
Zepto,C03045,Bengaluru,Karnataka,,2023-03-28,
Zepto,C03046,Chennai,Tamil Nadu,,2024-08-18,
Zepto,C03047,Kolkata,West Bengal,,2024-02-05,
Zepto,C03048,Lucknow,Uttar Pradesh,,2024-03-02,
Zepto,C03049,Bengaluru,Karnataka,,2024-04-09,
Zepto,C03050,Delhi,Delhi,,2023-04-01,
Zepto,C03051,Bengaluru,Karnataka,,2023-12-18,
Zepto,C03052,Jaipur,Rajasthan,,2024-06-09,
Zepto,C03053,Lucknow,Uttar Pradesh,,2023-04-11,
Zepto,C03054,Delhi,Delhi,,2024-11-04,
Zepto,C03055,Jaipur,Rajasthan,,2023-12-13,
Zepto,C03056,Pune,Maharashtra,,2024-11-13,
Zepto,C03057,Chennai,Tamil Nadu,,2023-07-27,
Zepto,C03058,Jaipur,Rajasthan,,2024-05-26,
Zepto,C03059,Pune,Maharashtra,,2024-04-23,
Zepto,C03060,Kolkata,West Bengal,,2024-08-23,
Zepto,C03061,Kolkata,West Bengal,,2024-01-15,
Zepto,C03062,Jaipur,Rajasthan,,2024-01-27,
Zepto,C03063,Delhi,Delhi,,2023-07-01,
Zepto,C03064,Lucknow,Uttar Pradesh,,2023-12-07,
Zepto,C03065,Bengaluru,Karnataka,,2024-02-13,
Zepto,C03066,Lucknow,Uttar Pradesh,,2024-01-26,
Zepto,C03067,Mumbai,Maharashtra,,2024-04-09,
Zepto,C03068,Delhi,Delhi,,2023-09-30,
Zepto,C03069,Mumbai,Maharashtra,,2024-11-14,
Zepto,C03070,Kolkata,West Bengal,,2023-04-30,
Zepto,C03071,Ahmedabad,Gujarat,,2024-08-03,
Zepto,C03072,Mumbai,Maharashtra,,2024-06-30,
Zepto,C03073,Bengaluru,Karnataka,,2023-05-04,
Zepto,C03074,Chennai,Tamil Nadu,,2023-11-22,
Zepto,C03075,Chennai,Tamil Nadu,,2023-06-30,
Zepto,C03076,Ahmedabad,Gujarat,,2023-02-19,
Zepto,C03077,Mumbai,Maharashtra,,2024-12-09,
Zepto,C03078,Hyderabad,Telangana,,2024-03-31,
Zepto,C03079,Pune,Maharashtra,,2024-02-21,
Zepto,C03080,Mumbai,Maharashtra,,2024-10-23,
Zepto,C03081,Delhi,Delhi,,2023-01-26,
Zepto,C03082,Mumbai,Maharashtra,,2023-01-26,
Zepto,C03083,Chennai,Tamil Nadu,,2023-07-10,
Zepto,C03084,Lucknow,Uttar Pradesh,,2023-11-05,
Zepto,C03085,Kolkata,West Bengal,,2024-06-25,
Zepto,C03086,Delhi,Delhi,,2023-07-22,
Zepto,C03087,Jaipur,Rajasthan,,2024-02-05,
Zepto,C03088,Ahmedabad,Gujarat,,2023-09-10,
Zepto,C03089,Hyderabad,Telangana,,2023-08-29,
Zepto,C03090,Hyderabad,Telangana,,2024-12-17,
Zepto,C03091,Mumbai,Maharashtra,,2023-10-22,
Zepto,C03092,Bengaluru,Karnataka,,2023-08-21,
Zepto,C03093,Ahmedabad,Gujarat,,2024-02-11,
Zepto,C03094,Jaipur,Rajasthan,,2023-07-11,
Zepto,C03095,Jaipur,Rajasthan,,2023-06-12,
Zepto,C03096,Delhi,Delhi,,2023-06-09,
Zepto,C03097,Hyderabad,Telangana,,2024-07-25,
Zepto,C03098,Kolkata,West Bengal,,2024-12-25,
Zepto,C03099,Hyderabad,Telangana,,2023-11-29,
Zepto,C03100,Bengaluru,Karnataka,,2023-05-26,
Zepto,C03101,Chennai,Tamil Nadu,,2023-09-17,
Zepto,C03102,Bengaluru,Karnataka,,2024-11-11,
Zepto,C03103,Bengaluru,Karnataka,,2024-09-24,
Zepto,C03104,Hyderabad,Telangana,,2024-10-12,
Zepto,C03105,Jaipur,Rajasthan,,2023-02-26,
Zepto,C03106,Mumbai,Maharashtra,,2024-05-12,
Zepto,C03107,Jaipur,Rajasthan,,2023-11-28,
Zepto,C03108,Bengaluru,Karnataka,,2024-02-15,
Zepto,C03109,Lucknow,Uttar Pradesh,,2024-04-29,
Zepto,C03110,Ahmedabad,Gujarat,,2023-02-16,
Zepto,C03111,Delhi,Delhi,,2024-01-13,
Zepto,C03112,Pune,Maharashtra,,2023-12-04,
Zepto,C03113,Delhi,Delhi,,2024-08-13,
Zepto,C03114,Jaipur,Rajasthan,,2024-05-23,
Zepto,C03115,Bengaluru,Karnataka,,2023-01-19,
Zepto,C03116,Mumbai,Maharashtra,,2023-03-14,
Zepto,C03117,Delhi,Delhi,,2023-06-03,
Zepto,C03118,Lucknow,Uttar Pradesh,,2024-02-18,
Zepto,C03119,Mumbai,Maharashtra,,2024-08-02,
Zepto,C03120,Ahmedabad,Gujarat,,2024-05-10,
Zepto,C03121,Bengaluru,Karnataka,,2024-03-24,
Zepto,C03122,Jaipur,Rajasthan,,2024-07-01,
Zepto,C03123,Hyderabad,Telangana,,2024-10-08,
Zepto,C03124,Kolkata,West Bengal,,2023-12-03,
Zepto,C03125,Pune,Maharashtra,,2023-07-06,
Zepto,C03126,Lucknow,Uttar Pradesh,,2023-03-12,
Zepto,C03127,Chennai,Tamil Nadu,,2023-10-17,
Zepto,C03128,Mumbai,Maharashtra,,2023-05-24,
Zepto,C03129,Jaipur,Rajasthan,,2024-11-12,
Zepto,C03130,Lucknow,Uttar Pradesh,,2024-04-05,
Zepto,C03131,Pune,Maharashtra,,2024-03-12,
Zepto,C03132,Hyderabad,Telangana,,2023-12-28,
Zepto,C03133,Kolkata,West Bengal,,2023-10-06,
Zepto,C03134,Delhi,Delhi,,2023-04-23,
Zepto,C03135,Hyderabad,Telangana,,2023-11-25,
Zepto,C03136,Bengaluru,Karnataka,,2024-01-12,
Zepto,C03137,Kolkata,West Bengal,,2024-11-21,
Zepto,C03138,Pune,Maharashtra,,2024-09-20,
Zepto,C03139,Lucknow,Uttar Pradesh,,2024-02-07,
Zepto,C03140,Chennai,Tamil Nadu,,2023-12-05,
Zepto,C03141,Delhi,Delhi,,2023-11-09,
Zepto,C03142,Lucknow,Uttar Pradesh,,2023-09-08,
Zepto,C03143,Chennai,Tamil Nadu,,2023-08-20,
Zepto,C03144,Jaipur,Rajasthan,,2023-06-25,
Zepto,C03145,Kolkata,West Bengal,,2023-05-12,
Zepto,C03146,Jaipur,Rajasthan,,2024-10-19,
Zepto,C03147,Delhi,Delhi,,2023-01-09,
Zepto,C03148,Delhi,Delhi,,2024-05-05,
Zepto,C03149,Pune,Maharashtra,,2023-07-17,
Zepto,C03150,Bengaluru,Karnataka,,2023-05-09,
Zepto,C03151,Lucknow,Uttar Pradesh,,2024-03-19,
Zepto,C03152,Hyderabad,Telangana,,2024-08-03,
Zepto,C03153,Delhi,Delhi,,2023-05-20,
Zepto,C03154,Pune,Maharashtra,,2024-06-25,
Zepto,C03155,Ahmedabad,Gujarat,,2023-01-03,
Zepto,C03156,Hyderabad,Telangana,,2023-03-12,
Zepto,C03157,Pune,Maharashtra,,2024-02-11,
Zepto,C03158,Jaipur,Rajasthan,,2024-01-15,
Zepto,C03159,Kolkata,West Bengal,,2023-06-11,
Zepto,C03160,Chennai,Tamil Nadu,,2023-07-07,
Zepto,C03161,Chennai,Tamil Nadu,,2023-08-26,
Zepto,C03162,Kolkata,West Bengal,,2024-07-07,
Zepto,C03163,Pune,Maharashtra,,2024-12-28,
Zepto,C03164,Mumbai,Maharashtra,,2023-06-06,
Zepto,C03165,Ahmedabad,Gujarat,,2023-09-27,
Zepto,C03166,Mumbai,Maharashtra,,2023-06-08,
Zepto,C03167,Bengaluru,Karnataka,,2024-07-26,
Zepto,C03168,Ahmedabad,Gujarat,,2023-12-11,
Zepto,C03169,Lucknow,Uttar Pradesh,,2023-08-28,
Zepto,C03170,Lucknow,Uttar Pradesh,,2023-04-21,
Zepto,C03171,Hyderabad,Telangana,,2023-09-17,
Zepto,C03172,Kolkata,West Bengal,,2024-04-12,
Zepto,C03173,Ahmedabad,Gujarat,,2024-09-16,
Zepto,C03174,Bengaluru,Karnataka,,2023-10-12,
Zepto,C03175,Hyderabad,Telangana,,2024-08-18,
Zepto,C03176,Hyderabad,Telangana,,2023-10-05,
Zepto,C03177,Delhi,Delhi,,2024-08-18,
Zepto,C03178,Bengaluru,Karnataka,,2023-10-27,
Zepto,C03179,Chennai,Tamil Nadu,,2024-11-07,
Zepto,C03180,Ahmedabad,Gujarat,,2023-11-25,
Zepto,C03181,Bengaluru,Karnataka,,2023-09-28,
Zepto,C03182,Jaipur,Rajasthan,,2024-03-27,
Zepto,C03183,Bengaluru,Karnataka,,2023-06-09,
Zepto,C03184,Pune,Maharashtra,,2024-01-30,
Zepto,C03185,Bengaluru,Karnataka,,2023-09-11,
Zepto,C03186,Bengaluru,Karnataka,,2023-04-13,
Zepto,C03187,Jaipur,Rajasthan,,2024-04-13,
Zepto,C03188,Kolkata,West Bengal,,2024-09-20,
Zepto,C03189,Chennai,Tamil Nadu,,2024-12-11,
Zepto,C03190,Lucknow,Uttar Pradesh,,2024-09-26,
Zepto,C03191,Delhi,Delhi,,2024-05-20,
Zepto,C03192,Kolkata,West Bengal,,2023-09-18,
Zepto,C03193,Mumbai,Maharashtra,,2024-01-05,
Zepto,C03194,Kolkata,West Bengal,,2024-11-26,
Zepto,C03195,Hyderabad,Telangana,,2023-07-19,
Zepto,C03196,Chennai,Tamil Nadu,,2023-11-06,
Zepto,C03197,Ahmedabad,Gujarat,,2024-06-04,
Zepto,C03198,Mumbai,Maharashtra,,2023-06-20,
Zepto,C03199,Delhi,Delhi,,2024-09-18,
Zepto,C03200,Bengaluru,Karnataka,,2024-02-11,
Zepto,C03201,Pune,Maharashtra,,2024-02-29,
Zepto,C03202,Ahmedabad,Gujarat,,2023-11-23,
Zepto,C03203,Kolkata,West Bengal,,2023-03-24,
Zepto,C03204,Bengaluru,Karnataka,,2023-01-29,
Zepto,C03205,Delhi,Delhi,,2023-03-15,
Zepto,C03206,Pune,Maharashtra,,2023-11-20,
Zepto,C03207,Bengaluru,Karnataka,,2024-10-23,
Zepto,C03208,Mumbai,Maharashtra,,2024-03-17,
Zepto,C03209,Jaipur,Rajasthan,,2023-01-28,
Zepto,C03210,Hyderabad,Telangana,,2024-11-01,
Zepto,C03211,Hyderabad,Telangana,,2024-12-22,
Zepto,C03212,Delhi,Delhi,,2023-06-27,
Zepto,C03213,Pune,Maharashtra,,2024-07-05,
Zepto,C03214,Kolkata,West Bengal,,2023-11-02,
Zepto,C03215,Chennai,Tamil Nadu,,2024-07-23,
Zepto,C03216,Bengaluru,Karnataka,,2024-11-20,
Zepto,C03217,Ahmedabad,Gujarat,,2024-03-28,
Zepto,C03218,Pune,Maharashtra,,2024-02-02,
Zepto,C03219,Lucknow,Uttar Pradesh,,2024-03-21,
Zepto,C03220,Lucknow,Uttar Pradesh,,2023-05-25,
Zepto,C03221,Mumbai,Maharashtra,,2023-11-09,
Zepto,C03222,Jaipur,Rajasthan,,2023-08-11,
Zepto,C03223,Delhi,Delhi,,2023-04-03,
Zepto,C03224,Lucknow,Uttar Pradesh,,2024-09-16,
Zepto,C03225,Delhi,Delhi,,2024-10-29,
Zepto,C03226,Mumbai,Maharashtra,,2023-02-28,
Zepto,C03227,Mumbai,Maharashtra,,2023-03-05,
Zepto,C03228,Pune,Maharashtra,,2023-07-18,
Zepto,C03229,Pune,Maharashtra,,2024-10-08,
Zepto,C03230,Hyderabad,Telangana,,2024-07-17,
Zepto,C03231,Lucknow,Uttar Pradesh,,2023-06-25,
Zepto,C03232,Jaipur,Rajasthan,,2024-12-15,
Zepto,C03233,Hyderabad,Telangana,,2023-07-01,
Zepto,C03234,Hyderabad,Telangana,,2023-08-08,
Zepto,C03235,Delhi,Delhi,,2024-10-08,
Zepto,C03236,Hyderabad,Telangana,,2024-03-20,
Zepto,C03237,Hyderabad,Telangana,,2023-06-08,
Zepto,C03238,Bengaluru,Karnataka,,2023-04-12,
Zepto,C03239,Ahmedabad,Gujarat,,2024-09-06,
Zepto,C03240,Kolkata,West Bengal,,2024-05-08,
Zepto,C03241,Pune,Maharashtra,,2024-08-18,
Zepto,C03242,Chennai,Tamil Nadu,,2023-09-11,
Zepto,C03243,Kolkata,West Bengal,,2023-04-30,
Zepto,C03244,Kolkata,West Bengal,,2024-08-16,
Zepto,C03245,Ahmedabad,Gujarat,,2023-07-02,
Zepto,C03246,Jaipur,Rajasthan,,2024-01-29,
Zepto,C03247,Bengaluru,Karnataka,,2023-11-28,
Zepto,C03248,Lucknow,Uttar Pradesh,,2023-06-16,
Zepto,C03249,Kolkata,West Bengal,,2024-10-05,
Zepto,C03250,Lucknow,Uttar Pradesh,,2023-01-24,
Zepto,C03251,Kolkata,West Bengal,,2024-03-09,
Zepto,C03252,Lucknow,Uttar Pradesh,,2024-02-10,
Zepto,C03253,Ahmedabad,Gujarat,,2023-11-11,
Zepto,C03254,Lucknow,Uttar Pradesh,,2023-10-19,
Zepto,C03255,Lucknow,Uttar Pradesh,,2024-05-31,
Zepto,C03256,Ahmedabad,Gujarat,,2024-06-15,
Zepto,C03257,Jaipur,Rajasthan,,2023-04-20,
Zepto,C03258,Chennai,Tamil Nadu,,2023-11-20,
Zepto,C03259,Kolkata,West Bengal,,2023-01-11,
Zepto,C03260,Bengaluru,Karnataka,,2024-02-13,
Zepto,C03261,Jaipur,Rajasthan,,2024-09-08,
Zepto,C03262,Chennai,Tamil Nadu,,2024-01-03,
Zepto,C03263,Lucknow,Uttar Pradesh,,2024-07-22,
Zepto,C03264,Jaipur,Rajasthan,,2024-07-18,
Zepto,C03265,Delhi,Delhi,,2024-07-20,
Zepto,C03266,Pune,Maharashtra,,2023-01-14,
Zepto,C03267,Kolkata,West Bengal,,2024-11-26,
Zepto,C03268,Pune,Maharashtra,,2024-10-22,
Zepto,C03269,Jaipur,Rajasthan,,2023-09-25,
Zepto,C03270,Chennai,Tamil Nadu,,2024-03-18,
Zepto,C03271,Mumbai,Maharashtra,,2024-10-31,
Zepto,C03272,Mumbai,Maharashtra,,2023-02-01,
Zepto,C03273,Mumbai,Maharashtra,,2023-08-25,
Zepto,C03274,Bengaluru,Karnataka,,2024-09-07,
Zepto,C03275,Pune,Maharashtra,,2024-03-08,
Zepto,C03276,Kolkata,West Bengal,,2023-05-26,
Zepto,C03277,Lucknow,Uttar Pradesh,,2024-03-22,
Zepto,C03278,Bengaluru,Karnataka,,2023-07-05,
Zepto,C03279,Chennai,Tamil Nadu,,2024-03-26,
Zepto,C03280,Chennai,Tamil Nadu,,2024-07-08,
Zepto,C03281,Kolkata,West Bengal,,2023-12-01,
Zepto,C03282,Mumbai,Maharashtra,,2024-05-15,
Zepto,C03283,Hyderabad,Telangana,,2023-04-15,
Zepto,C03284,Kolkata,West Bengal,,2023-05-11,
Zepto,C03285,Hyderabad,Telangana,,2024-10-17,
Zepto,C03286,Jaipur,Rajasthan,,2024-10-19,
Zepto,C03287,Jaipur,Rajasthan,,2023-11-29,
Zepto,C03288,Pune,Maharashtra,,2023-05-24,
Zepto,C03289,Pune,Maharashtra,,2024-05-15,
Zepto,C03290,Pune,Maharashtra,,2023-02-23,
Zepto,C03291,Chennai,Tamil Nadu,,2024-04-03,
Zepto,C03292,Hyderabad,Telangana,,2024-01-01,
Zepto,C03293,Delhi,Delhi,,2024-04-17,
Zepto,C03294,Ahmedabad,Gujarat,,2023-07-24,
Zepto,C03295,Hyderabad,Telangana,,2024-05-15,
Zepto,C03296,Jaipur,Rajasthan,,2023-08-11,
Zepto,C03297,Jaipur,Rajasthan,,2024-09-07,
Zepto,C03298,Jaipur,Rajasthan,,2023-06-29,
Zepto,C03299,Jaipur,Rajasthan,,2024-05-01,
Zepto,C03300,Bengaluru,Karnataka,,2023-11-20,
Zepto,C03301,Kolkata,West Bengal,,2023-12-01,
Zepto,C03302,Mumbai,Maharashtra,,2023-04-14,
Zepto,C03303,Hyderabad,Telangana,,2023-10-27,
Zepto,C03304,Ahmedabad,Gujarat,,2024-01-23,
Zepto,C03305,Chennai,Tamil Nadu,,2023-08-18,
Zepto,C03306,Chennai,Tamil Nadu,,2024-01-21,
Zepto,C03307,Lucknow,Uttar Pradesh,,2024-08-22,
Zepto,C03308,Jaipur,Rajasthan,,2023-12-15,
Zepto,C03309,Pune,Maharashtra,,2023-06-17,
Zepto,C03310,Jaipur,Rajasthan,,2023-10-25,
Zepto,C03311,Jaipur,Rajasthan,,2023-11-01,
Zepto,C03312,Bengaluru,Karnataka,,2024-07-28,
Zepto,C03313,Pune,Maharashtra,,2024-06-16,
Zepto,C03314,Bengaluru,Karnataka,,2023-05-27,
Zepto,C03315,Lucknow,Uttar Pradesh,,2024-11-07,
Zepto,C03316,Lucknow,Uttar Pradesh,,2024-04-07,
Zepto,C03317,Jaipur,Rajasthan,,2023-11-03,
Zepto,C03318,Kolkata,West Bengal,,2024-05-23,
Zepto,C03319,Delhi,Delhi,,2023-07-06,
Zepto,C03320,Kolkata,West Bengal,,2024-07-03,
Zepto,C03321,Jaipur,Rajasthan,,2023-03-23,
Zepto,C03322,Lucknow,Uttar Pradesh,,2024-11-03,
Zepto,C03323,Mumbai,Maharashtra,,2024-01-15,
Zepto,C03324,Lucknow,Uttar Pradesh,,2023-08-01,
Zepto,C03325,Pune,Maharashtra,,2024-05-31,
Zepto,C03326,Pune,Maharashtra,,2023-07-19,
Zepto,C03327,Delhi,Delhi,,2024-08-12,
Zepto,C03328,Bengaluru,Karnataka,,2024-08-10,
Zepto,C03329,Pune,Maharashtra,,2023-05-05,
Zepto,C03330,Pune,Maharashtra,,2024-07-01,
Zepto,C03331,Mumbai,Maharashtra,,2023-05-19,
Zepto,C03332,Pune,Maharashtra,,2024-12-14,
Zepto,C03333,Bengaluru,Karnataka,,2024-03-26,
Zepto,C03334,Kolkata,West Bengal,,2024-08-04,
Zepto,C03335,Mumbai,Maharashtra,,2024-12-22,
Zepto,C03336,Delhi,Delhi,,2024-01-11,
Zepto,C03337,Kolkata,West Bengal,,2024-01-20,
Zepto,C03338,Pune,Maharashtra,,2023-04-29,
Zepto,C03339,Mumbai,Maharashtra,,2024-11-06,
Zepto,C03340,Ahmedabad,Gujarat,,2023-01-29,
Zepto,C03341,Kolkata,West Bengal,,2024-02-24,
Zepto,C03342,Delhi,Delhi,,2024-01-22,
Zepto,C03343,Delhi,Delhi,,2023-02-05,
Zepto,C03344,Hyderabad,Telangana,,2023-12-09,
Zepto,C03345,Pune,Maharashtra,,2023-05-08,
Zepto,C03346,Ahmedabad,Gujarat,,2023-08-08,
Zepto,C03347,Kolkata,West Bengal,,2023-05-18,
Zepto,C03348,Ahmedabad,Gujarat,,2023-04-29,
Zepto,C03349,Mumbai,Maharashtra,,2024-08-12,
Zepto,C03350,Chennai,Tamil Nadu,,2024-12-12,
Zepto,C03351,Jaipur,Rajasthan,,2023-10-12,
Zepto,C03352,Pune,Maharashtra,,2023-04-25,
Zepto,C03353,Bengaluru,Karnataka,,2024-05-17,
Zepto,C03354,Kolkata,West Bengal,,2024-07-20,
Zepto,C03355,Mumbai,Maharashtra,,2023-07-27,
Zepto,C03356,Delhi,Delhi,,2024-06-03,
Zepto,C03357,Pune,Maharashtra,,2024-06-08,
Zepto,C03358,Ahmedabad,Gujarat,,2023-01-15,
Zepto,C03359,Mumbai,Maharashtra,,2024-09-29,
Zepto,C03360,Kolkata,West Bengal,,2023-01-24,
Zepto,C03361,Chennai,Tamil Nadu,,2023-06-20,
Zepto,C03362,Hyderabad,Telangana,,2023-03-29,
Zepto,C03363,Mumbai,Maharashtra,,2023-10-02,
Zepto,C03364,Lucknow,Uttar Pradesh,,2024-12-22,
Zepto,C03365,Pune,Maharashtra,,2023-09-03,
Zepto,C03366,Chennai,Tamil Nadu,,2023-04-12,
Zepto,C03367,Mumbai,Maharashtra,,2024-08-24,
Zepto,C03368,Lucknow,Uttar Pradesh,,2024-02-21,
Zepto,C03369,Chennai,Tamil Nadu,,2023-05-28,
Zepto,C03370,Hyderabad,Telangana,,2023-06-26,
Zepto,C03371,Mumbai,Maharashtra,,2023-02-06,
Zepto,C03372,Kolkata,West Bengal,,2023-08-09,
Zepto,C03373,Ahmedabad,Gujarat,,2024-12-12,
Zepto,C03374,Lucknow,Uttar Pradesh,,2023-12-10,
Zepto,C03375,Lucknow,Uttar Pradesh,,2024-01-05,
Zepto,C03376,Pune,Maharashtra,,2024-04-21,
Zepto,C03377,Ahmedabad,Gujarat,,2023-09-07,
Zepto,C03378,Ahmedabad,Gujarat,,2023-08-10,
Zepto,C03379,Ahmedabad,Gujarat,,2023-06-25,
Zepto,C03380,Lucknow,Uttar Pradesh,,2023-02-12,
Zepto,C03381,Bengaluru,Karnataka,,2023-07-10,
Zepto,C03382,Kolkata,West Bengal,,2023-04-25,
Zepto,C03383,Ahmedabad,Gujarat,,2023-01-07,
Zepto,C03384,Bengaluru,Karnataka,,2023-08-19,
Zepto,C03385,Delhi,Delhi,,2024-10-25,
Zepto,C03386,Lucknow,Uttar Pradesh,,2023-10-04,
Zepto,C03387,Ahmedabad,Gujarat,,2024-04-30,
Zepto,C03388,Kolkata,West Bengal,,2024-10-18,
Zepto,C03389,Ahmedabad,Gujarat,,2024-02-23,
Zepto,C03390,Mumbai,Maharashtra,,2024-11-24,
Zepto,C03391,Lucknow,Uttar Pradesh,,2024-07-07,
Zepto,C03392,Delhi,Delhi,,2024-08-11,
Zepto,C03393,Bengaluru,Karnataka,,2024-03-16,
Zepto,C03394,Kolkata,West Bengal,,2023-09-19,
Zepto,C03395,Kolkata,West Bengal,,2023-05-10,
Zepto,C03396,Jaipur,Rajasthan,,2024-06-22,
Zepto,C03397,Hyderabad,Telangana,,2024-03-24,
Zepto,C03398,Ahmedabad,Gujarat,,2023-10-26,
Zepto,C03399,Mumbai,Maharashtra,,2023-02-21,
Zepto,C03400,Kolkata,West Bengal,,2024-09-14,
Zepto,C03401,Jaipur,Rajasthan,,2023-10-03,
Zepto,C03402,Jaipur,Rajasthan,,2023-06-11,
Zepto,C03403,Pune,Maharashtra,,2023-10-08,
Zepto,C03404,Bengaluru,Karnataka,,2023-03-09,
Zepto,C03405,Mumbai,Maharashtra,,2024-01-03,
Zepto,C03406,Mumbai,Maharashtra,,2023-01-22,
Zepto,C03407,Kolkata,West Bengal,,2024-04-09,
Zepto,C03408,Jaipur,Rajasthan,,2024-06-17,
Zepto,C03409,Kolkata,West Bengal,,2023-01-03,
Zepto,C03410,Bengaluru,Karnataka,,2023-08-29,
Zepto,C03411,Jaipur,Rajasthan,,2024-08-14,
Zepto,C03412,Pune,Maharashtra,,2023-11-04,
Zepto,C03413,Kolkata,West Bengal,,2023-09-08,
Zepto,C03414,Jaipur,Rajasthan,,2023-10-11,
Zepto,C03415,Hyderabad,Telangana,,2024-04-01,
Zepto,C03416,Delhi,Delhi,,2024-11-09,
Zepto,C03417,Jaipur,Rajasthan,,2023-05-25,
Zepto,C03418,Chennai,Tamil Nadu,,2024-11-11,
Zepto,C03419,Chennai,Tamil Nadu,,2024-02-27,
Zepto,C03420,Lucknow,Uttar Pradesh,,2024-09-03,
Zepto,C03421,Kolkata,West Bengal,,2024-03-18,
Zepto,C03422,Bengaluru,Karnataka,,2023-10-01,
Zepto,C03423,Bengaluru,Karnataka,,2023-05-22,
Zepto,C03424,Mumbai,Maharashtra,,2023-06-02,
Zepto,C03425,Delhi,Delhi,,2024-05-23,
Zepto,C03426,Hyderabad,Telangana,,2024-02-26,
Zepto,C03427,Mumbai,Maharashtra,,2023-01-09,
Zepto,C03428,Bengaluru,Karnataka,,2024-07-18,
Zepto,C03429,Delhi,Delhi,,2024-10-05,
Zepto,C03430,Kolkata,West Bengal,,2023-04-28,
Zepto,C03431,Mumbai,Maharashtra,,2023-09-28,
Zepto,C03432,Jaipur,Rajasthan,,2023-09-06,
Zepto,C03433,Bengaluru,Karnataka,,2023-07-25,
Zepto,C03434,Bengaluru,Karnataka,,2023-01-31,
Zepto,C03435,Kolkata,West Bengal,,2023-11-29,
Zepto,C03436,Chennai,Tamil Nadu,,2024-11-01,
Zepto,C03437,Chennai,Tamil Nadu,,2024-01-28,
Zepto,C03438,Pune,Maharashtra,,2024-05-26,
Zepto,C03439,Hyderabad,Telangana,,2023-12-25,
Zepto,C03440,Jaipur,Rajasthan,,2023-06-23,
Zepto,C03441,Ahmedabad,Gujarat,,2024-11-15,
Zepto,C03442,Kolkata,West Bengal,,2024-03-04,
Zepto,C03443,Chennai,Tamil Nadu,,2023-03-20,
Zepto,C03444,Jaipur,Rajasthan,,2023-10-04,
Zepto,C03445,Bengaluru,Karnataka,,2024-08-15,
Zepto,C03446,Delhi,Delhi,,2024-06-06,
Zepto,C03447,Bengaluru,Karnataka,,2023-05-09,
Zepto,C03448,Mumbai,Maharashtra,,2023-11-11,
Zepto,C03449,Bengaluru,Karnataka,,2023-03-30,
Zepto,C03450,Bengaluru,Karnataka,,2024-01-01,
Zepto,C03451,Chennai,Tamil Nadu,,2023-10-17,
Zepto,C03452,Ahmedabad,Gujarat,,2023-07-20,
Zepto,C03453,Hyderabad,Telangana,,2023-01-03,
Zepto,C03454,Chennai,Tamil Nadu,,2024-05-27,
Zepto,C03455,Lucknow,Uttar Pradesh,,2024-03-05,
Zepto,C03456,Pune,Maharashtra,,2023-04-11,
Zepto,C03457,Chennai,Tamil Nadu,,2023-07-20,
Zepto,C03458,Delhi,Delhi,,2024-12-26,
Zepto,C03459,Kolkata,West Bengal,,2023-01-05,
Zepto,C03460,Jaipur,Rajasthan,,2024-01-30,
Zepto,C03461,Delhi,Delhi,,2024-08-31,
Zepto,C03462,Delhi,Delhi,,2023-04-02,
Zepto,C03463,Delhi,Delhi,,2023-09-04,
Zepto,C03464,Jaipur,Rajasthan,,2024-02-29,
Zepto,C03465,Pune,Maharashtra,,2024-12-01,
Zepto,C03466,Chennai,Tamil Nadu,,2024-10-13,
Zepto,C03467,Delhi,Delhi,,2023-03-20,
Zepto,C03468,Bengaluru,Karnataka,,2024-12-24,
Zepto,C03469,Jaipur,Rajasthan,,2024-11-23,
Zepto,C03470,Lucknow,Uttar Pradesh,,2023-02-27,
Zepto,C03471,Kolkata,West Bengal,,2023-01-29,
Zepto,C03472,Bengaluru,Karnataka,,2023-05-13,
Zepto,C03473,Chennai,Tamil Nadu,,2024-05-07,
Zepto,C03474,Hyderabad,Telangana,,2023-02-11,
Zepto,C03475,Bengaluru,Karnataka,,2023-10-21,
Zepto,C03476,Ahmedabad,Gujarat,,2024-05-27,
Zepto,C03477,Chennai,Tamil Nadu,,2023-07-18,
Zepto,C03478,Delhi,Delhi,,2024-02-05,
Zepto,C03479,Jaipur,Rajasthan,,2023-12-27,
Zepto,C03480,Kolkata,West Bengal,,2024-03-29,
Zepto,C03481,Hyderabad,Telangana,,2024-08-14,
Zepto,C03482,Kolkata,West Bengal,,2023-11-02,
Zepto,C03483,Hyderabad,Telangana,,2023-07-22,
Zepto,C03484,Chennai,Tamil Nadu,,2023-08-05,
Zepto,C03485,Bengaluru,Karnataka,,2023-10-23,
Zepto,C03486,Mumbai,Maharashtra,,2023-11-05,
Zepto,C03487,Mumbai,Maharashtra,,2023-11-20,
Zepto,C03488,Kolkata,West Bengal,,2024-05-02,
Zepto,C03489,Hyderabad,Telangana,,2023-08-25,
Zepto,C03490,Delhi,Delhi,,2023-01-04,
Zepto,C03491,Ahmedabad,Gujarat,,2024-03-06,
Zepto,C03492,Kolkata,West Bengal,,2023-05-06,
Zepto,C03493,Delhi,Delhi,,2023-05-21,
Zepto,C03494,Delhi,Delhi,,2023-05-18,
Zepto,C03495,Jaipur,Rajasthan,,2023-04-11,
Zepto,C03496,Mumbai,Maharashtra,,2024-11-18,
Zepto,C03497,Mumbai,Maharashtra,,2023-06-07,
Zepto,C03498,Chennai,Tamil Nadu,,2024-03-08,
Zepto,C03499,Ahmedabad,Gujarat,,2023-04-15,
Zepto,C03500,Ahmedabad,Gujarat,,2023-05-06,
Zepto,C03501,Jaipur,Rajasthan,,2024-10-18,
Zepto,C03502,Pune,Maharashtra,,2023-11-11,
Zepto,C03503,Chennai,Tamil Nadu,,2023-03-16,
Zepto,C03504,Bengaluru,Karnataka,,2024-01-28,
Zepto,C03505,Kolkata,West Bengal,,2024-12-02,
Zepto,C03506,Jaipur,Rajasthan,,2024-06-12,
Zepto,C03507,Bengaluru,Karnataka,,2023-01-11,
Zepto,C03508,Hyderabad,Telangana,,2023-12-13,
Zepto,C03509,Pune,Maharashtra,,2024-09-10,
Zepto,C03510,Ahmedabad,Gujarat,,2024-09-13,
Zepto,C03511,Jaipur,Rajasthan,,2024-02-07,
Zepto,C03512,Pune,Maharashtra,,2023-08-29,
Zepto,C03513,Lucknow,Uttar Pradesh,,2023-05-29,
Zepto,C03514,Pune,Maharashtra,,2024-09-02,
Zepto,C03515,Hyderabad,Telangana,,2024-11-29,
Zepto,C03516,Jaipur,Rajasthan,,2024-09-01,
Zepto,C03517,Kolkata,West Bengal,,2023-03-20,
Zepto,C03518,Chennai,Tamil Nadu,,2023-05-31,
Zepto,C03519,Ahmedabad,Gujarat,,2023-07-31,
Zepto,C03520,Bengaluru,Karnataka,,2024-05-08,
Zepto,C03521,Ahmedabad,Gujarat,,2024-03-12,
Zepto,C03522,Mumbai,Maharashtra,,2023-10-29,
Zepto,C03523,Chennai,Tamil Nadu,,2024-07-19,
Zepto,C03524,Bengaluru,Karnataka,,2023-04-17,
Zepto,C03525,Bengaluru,Karnataka,,2023-01-31,
Zepto,C03526,Delhi,Delhi,,2023-09-30,
Zepto,C03527,Mumbai,Maharashtra,,2024-03-08,
Zepto,C03528,Hyderabad,Telangana,,2023-03-24,
Zepto,C03529,Pune,Maharashtra,,2024-12-02,
Zepto,C03530,Bengaluru,Karnataka,,2024-02-28,
Zepto,C03531,Lucknow,Uttar Pradesh,,2023-08-18,
Zepto,C03532,Kolkata,West Bengal,,2023-09-05,
Zepto,C03533,Mumbai,Maharashtra,,2024-02-12,
Zepto,C03534,Lucknow,Uttar Pradesh,,2024-09-19,
Zepto,C03535,Lucknow,Uttar Pradesh,,2023-08-19,
Zepto,C03536,Bengaluru,Karnataka,,2024-07-07,
Zepto,C03537,Hyderabad,Telangana,,2023-12-23,
Zepto,C03538,Bengaluru,Karnataka,,2024-03-16,
Zepto,C03539,Ahmedabad,Gujarat,,2023-06-20,
Zepto,C03540,Ahmedabad,Gujarat,,2023-09-29,
Zepto,C03541,Jaipur,Rajasthan,,2024-07-13,
Zepto,C03542,Pune,Maharashtra,,2024-02-27,
Zepto,C03543,Delhi,Delhi,,2024-08-01,
Zepto,C03544,Pune,Maharashtra,,2023-11-03,
Zepto,C03545,Lucknow,Uttar Pradesh,,2023-02-05,
Zepto,C03546,Hyderabad,Telangana,,2023-09-11,
Zepto,C03547,Pune,Maharashtra,,2023-03-10,
Zepto,C03548,Pune,Maharashtra,,2023-03-02,
Zepto,C03549,Pune,Maharashtra,,2024-11-30,
Zepto,C03550,Jaipur,Rajasthan,,2023-10-19,
Zepto,C03551,Hyderabad,Telangana,,2023-06-16,
Zepto,C03552,Kolkata,West Bengal,,2023-05-16,
Zepto,C03553,Hyderabad,Telangana,,2023-05-06,
Zepto,C03554,Mumbai,Maharashtra,,2024-03-30,
Zepto,C03555,Lucknow,Uttar Pradesh,,2024-09-21,
Zepto,C03556,Kolkata,West Bengal,,2023-07-22,
Zepto,C03557,Chennai,Tamil Nadu,,2023-06-13,
Zepto,C03558,Delhi,Delhi,,2024-08-02,
Zepto,C03559,Lucknow,Uttar Pradesh,,2023-05-16,
Zepto,C03560,Delhi,Delhi,,2024-05-08,
Zepto,C03561,Chennai,Tamil Nadu,,2024-04-29,
Zepto,C03562,Chennai,Tamil Nadu,,2024-01-28,
Zepto,C03563,Delhi,Delhi,,2024-04-04,
Zepto,C03564,Jaipur,Rajasthan,,2023-10-03,
Zepto,C03565,Delhi,Delhi,,2023-03-06,
Zepto,C03566,Delhi,Delhi,,2023-10-05,
Zepto,C03567,Chennai,Tamil Nadu,,2023-09-01,
Zepto,C03568,Ahmedabad,Gujarat,,2024-10-15,
Zepto,C03569,Pune,Maharashtra,,2024-12-10,
Zepto,C03570,Jaipur,Rajasthan,,2023-08-30,
Zepto,C03571,Bengaluru,Karnataka,,2023-01-08,
Zepto,C03572,Ahmedabad,Gujarat,,2024-10-11,
Zepto,C03573,Bengaluru,Karnataka,,2024-08-26,
Zepto,C03574,Lucknow,Uttar Pradesh,,2023-02-28,
Zepto,C03575,Chennai,Tamil Nadu,,2024-03-19,
Zepto,C03576,Pune,Maharashtra,,2024-06-23,
Zepto,C03577,Kolkata,West Bengal,,2024-12-28,
Zepto,C03578,Jaipur,Rajasthan,,2023-09-30,
Zepto,C03579,Pune,Maharashtra,,2023-11-09,
Zepto,C03580,Kolkata,West Bengal,,2023-06-22,
Zepto,C03581,Mumbai,Maharashtra,,2023-04-19,
Zepto,C03582,Kolkata,West Bengal,,2023-06-22,
Zepto,C03583,Lucknow,Uttar Pradesh,,2023-09-15,
Zepto,C03584,Bengaluru,Karnataka,,2023-09-09,
Zepto,C03585,Lucknow,Uttar Pradesh,,2023-01-12,
Zepto,C03586,Mumbai,Maharashtra,,2023-05-18,
Zepto,C03587,Mumbai,Maharashtra,,2024-08-17,
Zepto,C03588,Chennai,Tamil Nadu,,2024-10-24,
Zepto,C03589,Delhi,Delhi,,2024-08-11,
Zepto,C03590,Lucknow,Uttar Pradesh,,2023-07-01,
Zepto,C03591,Delhi,Delhi,,2024-08-29,
Zepto,C03592,Mumbai,Maharashtra,,2024-06-25,
Zepto,C03593,Kolkata,West Bengal,,2023-10-15,
Zepto,C03594,Ahmedabad,Gujarat,,2024-03-22,
Zepto,C03595,Pune,Maharashtra,,2023-01-11,
Zepto,C03596,Hyderabad,Telangana,,2023-10-05,
Zepto,C03597,Bengaluru,Karnataka,,2023-08-17,
Zepto,C03598,Mumbai,Maharashtra,,2024-10-20,
Zepto,C03599,Chennai,Tamil Nadu,,2023-05-21,
Zepto,C03600,Delhi,Delhi,,2023-07-21,
Zepto,C03601,Jaipur,Rajasthan,,2024-01-06,
Zepto,C03602,Chennai,Tamil Nadu,,2024-09-10,
Zepto,C03603,Delhi,Delhi,,2024-04-29,
Zepto,C03604,Mumbai,Maharashtra,,2023-03-30,
Zepto,C03605,Bengaluru,Karnataka,,2023-02-12,
Zepto,C03606,Chennai,Tamil Nadu,,2023-10-01,
Zepto,C03607,Kolkata,West Bengal,,2023-12-10,
Zepto,C03608,Lucknow,Uttar Pradesh,,2023-01-12,
Zepto,C03609,Hyderabad,Telangana,,2024-01-23,
Zepto,C03610,Ahmedabad,Gujarat,,2023-06-27,
Zepto,C03611,Delhi,Delhi,,2024-10-30,
Zepto,C03612,Pune,Maharashtra,,2024-10-02,
Zepto,C03613,Chennai,Tamil Nadu,,2023-08-29,
Zepto,C03614,Lucknow,Uttar Pradesh,,2023-08-14,
Zepto,C03615,Mumbai,Maharashtra,,2023-11-09,
Zepto,C03616,Jaipur,Rajasthan,,2024-06-19,
Zepto,C03617,Kolkata,West Bengal,,2023-03-26,
Zepto,C03618,Kolkata,West Bengal,,2024-04-23,
Zepto,C03619,Pune,Maharashtra,,2024-11-05,
Zepto,C03620,Lucknow,Uttar Pradesh,,2024-08-07,
Zepto,C03621,Lucknow,Uttar Pradesh,,2023-04-23,
Zepto,C03622,Jaipur,Rajasthan,,2024-01-30,
Zepto,C03623,Mumbai,Maharashtra,,2023-12-12,
Zepto,C03624,Lucknow,Uttar Pradesh,,2024-06-05,
Zepto,C03625,Ahmedabad,Gujarat,,2024-11-12,
Zepto,C03626,Jaipur,Rajasthan,,2023-05-19,
Zepto,C03627,Lucknow,Uttar Pradesh,,2024-10-19,
Zepto,C03628,Jaipur,Rajasthan,,2024-10-24,
Zepto,C03629,Lucknow,Uttar Pradesh,,2023-02-17,
Zepto,C03630,Chennai,Tamil Nadu,,2024-11-27,
Zepto,C03631,Mumbai,Maharashtra,,2023-11-19,
Zepto,C03632,Delhi,Delhi,,2024-12-12,
Zepto,C03633,Kolkata,West Bengal,,2024-12-17,
Zepto,C03634,Mumbai,Maharashtra,,2024-02-21,
Zepto,C03635,Kolkata,West Bengal,,2023-06-16,
Zepto,C03636,Lucknow,Uttar Pradesh,,2023-07-01,
Zepto,C03637,Jaipur,Rajasthan,,2023-06-13,
Zepto,C03638,Hyderabad,Telangana,,2023-08-27,
Zepto,C03639,Jaipur,Rajasthan,,2024-03-09,
Zepto,C03640,Chennai,Tamil Nadu,,2023-06-11,
Zepto,C03641,Hyderabad,Telangana,,2023-03-31,
Zepto,C03642,Lucknow,Uttar Pradesh,,2024-12-09,
Zepto,C03643,Lucknow,Uttar Pradesh,,2024-03-04,
Zepto,C03644,Lucknow,Uttar Pradesh,,2023-12-15,
Zepto,C03645,Lucknow,Uttar Pradesh,,2024-06-27,
Zepto,C03646,Chennai,Tamil Nadu,,2024-11-05,
Zepto,C03647,Ahmedabad,Gujarat,,2024-07-05,
Zepto,C03648,Kolkata,West Bengal,,2024-10-11,
Zepto,C03649,Jaipur,Rajasthan,,2024-08-16,
Zepto,C03650,Lucknow,Uttar Pradesh,,2024-11-04,
Zepto,C03651,Ahmedabad,Gujarat,,2023-02-17,
Zepto,C03652,Kolkata,West Bengal,,2024-10-07,
Zepto,C03653,Mumbai,Maharashtra,,2024-06-09,
Zepto,C03654,Ahmedabad,Gujarat,,2023-06-13,
Zepto,C03655,Jaipur,Rajasthan,,2023-06-28,
Zepto,C03656,Mumbai,Maharashtra,,2024-04-13,
Zepto,C03657,Lucknow,Uttar Pradesh,,2023-07-08,
Zepto,C03658,Mumbai,Maharashtra,,2024-03-09,
Zepto,C03659,Delhi,Delhi,,2023-06-25,
Zepto,C03660,Mumbai,Maharashtra,,2024-06-27,
Zepto,C03661,Mumbai,Maharashtra,,2024-10-12,
Zepto,C03662,Chennai,Tamil Nadu,,2023-10-03,
Zepto,C03663,Bengaluru,Karnataka,,2024-10-19,
Zepto,C03664,Mumbai,Maharashtra,,2023-03-25,
Zepto,C03665,Bengaluru,Karnataka,,2023-11-02,
Zepto,C03666,Lucknow,Uttar Pradesh,,2023-04-03,
Zepto,C03667,Bengaluru,Karnataka,,2024-07-18,
Zepto,C03668,Hyderabad,Telangana,,2024-09-16,
Zepto,C03669,Hyderabad,Telangana,,2024-01-20,
Zepto,C03670,Hyderabad,Telangana,,2024-12-16,
Zepto,C03671,Ahmedabad,Gujarat,,2024-01-12,
Zepto,C03672,Jaipur,Rajasthan,,2024-07-13,
Zepto,C03673,Ahmedabad,Gujarat,,2024-05-25,
Zepto,C03674,Kolkata,West Bengal,,2023-06-05,
Zepto,C03675,Kolkata,West Bengal,,2024-04-19,
Zepto,C03676,Delhi,Delhi,,2023-05-13,
Zepto,C03677,Bengaluru,Karnataka,,2023-05-19,
Zepto,C03678,Bengaluru,Karnataka,,2023-06-19,
Zepto,C03679,Kolkata,West Bengal,,2023-03-16,
Zepto,C03680,Pune,Maharashtra,,2024-01-22,
Zepto,C03681,Lucknow,Uttar Pradesh,,2024-09-09,
Zepto,C03682,Ahmedabad,Gujarat,,2024-02-14,
Zepto,C03683,Lucknow,Uttar Pradesh,,2023-07-11,
Zepto,C03684,Chennai,Tamil Nadu,,2024-06-21,
Zepto,C03685,Lucknow,Uttar Pradesh,,2023-09-10,
Zepto,C03686,Lucknow,Uttar Pradesh,,2023-03-28,
Zepto,C03687,Delhi,Delhi,,2023-10-24,
Zepto,C03688,Lucknow,Uttar Pradesh,,2023-03-10,
Zepto,C03689,Delhi,Delhi,,2023-08-11,
Zepto,C03690,Ahmedabad,Gujarat,,2023-11-26,
Zepto,C03691,Lucknow,Uttar Pradesh,,2024-07-07,
Zepto,C03692,Bengaluru,Karnataka,,2023-10-31,
Zepto,C03693,Hyderabad,Telangana,,2023-12-11,
Zepto,C03694,Kolkata,West Bengal,,2024-09-15,
Zepto,C03695,Kolkata,West Bengal,,2023-05-09,
Zepto,C03696,Kolkata,West Bengal,,2024-06-30,
Zepto,C03697,Hyderabad,Telangana,,2024-10-05,
Zepto,C03698,Kolkata,West Bengal,,2024-08-08,
Zepto,C03699,Chennai,Tamil Nadu,,2023-01-07,
Zepto,C03700,Bengaluru,Karnataka,,2023-11-22,
Zepto,C03701,Pune,Maharashtra,,2024-02-19,
Zepto,C03702,Hyderabad,Telangana,,2024-10-19,
Zepto,C03703,Mumbai,Maharashtra,,2023-08-20,
Zepto,C03704,Mumbai,Maharashtra,,2023-05-31,
Zepto,C03705,Lucknow,Uttar Pradesh,,2023-07-23,
Zepto,C03706,Hyderabad,Telangana,,2023-11-02,
Zepto,C03707,Chennai,Tamil Nadu,,2024-07-17,
Zepto,C03708,Ahmedabad,Gujarat,,2024-07-01,
Zepto,C03709,Mumbai,Maharashtra,,2024-12-09,
Zepto,C03710,Delhi,Delhi,,2024-04-27,
Zepto,C03711,Bengaluru,Karnataka,,2024-07-05,
Zepto,C03712,Hyderabad,Telangana,,2023-09-19,
Zepto,C03713,Jaipur,Rajasthan,,2023-01-02,
Zepto,C03714,Pune,Maharashtra,,2024-04-07,
Zepto,C03715,Lucknow,Uttar Pradesh,,2024-11-13,
Zepto,C03716,Mumbai,Maharashtra,,2023-02-21,
Zepto,C03717,Chennai,Tamil Nadu,,2023-11-23,
Zepto,C03718,Hyderabad,Telangana,,2024-09-10,
Zepto,C03719,Mumbai,Maharashtra,,2024-11-28,
Zepto,C03720,Mumbai,Maharashtra,,2023-09-02,
Zepto,C03721,Mumbai,Maharashtra,,2024-11-06,
Zepto,C03722,Pune,Maharashtra,,2023-06-11,
Zepto,C03723,Chennai,Tamil Nadu,,2024-12-09,
Zepto,C03724,Pune,Maharashtra,,2024-03-03,
Zepto,C03725,Ahmedabad,Gujarat,,2023-11-04,
Zepto,C03726,Kolkata,West Bengal,,2024-05-14,
Zepto,C03727,Lucknow,Uttar Pradesh,,2023-06-22,
Zepto,C03728,Jaipur,Rajasthan,,2024-12-10,
Zepto,C03729,Kolkata,West Bengal,,2024-01-23,
Zepto,C03730,Pune,Maharashtra,,2024-07-28,
Zepto,C03731,Bengaluru,Karnataka,,2024-11-04,
Zepto,C03732,Chennai,Tamil Nadu,,2024-04-10,
Zepto,C03733,Ahmedabad,Gujarat,,2024-11-25,
Zepto,C03734,Chennai,Tamil Nadu,,2023-10-31,
Zepto,C03735,Hyderabad,Telangana,,2023-03-23,
Zepto,C03736,Lucknow,Uttar Pradesh,,2024-08-09,
Zepto,C03737,Kolkata,West Bengal,,2024-02-22,
Zepto,C03738,Kolkata,West Bengal,,2023-01-03,
Zepto,C03739,Delhi,Delhi,,2024-07-01,
Zepto,C03740,Ahmedabad,Gujarat,,2023-01-07,
Zepto,C03741,Mumbai,Maharashtra,,2024-02-07,
Zepto,C03742,Mumbai,Maharashtra,,2024-01-15,
Zepto,C03743,Kolkata,West Bengal,,2023-09-30,
Zepto,C03744,Hyderabad,Telangana,,2024-08-23,
Zepto,C03745,Hyderabad,Telangana,,2024-10-16,
Zepto,C03746,Chennai,Tamil Nadu,,2023-12-14,
Zepto,C03747,Ahmedabad,Gujarat,,2024-12-13,
Zepto,C03748,Bengaluru,Karnataka,,2024-02-06,
Zepto,C03749,Ahmedabad,Gujarat,,2023-12-24,
Zepto,C03750,Lucknow,Uttar Pradesh,,2023-05-21,
Zepto,C03751,Chennai,Tamil Nadu,,2024-12-11,
Zepto,C03752,Jaipur,Rajasthan,,2023-01-17,
Zepto,C03753,Pune,Maharashtra,,2024-06-26,
Zepto,C03754,Kolkata,West Bengal,,2023-06-10,
Zepto,C03755,Lucknow,Uttar Pradesh,,2024-05-21,
Zepto,C03756,Kolkata,West Bengal,,2023-04-16,
Zepto,C03757,Ahmedabad,Gujarat,,2023-01-11,
Zepto,C03758,Mumbai,Maharashtra,,2023-05-15,
Zepto,C03759,Mumbai,Maharashtra,,2023-03-14,
Zepto,C03760,Delhi,Delhi,,2024-03-09,
Zepto,C03761,Jaipur,Rajasthan,,2024-03-26,
Zepto,C03762,Chennai,Tamil Nadu,,2023-03-18,
Zepto,C03763,Lucknow,Uttar Pradesh,,2023-09-29,
Zepto,C03764,Hyderabad,Telangana,,2023-04-10,
Zepto,C03765,Delhi,Delhi,,2024-08-09,
Zepto,C03766,Chennai,Tamil Nadu,,2024-02-19,
Zepto,C03767,Jaipur,Rajasthan,,2023-08-29,
Zepto,C03768,Jaipur,Rajasthan,,2024-04-16,
Zepto,C03769,Mumbai,Maharashtra,,2023-07-10,
Zepto,C03770,Jaipur,Rajasthan,,2023-09-29,
Zepto,C03771,Mumbai,Maharashtra,,2024-09-09,
Zepto,C03772,Bengaluru,Karnataka,,2024-12-07,
Zepto,C03773,Hyderabad,Telangana,,2024-08-02,
Zepto,C03774,Bengaluru,Karnataka,,2023-11-26,
Zepto,C03775,Kolkata,West Bengal,,2024-09-24,
Zepto,C03776,Hyderabad,Telangana,,2024-09-28,
Zepto,C03777,Bengaluru,Karnataka,,2023-02-17,
Zepto,C03778,Chennai,Tamil Nadu,,2024-12-06,
Zepto,C03779,Bengaluru,Karnataka,,2024-06-12,
Zepto,C03780,Ahmedabad,Gujarat,,2024-11-06,
Zepto,C03781,Mumbai,Maharashtra,,2024-11-19,
Zepto,C03782,Chennai,Tamil Nadu,,2024-12-07,
Zepto,C03783,Pune,Maharashtra,,2024-03-22,
Zepto,C03784,Delhi,Delhi,,2023-01-31,
Zepto,C03785,Bengaluru,Karnataka,,2023-07-08,
Zepto,C03786,Ahmedabad,Gujarat,,2023-08-12,
Zepto,C03787,Mumbai,Maharashtra,,2024-02-12,
Zepto,C03788,Mumbai,Maharashtra,,2023-08-01,
Zepto,C03789,Pune,Maharashtra,,2024-09-21,
Zepto,C03790,Chennai,Tamil Nadu,,2023-03-28,
Zepto,C03791,Ahmedabad,Gujarat,,2023-10-04,
Zepto,C03792,Jaipur,Rajasthan,,2023-06-21,
Zepto,C03793,Mumbai,Maharashtra,,2024-03-16,
Zepto,C03794,Hyderabad,Telangana,,2024-06-04,
Zepto,C03795,Chennai,Tamil Nadu,,2024-08-10,
Zepto,C03796,Lucknow,Uttar Pradesh,,2023-08-02,
Zepto,C03797,Ahmedabad,Gujarat,,2024-08-11,
Zepto,C03798,Lucknow,Uttar Pradesh,,2024-12-24,
Zepto,C03799,Pune,Maharashtra,,2023-11-18,
Zepto,C03800,Hyderabad,Telangana,,2023-05-27,
Zepto,C03801,Hyderabad,Telangana,,2024-08-27,
Zepto,C03802,Jaipur,Rajasthan,,2024-08-22,
Zepto,C03803,Jaipur,Rajasthan,,2023-12-14,
Zepto,C03804,Bengaluru,Karnataka,,2024-12-02,
Zepto,C03805,Lucknow,Uttar Pradesh,,2024-06-27,
Zepto,C03806,Bengaluru,Karnataka,,2023-12-16,
Zepto,C03807,Jaipur,Rajasthan,,2024-05-28,
Zepto,C03808,Jaipur,Rajasthan,,2024-10-26,
Zepto,C03809,Delhi,Delhi,,2024-02-02,
Zepto,C03810,Chennai,Tamil Nadu,,2024-08-12,
Zepto,C03811,Lucknow,Uttar Pradesh,,2024-07-03,
Zepto,C03812,Jaipur,Rajasthan,,2024-03-14,
Zepto,C03813,Hyderabad,Telangana,,2024-11-25,
Zepto,C03814,Bengaluru,Karnataka,,2023-07-26,
Zepto,C03815,Lucknow,Uttar Pradesh,,2023-05-25,
Zepto,C03816,Delhi,Delhi,,2024-03-04,
Zepto,C03817,Kolkata,West Bengal,,2023-10-12,
Zepto,C03818,Pune,Maharashtra,,2024-01-03,
Zepto,C03819,Chennai,Tamil Nadu,,2024-04-26,
Zepto,C03820,Jaipur,Rajasthan,,2024-04-02,
Zepto,C03821,Chennai,Tamil Nadu,,2024-11-30,
Zepto,C03822,Chennai,Tamil Nadu,,2023-11-29,
Zepto,C03823,Chennai,Tamil Nadu,,2023-03-12,
Zepto,C03824,Bengaluru,Karnataka,,2023-07-26,
Zepto,C03825,Mumbai,Maharashtra,,2024-06-08,
Zepto,C03826,Ahmedabad,Gujarat,,2023-01-21,
Zepto,C03827,Chennai,Tamil Nadu,,2023-10-02,
Zepto,C03828,Bengaluru,Karnataka,,2023-02-16,
Zepto,C03829,Hyderabad,Telangana,,2023-02-01,
Zepto,C03830,Lucknow,Uttar Pradesh,,2023-01-13,
Zepto,C03831,Lucknow,Uttar Pradesh,,2024-05-11,
Zepto,C03832,Bengaluru,Karnataka,,2024-07-22,
Zepto,C03833,Chennai,Tamil Nadu,,2024-06-23,
Zepto,C03834,Hyderabad,Telangana,,2023-12-29,
Zepto,C03835,Lucknow,Uttar Pradesh,,2023-11-26,
Zepto,C03836,Pune,Maharashtra,,2024-08-21,
Zepto,C03837,Mumbai,Maharashtra,,2023-06-22,
Zepto,C03838,Hyderabad,Telangana,,2023-04-03,
Zepto,C03839,Pune,Maharashtra,,2024-06-17,
Zepto,C03840,Bengaluru,Karnataka,,2023-02-11,
Zepto,C03841,Ahmedabad,Gujarat,,2024-04-27,
Zepto,C03842,Pune,Maharashtra,,2023-04-27,
Zepto,C03843,Jaipur,Rajasthan,,2023-06-12,
Zepto,C03844,Lucknow,Uttar Pradesh,,2023-11-24,
Zepto,C03845,Delhi,Delhi,,2024-08-07,
Zepto,C03846,Bengaluru,Karnataka,,2024-03-15,
Zepto,C03847,Chennai,Tamil Nadu,,2023-06-19,
Zepto,C03848,Hyderabad,Telangana,,2023-04-12,
Zepto,C03849,Lucknow,Uttar Pradesh,,2023-08-07,
Zepto,C03850,Delhi,Delhi,,2024-04-24,
Zepto,C03851,Kolkata,West Bengal,,2024-01-06,
Zepto,C03852,Lucknow,Uttar Pradesh,,2023-01-24,
Zepto,C03853,Hyderabad,Telangana,,2024-10-31,
Zepto,C03854,Mumbai,Maharashtra,,2023-06-05,
Zepto,C03855,Mumbai,Maharashtra,,2023-02-06,
Zepto,C03856,Ahmedabad,Gujarat,,2023-02-26,
Zepto,C03857,Pune,Maharashtra,,2024-12-21,
Zepto,C03858,Pune,Maharashtra,,2023-07-27,
Zepto,C03859,Jaipur,Rajasthan,,2024-10-01,
Zepto,C03860,Pune,Maharashtra,,2024-08-20,
Zepto,C03861,Lucknow,Uttar Pradesh,,2023-11-06,
Zepto,C03862,Kolkata,West Bengal,,2023-06-21,
Zepto,C03863,Jaipur,Rajasthan,,2024-03-29,
Zepto,C03864,Mumbai,Maharashtra,,2024-12-02,
Zepto,C03865,Kolkata,West Bengal,,2024-11-28,
Zepto,C03866,Lucknow,Uttar Pradesh,,2023-01-29,
Zepto,C03867,Delhi,Delhi,,2023-06-08,
Zepto,C03868,Delhi,Delhi,,2024-06-07,
Zepto,C03869,Kolkata,West Bengal,,2024-09-02,
Zepto,C03870,Hyderabad,Telangana,,2024-05-07,
Zepto,C03871,Lucknow,Uttar Pradesh,,2023-08-25,
Zepto,C03872,Chennai,Tamil Nadu,,2024-09-14,
Zepto,C03873,Kolkata,West Bengal,,2024-05-17,
Zepto,C03874,Hyderabad,Telangana,,2023-07-15,
Zepto,C03875,Ahmedabad,Gujarat,,2023-08-30,
Zepto,C03876,Pune,Maharashtra,,2024-10-09,
Zepto,C03877,Pune,Maharashtra,,2023-05-11,
Zepto,C03878,Jaipur,Rajasthan,,2023-10-08,
Zepto,C03879,Jaipur,Rajasthan,,2023-08-03,
Zepto,C03880,Mumbai,Maharashtra,,2024-10-29,
Zepto,C03881,Mumbai,Maharashtra,,2023-07-23,
Zepto,C03882,Kolkata,West Bengal,,2024-06-30,
Zepto,C03883,Ahmedabad,Gujarat,,2024-09-24,
Zepto,C03884,Hyderabad,Telangana,,2024-10-16,
Zepto,C03885,Chennai,Tamil Nadu,,2024-02-26,
Zepto,C03886,Kolkata,West Bengal,,2024-03-13,
Zepto,C03887,Lucknow,Uttar Pradesh,,2023-11-23,
Zepto,C03888,Delhi,Delhi,,2023-12-30,
Zepto,C03889,Lucknow,Uttar Pradesh,,2024-12-21,
Zepto,C03890,Jaipur,Rajasthan,,2023-08-02,
Zepto,C03891,Jaipur,Rajasthan,,2024-01-13,
Zepto,C03892,Delhi,Delhi,,2024-01-20,
Zepto,C03893,Jaipur,Rajasthan,,2023-09-11,
Zepto,C03894,Hyderabad,Telangana,,2023-11-04,
Zepto,C03895,Bengaluru,Karnataka,,2023-05-06,
Zepto,C03896,Delhi,Delhi,,2024-10-04,
Zepto,C03897,Ahmedabad,Gujarat,,2023-01-04,
Zepto,C03898,Jaipur,Rajasthan,,2024-11-11,
Zepto,C03899,Chennai,Tamil Nadu,,2023-04-12,
Zepto,C03900,Mumbai,Maharashtra,,2024-12-23,
Zepto,C03901,Ahmedabad,Gujarat,,2023-10-22,
Zepto,C03902,Jaipur,Rajasthan,,2024-02-19,
Zepto,C03903,Bengaluru,Karnataka,,2024-03-10,
Zepto,C03904,Kolkata,West Bengal,,2024-12-25,
Zepto,C03905,Kolkata,West Bengal,,2024-04-08,
Zepto,C03906,Kolkata,West Bengal,,2024-03-21,
Zepto,C03907,Hyderabad,Telangana,,2023-10-12,
Zepto,C03908,Bengaluru,Karnataka,,2024-11-27,
Zepto,C03909,Hyderabad,Telangana,,2024-03-24,
Zepto,C03910,Pune,Maharashtra,,2024-09-24,
Zepto,C03911,Delhi,Delhi,,2023-12-02,
Zepto,C03912,Chennai,Tamil Nadu,,2023-10-28,
Zepto,C03913,Delhi,Delhi,,2024-04-13,
Zepto,C03914,Bengaluru,Karnataka,,2024-01-21,
Zepto,C03915,Bengaluru,Karnataka,,2024-01-24,
Zepto,C03916,Kolkata,West Bengal,,2024-09-19,
Zepto,C03917,Bengaluru,Karnataka,,2024-05-12,
Zepto,C03918,Lucknow,Uttar Pradesh,,2023-02-16,
Zepto,C03919,Pune,Maharashtra,,2023-12-18,
Zepto,C03920,Jaipur,Rajasthan,,2024-02-13,
Zepto,C03921,Hyderabad,Telangana,,2024-08-09,
Zepto,C03922,Delhi,Delhi,,2023-09-16,
Zepto,C03923,Pune,Maharashtra,,2024-12-04,
Zepto,C03924,Pune,Maharashtra,,2023-04-06,
Zepto,C03925,Ahmedabad,Gujarat,,2024-08-26,
Zepto,C03926,Chennai,Tamil Nadu,,2023-01-15,
Zepto,C03927,Kolkata,West Bengal,,2024-03-11,
Zepto,C03928,Pune,Maharashtra,,2024-05-29,
Zepto,C03929,Ahmedabad,Gujarat,,2023-09-07,
Zepto,C03930,Delhi,Delhi,,2023-03-08,
Zepto,C03931,Bengaluru,Karnataka,,2024-10-08,
Zepto,C03932,Jaipur,Rajasthan,,2024-04-12,
Zepto,C03933,Kolkata,West Bengal,,2023-11-05,
Zepto,C03934,Jaipur,Rajasthan,,2024-10-29,
Zepto,C03935,Hyderabad,Telangana,,2023-09-08,
Zepto,C03936,Mumbai,Maharashtra,,2024-02-18,
Zepto,C03937,Jaipur,Rajasthan,,2024-03-18,
Zepto,C03938,Bengaluru,Karnataka,,2023-10-23,
Zepto,C03939,Kolkata,West Bengal,,2024-02-23,
Zepto,C03940,Pune,Maharashtra,,2024-08-25,
Zepto,C03941,Kolkata,West Bengal,,2023-09-13,
Zepto,C03942,Chennai,Tamil Nadu,,2023-02-08,
Zepto,C03943,Bengaluru,Karnataka,,2023-07-08,
Zepto,C03944,Mumbai,Maharashtra,,2023-04-08,
Zepto,C03945,Chennai,Tamil Nadu,,2024-07-01,
Zepto,C03946,Hyderabad,Telangana,,2024-10-19,
Zepto,C03947,Hyderabad,Telangana,,2023-06-12,
Zepto,C03948,Chennai,Tamil Nadu,,2023-12-08,
Zepto,C03949,Chennai,Tamil Nadu,,2023-11-02,
Zepto,C03950,Chennai,Tamil Nadu,,2024-08-20,
Zepto,C03951,Mumbai,Maharashtra,,2024-08-20,
Zepto,C03952,Ahmedabad,Gujarat,,2024-10-02,
Zepto,C03953,Pune,Maharashtra,,2023-07-01,
Zepto,C03954,Pune,Maharashtra,,2024-12-05,
Zepto,C03955,Lucknow,Uttar Pradesh,,2023-03-09,
Zepto,C03956,Hyderabad,Telangana,,2024-10-16,
Zepto,C03957,Chennai,Tamil Nadu,,2024-04-29,
Zepto,C03958,Pune,Maharashtra,,2023-06-13,
Zepto,C03959,Kolkata,West Bengal,,2023-11-22,
Zepto,C03960,Bengaluru,Karnataka,,2024-10-11,
Zepto,C03961,Chennai,Tamil Nadu,,2023-07-27,
Zepto,C03962,Pune,Maharashtra,,2024-05-01,
Zepto,C03963,Hyderabad,Telangana,,2024-10-02,
Zepto,C03964,Chennai,Tamil Nadu,,2024-02-25,
Zepto,C03965,Lucknow,Uttar Pradesh,,2023-01-27,
Zepto,C03966,Chennai,Tamil Nadu,,2024-08-02,
Zepto,C03967,Delhi,Delhi,,2024-03-01,
Zepto,C03968,Delhi,Delhi,,2023-04-14,
Zepto,C03969,Mumbai,Maharashtra,,2023-09-08,
Zepto,C03970,Mumbai,Maharashtra,,2024-04-27,
Zepto,C03971,Kolkata,West Bengal,,2024-05-08,
Zepto,C03972,Chennai,Tamil Nadu,,2024-08-10,
Zepto,C03973,Kolkata,West Bengal,,2023-07-21,
Zepto,C03974,Chennai,Tamil Nadu,,2023-05-28,
Zepto,C03975,Pune,Maharashtra,,2024-02-20,
Zepto,C03976,Lucknow,Uttar Pradesh,,2024-08-25,
Zepto,C03977,Chennai,Tamil Nadu,,2024-06-01,
Zepto,C03978,Chennai,Tamil Nadu,,2024-08-03,
Zepto,C03979,Kolkata,West Bengal,,2024-11-29,
Zepto,C03980,Delhi,Delhi,,2023-02-03,
Zepto,C03981,Mumbai,Maharashtra,,2023-04-27,
Zepto,C03982,Mumbai,Maharashtra,,2023-03-25,
Zepto,C03983,Hyderabad,Telangana,,2024-05-02,
Zepto,C03984,Jaipur,Rajasthan,,2023-04-13,
Zepto,C03985,Delhi,Delhi,,2023-03-05,
Zepto,C03986,Delhi,Delhi,,2023-09-15,
Zepto,C03987,Lucknow,Uttar Pradesh,,2024-11-01,
Zepto,C03988,Bengaluru,Karnataka,,2023-02-09,
Zepto,C03989,Kolkata,West Bengal,,2023-05-02,
Zepto,C03990,Lucknow,Uttar Pradesh,,2024-09-08,
Zepto,C03991,Chennai,Tamil Nadu,,2024-05-28,
Zepto,C03992,Mumbai,Maharashtra,,2023-08-03,
Zepto,C03993,Lucknow,Uttar Pradesh,,2024-11-18,
Zepto,C03994,Kolkata,West Bengal,,2023-03-02,
Zepto,C03995,Ahmedabad,Gujarat,,2023-04-29,
Zepto,C03996,Mumbai,Maharashtra,,2023-05-19,
Zepto,C03997,Jaipur,Rajasthan,,2024-11-01,
Zepto,C03998,Ahmedabad,Gujarat,,2024-10-09,
Zepto,C03999,Lucknow,Uttar Pradesh,,2023-08-07,
Zepto,C04000,Chennai,Tamil Nadu,,2024-03-14,
Zepto,C04001,Mumbai,Maharashtra,,2024-10-14,
Zepto,C04002,Delhi,Delhi,,2024-08-14,
Zepto,C04003,Pune,Maharashtra,,2023-10-18,
Zepto,C04004,Hyderabad,Telangana,,2023-12-06,
Zepto,C04005,Bengaluru,Karnataka,,2024-02-02,
Zepto,C04006,Pune,Maharashtra,,2023-06-21,
Zepto,C04007,Mumbai,Maharashtra,,2023-05-23,
Zepto,C04008,Ahmedabad,Gujarat,,2024-08-20,
Zepto,C04009,Kolkata,West Bengal,,2024-02-04,
Zepto,C04010,Hyderabad,Telangana,,2023-03-01,
Zepto,C04011,Pune,Maharashtra,,2024-03-19,
Zepto,C04012,Jaipur,Rajasthan,,2023-10-31,
Zepto,C04013,Ahmedabad,Gujarat,,2023-06-09,
Zepto,C04014,Kolkata,West Bengal,,2024-01-11,
Zepto,C04015,Mumbai,Maharashtra,,2024-11-10,
Zepto,C04016,Chennai,Tamil Nadu,,2023-04-24,
Zepto,C04017,Bengaluru,Karnataka,,2023-09-24,
Zepto,C04018,Mumbai,Maharashtra,,2023-01-04,
Zepto,C04019,Delhi,Delhi,,2024-05-12,
Zepto,C04020,Bengaluru,Karnataka,,2023-07-16,
Zepto,C04021,Bengaluru,Karnataka,,2023-05-24,
Zepto,C04022,Jaipur,Rajasthan,,2023-06-08,
Zepto,C04023,Bengaluru,Karnataka,,2024-06-22,
Zepto,C04024,Mumbai,Maharashtra,,2023-01-02,
Zepto,C04025,Chennai,Tamil Nadu,,2024-04-08,
Zepto,C04026,Delhi,Delhi,,2023-09-10,
Zepto,C04027,Bengaluru,Karnataka,,2023-06-18,
Zepto,C04028,Kolkata,West Bengal,,2023-10-24,
Zepto,C04029,Lucknow,Uttar Pradesh,,2024-04-20,
Zepto,C04030,Mumbai,Maharashtra,,2023-03-16,
Zepto,C04031,Hyderabad,Telangana,,2023-11-05,
Zepto,C04032,Jaipur,Rajasthan,,2023-04-08,
Zepto,C04033,Chennai,Tamil Nadu,,2024-10-05,
Zepto,C04034,Jaipur,Rajasthan,,2024-11-21,
Zepto,C04035,Pune,Maharashtra,,2024-05-24,
Zepto,C04036,Delhi,Delhi,,2024-11-14,
Zepto,C04037,Ahmedabad,Gujarat,,2023-09-14,
Zepto,C04038,Pune,Maharashtra,,2024-07-19,
Zepto,C04039,Lucknow,Uttar Pradesh,,2023-11-10,
Zepto,C04040,Kolkata,West Bengal,,2024-09-09,
Zepto,C04041,Bengaluru,Karnataka,,2024-06-16,
Zepto,C04042,Mumbai,Maharashtra,,2024-02-02,
Zepto,C04043,Chennai,Tamil Nadu,,2024-01-16,
Zepto,C04044,Ahmedabad,Gujarat,,2024-02-29,
Zepto,C04045,Chennai,Tamil Nadu,,2024-08-24,
Zepto,C04046,Mumbai,Maharashtra,,2024-06-08,
Zepto,C04047,Lucknow,Uttar Pradesh,,2023-06-14,
Zepto,C04048,Ahmedabad,Gujarat,,2023-07-04,
Zepto,C04049,Hyderabad,Telangana,,2023-05-25,
Zepto,C04050,Mumbai,Maharashtra,,2023-10-08,
Zepto,C04051,Pune,Maharashtra,,2023-09-10,
Zepto,C04052,Pune,Maharashtra,,2024-04-14,
Zepto,C04053,Lucknow,Uttar Pradesh,,2024-01-23,
Zepto,C04054,Mumbai,Maharashtra,,2023-09-02,
Zepto,C04055,Lucknow,Uttar Pradesh,,2023-10-26,
Zepto,C04056,Jaipur,Rajasthan,,2023-05-23,
Zepto,C04057,Bengaluru,Karnataka,,2024-09-11,
Zepto,C04058,Lucknow,Uttar Pradesh,,2023-04-03,
Zepto,C04059,Lucknow,Uttar Pradesh,,2023-05-23,
Zepto,C04060,Jaipur,Rajasthan,,2023-07-01,
Zepto,C04061,Kolkata,West Bengal,,2024-09-10,
Zepto,C04062,Pune,Maharashtra,,2023-02-03,
Zepto,C04063,Mumbai,Maharashtra,,2023-11-06,
Zepto,C04064,Kolkata,West Bengal,,2023-04-08,
Zepto,C04065,Hyderabad,Telangana,,2023-08-05,
Zepto,C04066,Delhi,Delhi,,2024-09-10,
Zepto,C04067,Lucknow,Uttar Pradesh,,2024-10-25,
Zepto,C04068,Pune,Maharashtra,,2024-01-21,
Zepto,C04069,Pune,Maharashtra,,2024-09-06,
Zepto,C04070,Bengaluru,Karnataka,,2023-08-21,
Zepto,C04071,Bengaluru,Karnataka,,2023-08-28,
Zepto,C04072,Delhi,Delhi,,2023-10-19,
Zepto,C04073,Hyderabad,Telangana,,2024-03-30,
Zepto,C04074,Hyderabad,Telangana,,2024-11-24,
Zepto,C04075,Kolkata,West Bengal,,2024-03-06,
Zepto,C04076,Ahmedabad,Gujarat,,2024-10-25,
Zepto,C04077,Bengaluru,Karnataka,,2024-07-21,
Zepto,C04078,Delhi,Delhi,,2024-10-01,
Zepto,C04079,Kolkata,West Bengal,,2024-05-04,
Zepto,C04080,Kolkata,West Bengal,,2023-07-29,
Zepto,C04081,Delhi,Delhi,,2024-07-06,
Zepto,C04082,Kolkata,West Bengal,,2024-10-13,
Zepto,C04083,Ahmedabad,Gujarat,,2023-03-27,
Zepto,C04084,Mumbai,Maharashtra,,2023-02-11,
Zepto,C04085,Lucknow,Uttar Pradesh,,2024-07-04,
Zepto,C04086,Hyderabad,Telangana,,2023-05-27,
Zepto,C04087,Jaipur,Rajasthan,,2024-01-25,
Zepto,C04088,Jaipur,Rajasthan,,2024-12-31,
Zepto,C04089,Ahmedabad,Gujarat,,2024-02-27,
Zepto,C04090,Hyderabad,Telangana,,2024-06-20,
Zepto,C04091,Mumbai,Maharashtra,,2024-02-02,
Zepto,C04092,Kolkata,West Bengal,,2024-03-31,
Zepto,C04093,Bengaluru,Karnataka,,2023-10-14,
Zepto,C04094,Ahmedabad,Gujarat,,2024-01-10,
Zepto,C04095,Chennai,Tamil Nadu,,2024-06-25,
Zepto,C04096,Bengaluru,Karnataka,,2023-10-13,
Zepto,C04097,Chennai,Tamil Nadu,,2024-02-21,
Zepto,C04098,Bengaluru,Karnataka,,2024-08-04,
Zepto,C04099,Delhi,Delhi,,2023-05-27,
Zepto,C04100,Ahmedabad,Gujarat,,2023-07-03,
Zepto,C04101,Ahmedabad,Gujarat,,2024-08-21,
Zepto,C04102,Bengaluru,Karnataka,,2024-08-12,
Zepto,C04103,Pune,Maharashtra,,2023-01-05,
Zepto,C04104,Ahmedabad,Gujarat,,2024-07-17,
Zepto,C04105,Ahmedabad,Gujarat,,2023-05-21,
Zepto,C04106,Mumbai,Maharashtra,,2024-04-14,
Zepto,C04107,Bengaluru,Karnataka,,2023-04-06,
Zepto,C04108,Hyderabad,Telangana,,2023-07-17,
Zepto,C04109,Pune,Maharashtra,,2023-03-07,
Zepto,C04110,Mumbai,Maharashtra,,2024-02-09,
Zepto,C04111,Kolkata,West Bengal,,2023-07-25,
Zepto,C04112,Mumbai,Maharashtra,,2023-02-20,
Zepto,C04113,Kolkata,West Bengal,,2023-09-17,
Zepto,C04114,Kolkata,West Bengal,,2024-04-07,
Zepto,C04115,Bengaluru,Karnataka,,2024-12-08,
Zepto,C04116,Delhi,Delhi,,2024-12-15,
Zepto,C04117,Chennai,Tamil Nadu,,2024-09-13,
Zepto,C04118,Pune,Maharashtra,,2024-03-05,
Zepto,C04119,Bengaluru,Karnataka,,2023-09-25,
Zepto,C04120,Pune,Maharashtra,,2023-02-21,
Zepto,C04121,Kolkata,West Bengal,,2023-04-23,
Zepto,C04122,Mumbai,Maharashtra,,2024-07-07,
Zepto,C04123,Mumbai,Maharashtra,,2023-10-20,
Zepto,C04124,Hyderabad,Telangana,,2023-03-07,
Zepto,C04125,Delhi,Delhi,,2024-12-04,
Zepto,C04126,Delhi,Delhi,,2023-10-09,
Zepto,C04127,Pune,Maharashtra,,2024-06-01,
Zepto,C04128,Delhi,Delhi,,2024-02-17,
Zepto,C04129,Ahmedabad,Gujarat,,2024-04-06,
Zepto,C04130,Mumbai,Maharashtra,,2023-06-08,
Zepto,C04131,Jaipur,Rajasthan,,2024-10-23,
Zepto,C04132,Pune,Maharashtra,,2024-06-12,
Zepto,C04133,Delhi,Delhi,,2024-08-05,
Zepto,C04134,Jaipur,Rajasthan,,2023-07-26,
Zepto,C04135,Pune,Maharashtra,,2023-01-29,
Zepto,C04136,Pune,Maharashtra,,2024-10-21,
Zepto,C04137,Ahmedabad,Gujarat,,2024-12-23,
Zepto,C04138,Hyderabad,Telangana,,2024-08-15,
Zepto,C04139,Kolkata,West Bengal,,2024-11-06,
Zepto,C04140,Pune,Maharashtra,,2024-07-26,
Zepto,C04141,Kolkata,West Bengal,,2024-03-14,
Zepto,C04142,Hyderabad,Telangana,,2023-01-07,
Zepto,C04143,Bengaluru,Karnataka,,2024-05-05,
Zepto,C04144,Hyderabad,Telangana,,2023-09-19,
Zepto,C04145,Bengaluru,Karnataka,,2023-11-24,
Zepto,C04146,Delhi,Delhi,,2023-09-02,
Zepto,C04147,Jaipur,Rajasthan,,2024-07-31,
Zepto,C04148,Jaipur,Rajasthan,,2023-06-20,
Zepto,C04149,Delhi,Delhi,,2024-05-28,
Zepto,C04150,Jaipur,Rajasthan,,2024-02-04,
Zepto,C04151,Delhi,Delhi,,2023-05-30,
Zepto,C04152,Bengaluru,Karnataka,,2023-07-18,
Zepto,C04153,Pune,Maharashtra,,2024-11-05,
Zepto,C04154,Kolkata,West Bengal,,2023-05-04,
Zepto,C04155,Lucknow,Uttar Pradesh,,2024-03-20,
Zepto,C04156,Chennai,Tamil Nadu,,2023-02-11,
Zepto,C04157,Hyderabad,Telangana,,2023-10-22,
Zepto,C04158,Bengaluru,Karnataka,,2023-06-15,
Zepto,C04159,Hyderabad,Telangana,,2024-04-14,
Zepto,C04160,Lucknow,Uttar Pradesh,,2023-03-19,
Zepto,C04161,Chennai,Tamil Nadu,,2024-05-04,
Zepto,C04162,Ahmedabad,Gujarat,,2024-10-17,
Zepto,C04163,Mumbai,Maharashtra,,2024-12-19,
Zepto,C04164,Kolkata,West Bengal,,2023-01-10,
Zepto,C04165,Jaipur,Rajasthan,,2024-08-08,
Zepto,C04166,Ahmedabad,Gujarat,,2024-07-23,
Zepto,C04167,Hyderabad,Telangana,,2024-01-02,
Zepto,C04168,Lucknow,Uttar Pradesh,,2024-02-17,
Zepto,C04169,Hyderabad,Telangana,,2024-12-28,
Zepto,C04170,Bengaluru,Karnataka,,2023-01-24,
Zepto,C04171,Kolkata,West Bengal,,2024-03-09,
Zepto,C04172,Jaipur,Rajasthan,,2023-12-08,
Zepto,C04173,Bengaluru,Karnataka,,2023-10-25,
Zepto,C04174,Bengaluru,Karnataka,,2023-01-22,
Zepto,C04175,Kolkata,West Bengal,,2023-01-18,
Zepto,C04176,Chennai,Tamil Nadu,,2023-08-02,
Zepto,C04177,Hyderabad,Telangana,,2023-02-28,
Zepto,C04178,Hyderabad,Telangana,,2024-01-26,
Zepto,C04179,Mumbai,Maharashtra,,2023-02-08,
Zepto,C04180,Hyderabad,Telangana,,2023-03-09,
Zepto,C04181,Chennai,Tamil Nadu,,2024-06-28,
Zepto,C04182,Pune,Maharashtra,,2024-12-16,
Zepto,C04183,Bengaluru,Karnataka,,2024-10-01,
Zepto,C04184,Hyderabad,Telangana,,2024-10-10,
Zepto,C04185,Kolkata,West Bengal,,2023-06-24,
Zepto,C04186,Bengaluru,Karnataka,,2023-05-21,
Zepto,C04187,Chennai,Tamil Nadu,,2024-04-14,
Zepto,C04188,Delhi,Delhi,,2023-04-01,
Zepto,C04189,Mumbai,Maharashtra,,2024-09-19,
Zepto,C04190,Jaipur,Rajasthan,,2023-10-25,
Zepto,C04191,Chennai,Tamil Nadu,,2023-05-24,
Zepto,C04192,Pune,Maharashtra,,2024-10-25,
Zepto,C04193,Ahmedabad,Gujarat,,2024-12-07,
Zepto,C04194,Jaipur,Rajasthan,,2024-07-09,
Zepto,C04195,Pune,Maharashtra,,2023-01-26,
Zepto,C04196,Bengaluru,Karnataka,,2024-08-29,
Zepto,C04197,Jaipur,Rajasthan,,2024-12-08,
Zepto,C04198,Ahmedabad,Gujarat,,2024-10-21,
Zepto,C04199,Bengaluru,Karnataka,,2023-07-11,
Zepto,C04200,Ahmedabad,Gujarat,,2023-10-26,
Zepto,C04201,Jaipur,Rajasthan,,2023-04-19,
Zepto,C04202,Ahmedabad,Gujarat,,2023-06-05,
Zepto,C04203,Chennai,Tamil Nadu,,2023-01-26,
Zepto,C04204,Mumbai,Maharashtra,,2023-11-21,
Zepto,C04205,Delhi,Delhi,,2024-02-01,
Zepto,C04206,Delhi,Delhi,,2023-05-23,
Zepto,C04207,Jaipur,Rajasthan,,2024-06-29,
Zepto,C04208,Jaipur,Rajasthan,,2024-03-14,
Zepto,C04209,Lucknow,Uttar Pradesh,,2023-07-08,
Zepto,C04210,Jaipur,Rajasthan,,2024-04-02,
Zepto,C04211,Hyderabad,Telangana,,2024-10-19,
Zepto,C04212,Delhi,Delhi,,2023-06-03,
Zepto,C04213,Mumbai,Maharashtra,,2024-05-20,
Zepto,C04214,Kolkata,West Bengal,,2024-11-08,
Zepto,C04215,Hyderabad,Telangana,,2023-07-13,
Zepto,C04216,Jaipur,Rajasthan,,2023-01-17,
Zepto,C04217,Hyderabad,Telangana,,2023-01-21,
Zepto,C04218,Kolkata,West Bengal,,2023-05-23,
Zepto,C04219,Chennai,Tamil Nadu,,2023-01-26,
Zepto,C04220,Chennai,Tamil Nadu,,2024-02-05,
Zepto,C04221,Chennai,Tamil Nadu,,2023-02-20,
Zepto,C04222,Chennai,Tamil Nadu,,2023-09-17,
Zepto,C04223,Chennai,Tamil Nadu,,2024-01-25,
Zepto,C04224,Pune,Maharashtra,,2024-06-10,
Zepto,C04225,Jaipur,Rajasthan,,2023-08-23,
Zepto,C04226,Ahmedabad,Gujarat,,2023-08-10,
Zepto,C04227,Bengaluru,Karnataka,,2023-01-31,
Zepto,C04228,Jaipur,Rajasthan,,2024-09-15,
Zepto,C04229,Kolkata,West Bengal,,2024-09-16,
Zepto,C04230,Lucknow,Uttar Pradesh,,2024-12-08,
Zepto,C04231,Pune,Maharashtra,,2023-03-03,
Zepto,C04232,Kolkata,West Bengal,,2024-04-19,
Zepto,C04233,Bengaluru,Karnataka,,2024-09-09,
Zepto,C04234,Hyderabad,Telangana,,2024-05-16,
Zepto,C04235,Mumbai,Maharashtra,,2023-09-05,
Zepto,C04236,Jaipur,Rajasthan,,2023-12-26,
Zepto,C04237,Mumbai,Maharashtra,,2023-11-04,
Zepto,C04238,Chennai,Tamil Nadu,,2023-08-03,
Zepto,C04239,Lucknow,Uttar Pradesh,,2023-09-29,
Zepto,C04240,Hyderabad,Telangana,,2023-03-22,
Zepto,C04241,Lucknow,Uttar Pradesh,,2023-01-30,
Zepto,C04242,Chennai,Tamil Nadu,,2023-06-02,
Zepto,C04243,Pune,Maharashtra,,2023-04-24,
Zepto,C04244,Hyderabad,Telangana,,2024-07-21,
Zepto,C04245,Chennai,Tamil Nadu,,2024-10-09,
Zepto,C04246,Delhi,Delhi,,2024-08-21,
Zepto,C04247,Chennai,Tamil Nadu,,2023-12-19,
Zepto,C04248,Kolkata,West Bengal,,2023-05-19,
Zepto,C04249,Ahmedabad,Gujarat,,2023-07-24,
Zepto,C04250,Delhi,Delhi,,2024-11-14,
Zepto,C04251,Kolkata,West Bengal,,2023-09-21,
Zepto,C04252,Jaipur,Rajasthan,,2023-05-02,
Zepto,C04253,Lucknow,Uttar Pradesh,,2023-03-02,
Zepto,C04254,Hyderabad,Telangana,,2023-01-21,
Zepto,C04255,Kolkata,West Bengal,,2024-05-20,
Zepto,C04256,Lucknow,Uttar Pradesh,,2024-08-27,
Zepto,C04257,Ahmedabad,Gujarat,,2023-08-22,
Zepto,C04258,Jaipur,Rajasthan,,2024-07-23,
Zepto,C04259,Chennai,Tamil Nadu,,2024-10-27,
Zepto,C04260,Kolkata,West Bengal,,2023-11-01,
Zepto,C04261,Delhi,Delhi,,2023-09-10,
Zepto,C04262,Ahmedabad,Gujarat,,2024-01-23,
Zepto,C04263,Pune,Maharashtra,,2023-10-27,
Zepto,C04264,Delhi,Delhi,,2024-06-17,
Zepto,C04265,Pune,Maharashtra,,2023-08-19,
Zepto,C04266,Ahmedabad,Gujarat,,2024-05-10,
Zepto,C04267,Lucknow,Uttar Pradesh,,2023-04-28,
Zepto,C04268,Delhi,Delhi,,2024-04-07,
Zepto,C04269,Bengaluru,Karnataka,,2024-12-02,
Zepto,C04270,Hyderabad,Telangana,,2024-09-25,
Zepto,C04271,Kolkata,West Bengal,,2024-08-03,
Zepto,C04272,Kolkata,West Bengal,,2024-05-10,
Zepto,C04273,Ahmedabad,Gujarat,,2024-05-14,
Zepto,C04274,Lucknow,Uttar Pradesh,,2023-03-24,
Zepto,C04275,Mumbai,Maharashtra,,2023-01-11,
Zepto,C04276,Jaipur,Rajasthan,,2023-09-07,
Zepto,C04277,Chennai,Tamil Nadu,,2024-10-15,
Zepto,C04278,Kolkata,West Bengal,,2024-04-08,
Zepto,C04279,Chennai,Tamil Nadu,,2023-01-09,
Zepto,C04280,Pune,Maharashtra,,2023-11-01,
Zepto,C04281,Jaipur,Rajasthan,,2024-06-01,
Zepto,C04282,Bengaluru,Karnataka,,2024-04-02,
Zepto,C04283,Delhi,Delhi,,2023-09-07,
Zepto,C04284,Chennai,Tamil Nadu,,2023-06-13,
Zepto,C04285,Jaipur,Rajasthan,,2023-06-23,
Zepto,C04286,Hyderabad,Telangana,,2024-12-02,
Zepto,C04287,Kolkata,West Bengal,,2023-08-16,
Zepto,C04288,Delhi,Delhi,,2024-10-26,
Zepto,C04289,Jaipur,Rajasthan,,2024-08-29,
Zepto,C04290,Mumbai,Maharashtra,,2023-01-24,
Zepto,C04291,Mumbai,Maharashtra,,2024-04-30,
Zepto,C04292,Jaipur,Rajasthan,,2024-01-09,
Zepto,C04293,Hyderabad,Telangana,,2024-04-14,
Zepto,C04294,Lucknow,Uttar Pradesh,,2023-03-24,
Zepto,C04295,Kolkata,West Bengal,,2024-09-12,
Zepto,C04296,Delhi,Delhi,,2024-09-06,
Zepto,C04297,Ahmedabad,Gujarat,,2024-04-01,
Zepto,C04298,Kolkata,West Bengal,,2023-09-04,
Zepto,C04299,Kolkata,West Bengal,,2024-03-27,
Zepto,C04300,Hyderabad,Telangana,,2024-04-14,
Zepto,C04301,Ahmedabad,Gujarat,,2023-10-21,
Zepto,C04302,Chennai,Tamil Nadu,,2024-11-14,
Zepto,C04303,Kolkata,West Bengal,,2023-06-30,
Zepto,C04304,Chennai,Tamil Nadu,,2024-11-27,
Zepto,C04305,Chennai,Tamil Nadu,,2023-06-28,
Zepto,C04306,Delhi,Delhi,,2024-09-07,
Zepto,C04307,Chennai,Tamil Nadu,,2024-05-05,
Zepto,C04308,Lucknow,Uttar Pradesh,,2024-02-01,
Zepto,C04309,Kolkata,West Bengal,,2024-07-18,
Zepto,C04310,Hyderabad,Telangana,,2024-05-13,
Zepto,C04311,Pune,Maharashtra,,2024-08-13,
Zepto,C04312,Bengaluru,Karnataka,,2024-05-09,
Zepto,C04313,Delhi,Delhi,,2023-02-14,
Zepto,C04314,Lucknow,Uttar Pradesh,,2023-04-07,
Zepto,C04315,Bengaluru,Karnataka,,2023-10-15,
Zepto,C04316,Jaipur,Rajasthan,,2023-04-27,
Zepto,C04317,Pune,Maharashtra,,2024-11-24,
Zepto,C04318,Ahmedabad,Gujarat,,2023-10-19,
Zepto,C04319,Pune,Maharashtra,,2023-06-15,
Zepto,C04320,Jaipur,Rajasthan,,2024-02-24,
Zepto,C04321,Jaipur,Rajasthan,,2024-09-26,
Zepto,C04322,Hyderabad,Telangana,,2024-10-09,
Zepto,C04323,Hyderabad,Telangana,,2023-04-07,
Zepto,C04324,Pune,Maharashtra,,2024-04-04,
Zepto,C04325,Lucknow,Uttar Pradesh,,2024-02-25,
Zepto,C04326,Lucknow,Uttar Pradesh,,2023-08-05,
Zepto,C04327,Kolkata,West Bengal,,2024-06-27,
Zepto,C04328,Mumbai,Maharashtra,,2024-05-26,
Zepto,C04329,Delhi,Delhi,,2024-02-03,
Zepto,C04330,Delhi,Delhi,,2024-04-26,
Zepto,C04331,Mumbai,Maharashtra,,2023-11-14,
Zepto,C04332,Lucknow,Uttar Pradesh,,2024-01-01,
Zepto,C04333,Hyderabad,Telangana,,2023-12-16,
Zepto,C04334,Delhi,Delhi,,2023-06-06,
Zepto,C04335,Bengaluru,Karnataka,,2023-11-26,
Zepto,C04336,Lucknow,Uttar Pradesh,,2024-12-18,
Zepto,C04337,Chennai,Tamil Nadu,,2024-05-20,
Zepto,C04338,Hyderabad,Telangana,,2024-02-20,
Zepto,C04339,Lucknow,Uttar Pradesh,,2023-09-25,
Zepto,C04340,Chennai,Tamil Nadu,,2023-11-22,
Zepto,C04341,Lucknow,Uttar Pradesh,,2023-09-06,
Zepto,C04342,Pune,Maharashtra,,2024-09-28,
Zepto,C04343,Pune,Maharashtra,,2024-08-16,
Zepto,C04344,Jaipur,Rajasthan,,2024-09-17,
Zepto,C04345,Hyderabad,Telangana,,2023-12-03,
Zepto,C04346,Hyderabad,Telangana,,2023-08-09,
Zepto,C04347,Mumbai,Maharashtra,,2024-05-04,
Zepto,C04348,Mumbai,Maharashtra,,2024-12-24,
Zepto,C04349,Bengaluru,Karnataka,,2023-10-04,
Zepto,C04350,Mumbai,Maharashtra,,2024-02-26,
Zepto,C04351,Mumbai,Maharashtra,,2023-04-07,
Zepto,C04352,Chennai,Tamil Nadu,,2024-07-20,
Zepto,C04353,Hyderabad,Telangana,,2024-01-12,
Zepto,C04354,Delhi,Delhi,,2023-05-01,
Zepto,C04355,Chennai,Tamil Nadu,,2023-01-09,
Zepto,C04356,Pune,Maharashtra,,2023-07-17,
Zepto,C04357,Mumbai,Maharashtra,,2023-11-24,
Zepto,C04358,Lucknow,Uttar Pradesh,,2023-02-27,
Zepto,C04359,Delhi,Delhi,,2023-01-28,
Zepto,C04360,Bengaluru,Karnataka,,2024-08-14,
Zepto,C04361,Hyderabad,Telangana,,2024-05-06,
Zepto,C04362,Lucknow,Uttar Pradesh,,2023-06-27,
Zepto,C04363,Kolkata,West Bengal,,2023-04-06,
Zepto,C04364,Jaipur,Rajasthan,,2023-07-16,
Zepto,C04365,Bengaluru,Karnataka,,2023-10-15,
Zepto,C04366,Jaipur,Rajasthan,,2023-07-12,
Zepto,C04367,Jaipur,Rajasthan,,2024-07-05,
Zepto,C04368,Pune,Maharashtra,,2023-04-15,
Zepto,C04369,Mumbai,Maharashtra,,2024-06-03,
Zepto,C04370,Jaipur,Rajasthan,,2023-06-30,
Zepto,C04371,Mumbai,Maharashtra,,2024-04-05,
Zepto,C04372,Lucknow,Uttar Pradesh,,2023-12-22,
Zepto,C04373,Lucknow,Uttar Pradesh,,2023-10-06,
Zepto,C04374,Kolkata,West Bengal,,2023-10-18,
Zepto,C04375,Kolkata,West Bengal,,2023-12-03,
Zepto,C04376,Jaipur,Rajasthan,,2023-07-26,
Zepto,C04377,Chennai,Tamil Nadu,,2023-05-20,
Zepto,C04378,Chennai,Tamil Nadu,,2024-09-17,
Zepto,C04379,Ahmedabad,Gujarat,,2024-08-26,
Zepto,C04380,Kolkata,West Bengal,,2024-12-18,
Zepto,C04381,Lucknow,Uttar Pradesh,,2023-02-22,
Zepto,C04382,Mumbai,Maharashtra,,2023-08-09,
Zepto,C04383,Ahmedabad,Gujarat,,2024-01-03,
Zepto,C04384,Delhi,Delhi,,2024-07-09,
Zepto,C04385,Ahmedabad,Gujarat,,2024-11-09,
Zepto,C04386,Hyderabad,Telangana,,2023-10-18,
Zepto,C04387,Mumbai,Maharashtra,,2023-10-12,
Zepto,C04388,Lucknow,Uttar Pradesh,,2023-08-23,
Zepto,C04389,Bengaluru,Karnataka,,2024-07-28,
Zepto,C04390,Lucknow,Uttar Pradesh,,2023-06-21,
Zepto,C04391,Bengaluru,Karnataka,,2023-12-05,
Zepto,C04392,Kolkata,West Bengal,,2023-06-26,
Zepto,C04393,Kolkata,West Bengal,,2023-09-13,
Zepto,C04394,Jaipur,Rajasthan,,2023-02-23,
Zepto,C04395,Mumbai,Maharashtra,,2023-03-28,
Zepto,C04396,Kolkata,West Bengal,,2024-09-07,
Zepto,C04397,Jaipur,Rajasthan,,2024-01-13,
Zepto,C04398,Ahmedabad,Gujarat,,2023-02-19,
Zepto,C04399,Hyderabad,Telangana,,2024-03-08,
Zepto,C04400,Lucknow,Uttar Pradesh,,2023-09-22,
Zepto,C04401,Hyderabad,Telangana,,2023-04-18,
Zepto,C04402,Ahmedabad,Gujarat,,2024-11-26,
Zepto,C04403,Ahmedabad,Gujarat,,2023-08-14,
Zepto,C04404,Ahmedabad,Gujarat,,2024-04-17,
Zepto,C04405,Hyderabad,Telangana,,2024-02-06,
Zepto,C04406,Lucknow,Uttar Pradesh,,2024-07-21,
Zepto,C04407,Pune,Maharashtra,,2024-09-19,
Zepto,C04408,Pune,Maharashtra,,2023-05-22,
Zepto,C04409,Chennai,Tamil Nadu,,2023-01-29,
Zepto,C04410,Ahmedabad,Gujarat,,2023-10-16,
Zepto,C04411,Kolkata,West Bengal,,2024-04-23,
Zepto,C04412,Hyderabad,Telangana,,2023-11-02,
Zepto,C04413,Hyderabad,Telangana,,2023-03-02,
Zepto,C04414,Mumbai,Maharashtra,,2024-08-07,
Zepto,C04415,Jaipur,Rajasthan,,2023-06-03,
Zepto,C04416,Pune,Maharashtra,,2024-11-01,
Zepto,C04417,Hyderabad,Telangana,,2024-11-24,
Zepto,C04418,Mumbai,Maharashtra,,2023-02-07,
Zepto,C04419,Delhi,Delhi,,2023-03-13,
Zepto,C04420,Pune,Maharashtra,,2024-03-07,
Zepto,C04421,Jaipur,Rajasthan,,2024-08-04,
Zepto,C04422,Jaipur,Rajasthan,,2023-04-15,
Zepto,C04423,Chennai,Tamil Nadu,,2024-02-16,
Zepto,C04424,Ahmedabad,Gujarat,,2024-03-11,
Zepto,C04425,Mumbai,Maharashtra,,2023-10-15,
Zepto,C04426,Kolkata,West Bengal,,2024-07-14,
Zepto,C04427,Pune,Maharashtra,,2024-02-18,
Zepto,C04428,Lucknow,Uttar Pradesh,,2023-03-11,
Zepto,C04429,Bengaluru,Karnataka,,2024-08-11,
Zepto,C04430,Pune,Maharashtra,,2023-10-12,
Zepto,C04431,Delhi,Delhi,,2023-09-17,
Zepto,C04432,Jaipur,Rajasthan,,2024-02-02,
Zepto,C04433,Hyderabad,Telangana,,2023-08-07,
Zepto,C04434,Pune,Maharashtra,,2023-06-21,
Zepto,C04435,Mumbai,Maharashtra,,2023-07-12,
Zepto,C04436,Bengaluru,Karnataka,,2023-08-20,
Zepto,C04437,Jaipur,Rajasthan,,2024-11-29,
Zepto,C04438,Ahmedabad,Gujarat,,2023-11-06,
Zepto,C04439,Delhi,Delhi,,2024-06-01,
Zepto,C04440,Hyderabad,Telangana,,2023-10-01,
Zepto,C04441,Hyderabad,Telangana,,2024-09-28,
Zepto,C04442,Ahmedabad,Gujarat,,2024-07-17,
Zepto,C04443,Mumbai,Maharashtra,,2024-08-14,
Zepto,C04444,Kolkata,West Bengal,,2023-12-05,
Zepto,C04445,Lucknow,Uttar Pradesh,,2023-07-02,
Zepto,C04446,Lucknow,Uttar Pradesh,,2023-08-14,
Zepto,C04447,Mumbai,Maharashtra,,2023-07-20,
Zepto,C04448,Chennai,Tamil Nadu,,2023-05-11,
Zepto,C04449,Lucknow,Uttar Pradesh,,2024-01-14,
Zepto,C04450,Lucknow,Uttar Pradesh,,2023-04-15,
Zepto,C04451,Hyderabad,Telangana,,2023-10-30,
Zepto,C04452,Hyderabad,Telangana,,2023-09-13,
Zepto,C04453,Delhi,Delhi,,2023-11-25,
Zepto,C04454,Chennai,Tamil Nadu,,2023-01-11,
Zepto,C04455,Mumbai,Maharashtra,,2024-09-23,
Zepto,C04456,Pune,Maharashtra,,2024-04-12,
Zepto,C04457,Pune,Maharashtra,,2023-11-07,
Zepto,C04458,Bengaluru,Karnataka,,2024-02-21,
Zepto,C04459,Kolkata,West Bengal,,2023-11-11,
Zepto,C04460,Kolkata,West Bengal,,2024-10-18,
Zepto,C04461,Bengaluru,Karnataka,,2023-06-13,
Zepto,C04462,Kolkata,West Bengal,,2024-05-30,
Zepto,C04463,Pune,Maharashtra,,2024-10-15,
Zepto,C04464,Kolkata,West Bengal,,2023-05-30,
Zepto,C04465,Lucknow,Uttar Pradesh,,2024-12-26,
Zepto,C04466,Bengaluru,Karnataka,,2024-11-08,
Zepto,C04467,Ahmedabad,Gujarat,,2023-02-20,
Zepto,C04468,Ahmedabad,Gujarat,,2023-10-01,
Zepto,C04469,Hyderabad,Telangana,,2024-07-23,
Zepto,C04470,Chennai,Tamil Nadu,,2023-12-09,
Zepto,C04471,Mumbai,Maharashtra,,2024-12-24,
Zepto,C04472,Mumbai,Maharashtra,,2023-10-22,
Zepto,C04473,Chennai,Tamil Nadu,,2023-01-14,
Zepto,C04474,Ahmedabad,Gujarat,,2024-02-13,
Zepto,C04475,Chennai,Tamil Nadu,,2023-03-27,
Zepto,C04476,Chennai,Tamil Nadu,,2023-07-29,
Zepto,C04477,Kolkata,West Bengal,,2023-05-18,
Zepto,C04478,Jaipur,Rajasthan,,2024-03-29,
Zepto,C04479,Lucknow,Uttar Pradesh,,2023-09-01,
Zepto,C04480,Kolkata,West Bengal,,2024-10-24,
Zepto,C04481,Delhi,Delhi,,2023-07-18,
Zepto,C04482,Lucknow,Uttar Pradesh,,2023-10-11,
Zepto,C04483,Jaipur,Rajasthan,,2023-01-18,
Zepto,C04484,Jaipur,Rajasthan,,2024-08-23,
Zepto,C04485,Chennai,Tamil Nadu,,2023-11-12,
Zepto,C04486,Mumbai,Maharashtra,,2024-01-06,
Zepto,C04487,Lucknow,Uttar Pradesh,,2024-01-03,
Zepto,C04488,Lucknow,Uttar Pradesh,,2023-12-06,
Zepto,C04489,Chennai,Tamil Nadu,,2024-06-06,
Zepto,C04490,Pune,Maharashtra,,2024-01-25,
Zepto,C04491,Jaipur,Rajasthan,,2024-11-10,
Zepto,C04492,Mumbai,Maharashtra,,2023-04-24,
Zepto,C04493,Mumbai,Maharashtra,,2024-03-23,
Zepto,C04494,Kolkata,West Bengal,,2024-05-11,
Zepto,C04495,Chennai,Tamil Nadu,,2023-11-28,
Zepto,C04496,Lucknow,Uttar Pradesh,,2023-11-30,
Zepto,C04497,Pune,Maharashtra,,2024-10-13,
Zepto,C04498,Pune,Maharashtra,,2024-09-06,
Zepto,C04499,Chennai,Tamil Nadu,,2023-03-31,
Zepto,C04500,Kolkata,West Bengal,,2024-03-30,
Zepto,C04501,Ahmedabad,Gujarat,,2024-03-10,
Zepto,C04502,Pune,Maharashtra,,2023-11-22,
Zepto,C04503,Lucknow,Uttar Pradesh,,2024-02-17,
Zepto,C04504,Mumbai,Maharashtra,,2024-08-02,
Zepto,C04505,Delhi,Delhi,,2024-02-10,
Zepto,C04506,Lucknow,Uttar Pradesh,,2024-05-01,
Zepto,C04507,Chennai,Tamil Nadu,,2024-07-08,
Zepto,C04508,Kolkata,West Bengal,,2024-07-20,
Zepto,C04509,Mumbai,Maharashtra,,2023-03-26,
Zepto,C04510,Hyderabad,Telangana,,2023-11-04,
Zepto,C04511,Hyderabad,Telangana,,2024-03-25,
Zepto,C04512,Delhi,Delhi,,2023-12-21,
Zepto,C04513,Pune,Maharashtra,,2023-09-08,
Zepto,C04514,Ahmedabad,Gujarat,,2023-10-01,
Zepto,C04515,Pune,Maharashtra,,2023-07-31,
Zepto,C04516,Bengaluru,Karnataka,,2024-12-28,
Zepto,C04517,Bengaluru,Karnataka,,2024-05-28,
Zepto,C04518,Pune,Maharashtra,,2024-10-26,
Zepto,C04519,Ahmedabad,Gujarat,,2023-12-15,
Zepto,C04520,Kolkata,West Bengal,,2023-07-06,
Zepto,C04521,Kolkata,West Bengal,,2024-05-04,
Zepto,C04522,Ahmedabad,Gujarat,,2024-07-28,
Zepto,C04523,Lucknow,Uttar Pradesh,,2024-12-14,
Zepto,C04524,Ahmedabad,Gujarat,,2024-01-19,
Zepto,C04525,Chennai,Tamil Nadu,,2023-04-09,
Zepto,C04526,Kolkata,West Bengal,,2023-10-10,
Zepto,C04527,Jaipur,Rajasthan,,2024-10-21,
Zepto,C04528,Kolkata,West Bengal,,2023-12-25,
Zepto,C04529,Mumbai,Maharashtra,,2024-01-06,
Zepto,C04530,Chennai,Tamil Nadu,,2023-08-16,
Zepto,C04531,Pune,Maharashtra,,2024-02-25,
Zepto,C04532,Chennai,Tamil Nadu,,2024-09-19,
Zepto,C04533,Chennai,Tamil Nadu,,2023-04-26,
Zepto,C04534,Delhi,Delhi,,2023-02-22,
Zepto,C04535,Chennai,Tamil Nadu,,2024-04-18,
Zepto,C04536,Hyderabad,Telangana,,2024-11-10,
Zepto,C04537,Pune,Maharashtra,,2024-01-10,
Zepto,C04538,Hyderabad,Telangana,,2023-12-17,
Zepto,C04539,Pune,Maharashtra,,2024-10-26,
Zepto,C04540,Bengaluru,Karnataka,,2023-09-01,
Zepto,C04541,Jaipur,Rajasthan,,2023-01-19,
Zepto,C04542,Ahmedabad,Gujarat,,2024-01-06,
Zepto,C04543,Jaipur,Rajasthan,,2023-09-26,
Zepto,C04544,Chennai,Tamil Nadu,,2024-03-30,
Zepto,C04545,Kolkata,West Bengal,,2024-08-30,
Zepto,C04546,Lucknow,Uttar Pradesh,,2024-05-15,
Zepto,C04547,Lucknow,Uttar Pradesh,,2023-12-15,
Zepto,C04548,Pune,Maharashtra,,2024-02-17,
Zepto,C04549,Kolkata,West Bengal,,2023-04-14,
Zepto,C04550,Mumbai,Maharashtra,,2023-04-18,
Zepto,C04551,Chennai,Tamil Nadu,,2024-08-11,
Zepto,C04552,Bengaluru,Karnataka,,2024-06-25,
Zepto,C04553,Delhi,Delhi,,2024-01-09,
Zepto,C04554,Kolkata,West Bengal,,2024-03-31,
Zepto,C04555,Ahmedabad,Gujarat,,2023-09-03,
Zepto,C04556,Ahmedabad,Gujarat,,2023-03-01,
Zepto,C04557,Chennai,Tamil Nadu,,2023-03-29,
Zepto,C04558,Lucknow,Uttar Pradesh,,2023-01-08,
Zepto,C04559,Chennai,Tamil Nadu,,2023-06-18,
Zepto,C04560,Pune,Maharashtra,,2024-05-06,
Zepto,C04561,Chennai,Tamil Nadu,,2024-06-16,
Zepto,C04562,Hyderabad,Telangana,,2024-01-08,
Zepto,C04563,Mumbai,Maharashtra,,2024-06-09,
Zepto,C04564,Kolkata,West Bengal,,2023-08-31,
Zepto,C04565,Bengaluru,Karnataka,,2024-06-02,
Zepto,C04566,Delhi,Delhi,,2023-05-10,
Zepto,C04567,Bengaluru,Karnataka,,2023-11-27,
Zepto,C04568,Ahmedabad,Gujarat,,2024-10-19,
Zepto,C04569,Chennai,Tamil Nadu,,2024-02-08,
Zepto,C04570,Kolkata,West Bengal,,2024-01-17,
Zepto,C04571,Chennai,Tamil Nadu,,2023-10-21,
Zepto,C04572,Pune,Maharashtra,,2023-03-29,
Zepto,C04573,Pune,Maharashtra,,2023-05-28,
Zepto,C04574,Jaipur,Rajasthan,,2023-04-13,
Zepto,C04575,Jaipur,Rajasthan,,2023-11-05,
Zepto,C04576,Chennai,Tamil Nadu,,2024-01-27,
Zepto,C04577,Jaipur,Rajasthan,,2023-09-07,
Zepto,C04578,Delhi,Delhi,,2023-04-24,
Zepto,C04579,Mumbai,Maharashtra,,2023-07-20,
Zepto,C04580,Chennai,Tamil Nadu,,2024-04-24,
Zepto,C04581,Ahmedabad,Gujarat,,2024-03-21,
Zepto,C04582,Bengaluru,Karnataka,,2024-09-10,
Zepto,C04583,Delhi,Delhi,,2024-10-13,
Zepto,C04584,Chennai,Tamil Nadu,,2024-07-12,
Zepto,C04585,Chennai,Tamil Nadu,,2023-04-16,
Zepto,C04586,Bengaluru,Karnataka,,2024-02-01,
Zepto,C04587,Ahmedabad,Gujarat,,2023-11-02,
Zepto,C04588,Hyderabad,Telangana,,2024-09-15,
Zepto,C04589,Mumbai,Maharashtra,,2024-08-01,
Zepto,C04590,Delhi,Delhi,,2024-12-23,
Zepto,C04591,Pune,Maharashtra,,2024-07-26,
Zepto,C04592,Bengaluru,Karnataka,,2024-08-16,
Zepto,C04593,Delhi,Delhi,,2023-12-07,
Zepto,C04594,Bengaluru,Karnataka,,2023-12-16,
Zepto,C04595,Kolkata,West Bengal,,2024-08-08,
Zepto,C04596,Jaipur,Rajasthan,,2023-01-11,
Zepto,C04597,Jaipur,Rajasthan,,2023-08-25,
Zepto,C04598,Delhi,Delhi,,2023-01-05,
Zepto,C04599,Delhi,Delhi,,2024-05-06,
Zepto,C04600,Pune,Maharashtra,,2023-05-06,
Zepto,C04601,Bengaluru,Karnataka,,2024-07-10,
Zepto,C04602,Jaipur,Rajasthan,,2024-10-12,
Zepto,C04603,Pune,Maharashtra,,2024-09-09,
Zepto,C04604,Ahmedabad,Gujarat,,2024-12-17,
Zepto,C04605,Ahmedabad,Gujarat,,2023-02-28,
Zepto,C04606,Mumbai,Maharashtra,,2023-12-04,
Zepto,C04607,Jaipur,Rajasthan,,2024-08-27,
Zepto,C04608,Chennai,Tamil Nadu,,2023-04-29,
Zepto,C04609,Kolkata,West Bengal,,2023-03-04,
Zepto,C04610,Lucknow,Uttar Pradesh,,2024-04-10,
Zepto,C04611,Hyderabad,Telangana,,2023-08-20,
Zepto,C04612,Pune,Maharashtra,,2024-05-26,
Zepto,C04613,Jaipur,Rajasthan,,2023-10-15,
Zepto,C04614,Hyderabad,Telangana,,2023-04-30,
Zepto,C04615,Chennai,Tamil Nadu,,2023-06-16,
Zepto,C04616,Pune,Maharashtra,,2024-08-16,
Zepto,C04617,Delhi,Delhi,,2023-02-22,
Zepto,C04618,Pune,Maharashtra,,2023-10-24,
Zepto,C04619,Lucknow,Uttar Pradesh,,2024-04-11,
Zepto,C04620,Chennai,Tamil Nadu,,2024-06-03,
Zepto,C04621,Mumbai,Maharashtra,,2024-09-15,
Zepto,C04622,Kolkata,West Bengal,,2023-01-12,
Zepto,C04623,Kolkata,West Bengal,,2023-03-11,
Zepto,C04624,Ahmedabad,Gujarat,,2023-02-04,
Zepto,C04625,Lucknow,Uttar Pradesh,,2024-01-19,
Zepto,C04626,Bengaluru,Karnataka,,2024-01-21,
Zepto,C04627,Delhi,Delhi,,2024-11-17,
Zepto,C04628,Delhi,Delhi,,2023-05-14,
Zepto,C04629,Mumbai,Maharashtra,,2024-02-21,
Zepto,C04630,Hyderabad,Telangana,,2024-12-01,
Zepto,C04631,Hyderabad,Telangana,,2023-09-16,
Zepto,C04632,Kolkata,West Bengal,,2024-08-02,
Zepto,C04633,Bengaluru,Karnataka,,2023-07-15,
Zepto,C04634,Bengaluru,Karnataka,,2024-09-05,
Zepto,C04635,Ahmedabad,Gujarat,,2023-02-19,
Zepto,C04636,Pune,Maharashtra,,2023-10-22,
Zepto,C04637,Lucknow,Uttar Pradesh,,2024-10-08,
Zepto,C04638,Chennai,Tamil Nadu,,2023-05-27,
Zepto,C04639,Kolkata,West Bengal,,2023-11-06,
Zepto,C04640,Jaipur,Rajasthan,,2024-03-10,
Zepto,C04641,Bengaluru,Karnataka,,2023-02-13,
Zepto,C04642,Delhi,Delhi,,2024-05-07,
Zepto,C04643,Hyderabad,Telangana,,2024-08-29,
Zepto,C04644,Jaipur,Rajasthan,,2024-05-10,
Zepto,C04645,Chennai,Tamil Nadu,,2023-06-11,
Zepto,C04646,Lucknow,Uttar Pradesh,,2023-04-26,
Zepto,C04647,Kolkata,West Bengal,,2023-01-09,
Zepto,C04648,Mumbai,Maharashtra,,2024-04-27,
Zepto,C04649,Bengaluru,Karnataka,,2024-06-23,
Zepto,C04650,Mumbai,Maharashtra,,2023-05-31,
Zepto,C04651,Pune,Maharashtra,,2023-11-01,
Zepto,C04652,Ahmedabad,Gujarat,,2024-09-26,
Zepto,C04653,Kolkata,West Bengal,,2024-03-01,
Zepto,C04654,Delhi,Delhi,,2023-12-31,
Zepto,C04655,Bengaluru,Karnataka,,2023-02-22,
Zepto,C04656,Chennai,Tamil Nadu,,2024-07-09,
Zepto,C04657,Jaipur,Rajasthan,,2024-05-20,
Zepto,C04658,Mumbai,Maharashtra,,2024-03-12,
Zepto,C04659,Bengaluru,Karnataka,,2023-08-23,
Zepto,C04660,Jaipur,Rajasthan,,2023-12-17,
Zepto,C04661,Mumbai,Maharashtra,,2023-04-20,
Zepto,C04662,Bengaluru,Karnataka,,2023-01-29,
Zepto,C04663,Mumbai,Maharashtra,,2023-05-03,
Zepto,C04664,Bengaluru,Karnataka,,2023-09-01,
Zepto,C04665,Chennai,Tamil Nadu,,2024-08-12,
Zepto,C04666,Lucknow,Uttar Pradesh,,2023-04-16,
Zepto,C04667,Delhi,Delhi,,2024-03-15,
Zepto,C04668,Bengaluru,Karnataka,,2023-01-20,
Zepto,C04669,Chennai,Tamil Nadu,,2023-07-07,
Zepto,C04670,Kolkata,West Bengal,,2023-06-12,
Zepto,C04671,Jaipur,Rajasthan,,2023-09-01,
Zepto,C04672,Ahmedabad,Gujarat,,2023-08-30,
Zepto,C04673,Chennai,Tamil Nadu,,2023-07-15,
Zepto,C04674,Ahmedabad,Gujarat,,2024-06-15,
Zepto,C04675,Pune,Maharashtra,,2024-05-02,
Zepto,C04676,Hyderabad,Telangana,,2024-06-14,
Zepto,C04677,Chennai,Tamil Nadu,,2024-06-30,
Zepto,C04678,Kolkata,West Bengal,,2023-02-21,
Zepto,C04679,Delhi,Delhi,,2024-03-05,
Zepto,C04680,Chennai,Tamil Nadu,,2023-06-21,
Zepto,C04681,Lucknow,Uttar Pradesh,,2023-06-07,
Zepto,C04682,Mumbai,Maharashtra,,2024-09-01,
Zepto,C04683,Bengaluru,Karnataka,,2024-04-22,
Zepto,C04684,Bengaluru,Karnataka,,2024-02-10,
Zepto,C04685,Kolkata,West Bengal,,2024-08-08,
Zepto,C04686,Lucknow,Uttar Pradesh,,2023-08-17,
Zepto,C04687,Ahmedabad,Gujarat,,2023-11-10,
Zepto,C04688,Pune,Maharashtra,,2024-09-23,
Zepto,C04689,Pune,Maharashtra,,2023-09-13,
Zepto,C04690,Chennai,Tamil Nadu,,2024-04-21,
Zepto,C04691,Bengaluru,Karnataka,,2024-09-11,
Zepto,C04692,Mumbai,Maharashtra,,2024-03-18,
Zepto,C04693,Chennai,Tamil Nadu,,2023-11-05,
Zepto,C04694,Pune,Maharashtra,,2023-09-24,
Zepto,C04695,Kolkata,West Bengal,,2024-09-26,
Zepto,C04696,Kolkata,West Bengal,,2024-03-29,
Zepto,C04697,Chennai,Tamil Nadu,,2023-08-25,
Zepto,C04698,Hyderabad,Telangana,,2024-11-18,
Zepto,C04699,Jaipur,Rajasthan,,2024-12-11,
Zepto,C04700,Delhi,Delhi,,2023-08-15,
Zepto,C04701,Hyderabad,Telangana,,2024-10-06,
Zepto,C04702,Chennai,Tamil Nadu,,2023-04-14,
Zepto,C04703,Mumbai,Maharashtra,,2024-10-10,
Zepto,C04704,Bengaluru,Karnataka,,2023-02-26,
Zepto,C04705,Kolkata,West Bengal,,2023-02-19,
Zepto,C04706,Ahmedabad,Gujarat,,2024-12-26,
Zepto,C04707,Mumbai,Maharashtra,,2024-08-24,
Zepto,C04708,Chennai,Tamil Nadu,,2023-12-16,
Zepto,C04709,Bengaluru,Karnataka,,2024-01-16,
Zepto,C04710,Mumbai,Maharashtra,,2024-05-12,
Zepto,C04711,Pune,Maharashtra,,2023-01-22,
Zepto,C04712,Delhi,Delhi,,2024-09-23,
Zepto,C04713,Pune,Maharashtra,,2024-05-23,
Zepto,C04714,Jaipur,Rajasthan,,2024-10-08,
Zepto,C04715,Delhi,Delhi,,2024-02-25,
Zepto,C04716,Hyderabad,Telangana,,2023-11-20,
Zepto,C04717,Pune,Maharashtra,,2023-02-12,
Zepto,C04718,Kolkata,West Bengal,,2024-05-27,
Zepto,C04719,Chennai,Tamil Nadu,,2023-07-14,
Zepto,C04720,Mumbai,Maharashtra,,2024-08-30,
Zepto,C04721,Kolkata,West Bengal,,2023-04-09,
Zepto,C04722,Jaipur,Rajasthan,,2024-05-27,
Zepto,C04723,Chennai,Tamil Nadu,,2024-02-05,
Zepto,C04724,Kolkata,West Bengal,,2024-06-04,
Zepto,C04725,Kolkata,West Bengal,,2024-09-02,
Zepto,C04726,Pune,Maharashtra,,2024-02-14,
Zepto,C04727,Jaipur,Rajasthan,,2023-02-05,
Zepto,C04728,Mumbai,Maharashtra,,2024-10-15,
Zepto,C04729,Hyderabad,Telangana,,2024-04-14,
Zepto,C04730,Jaipur,Rajasthan,,2023-08-17,
Zepto,C04731,Lucknow,Uttar Pradesh,,2024-03-30,
Zepto,C04732,Pune,Maharashtra,,2023-04-16,
Zepto,C04733,Kolkata,West Bengal,,2024-04-17,
Zepto,C04734,Mumbai,Maharashtra,,2024-03-21,
Zepto,C04735,Pune,Maharashtra,,2023-03-12,
Zepto,C04736,Kolkata,West Bengal,,2023-11-08,
Zepto,C04737,Pune,Maharashtra,,2024-02-16,
Zepto,C04738,Jaipur,Rajasthan,,2023-02-19,
Zepto,C04739,Mumbai,Maharashtra,,2023-05-18,
Zepto,C04740,Hyderabad,Telangana,,2024-04-25,
Zepto,C04741,Delhi,Delhi,,2024-01-23,
Zepto,C04742,Kolkata,West Bengal,,2023-04-21,
Zepto,C04743,Mumbai,Maharashtra,,2023-04-16,
Zepto,C04744,Chennai,Tamil Nadu,,2023-12-12,
Zepto,C04745,Lucknow,Uttar Pradesh,,2023-02-02,
Zepto,C04746,Hyderabad,Telangana,,2024-08-04,
Zepto,C04747,Ahmedabad,Gujarat,,2023-05-19,
Zepto,C04748,Hyderabad,Telangana,,2023-10-16,
Zepto,C04749,Mumbai,Maharashtra,,2023-01-31,
Zepto,C04750,Lucknow,Uttar Pradesh,,2023-11-11,
Zepto,C04751,Delhi,Delhi,,2024-03-24,
Zepto,C04752,Kolkata,West Bengal,,2024-02-01,
Zepto,C04753,Delhi,Delhi,,2024-06-18,
Zepto,C04754,Ahmedabad,Gujarat,,2023-12-02,
Zepto,C04755,Mumbai,Maharashtra,,2023-05-13,
Zepto,C04756,Ahmedabad,Gujarat,,2023-04-15,
Zepto,C04757,Lucknow,Uttar Pradesh,,2023-02-14,
Zepto,C04758,Jaipur,Rajasthan,,2023-01-13,
Zepto,C04759,Jaipur,Rajasthan,,2023-04-28,
Zepto,C04760,Jaipur,Rajasthan,,2023-10-28,
Zepto,C04761,Hyderabad,Telangana,,2024-03-02,
Zepto,C04762,Pune,Maharashtra,,2024-07-18,
Zepto,C04763,Bengaluru,Karnataka,,2023-09-23,
Zepto,C04764,Hyderabad,Telangana,,2023-03-14,
Zepto,C04765,Pune,Maharashtra,,2023-02-12,
Zepto,C04766,Bengaluru,Karnataka,,2024-01-25,
Zepto,C04767,Lucknow,Uttar Pradesh,,2023-09-12,
Zepto,C04768,Chennai,Tamil Nadu,,2024-04-10,
Zepto,C04769,Delhi,Delhi,,2024-08-17,
Zepto,C04770,Lucknow,Uttar Pradesh,,2023-05-27,
Zepto,C04771,Hyderabad,Telangana,,2023-10-24,
Zepto,C04772,Delhi,Delhi,,2023-07-22,
Zepto,C04773,Delhi,Delhi,,2023-11-16,
Zepto,C04774,Bengaluru,Karnataka,,2023-11-19,
Zepto,C04775,Chennai,Tamil Nadu,,2024-04-06,
Zepto,C04776,Chennai,Tamil Nadu,,2023-02-18,
Zepto,C04777,Ahmedabad,Gujarat,,2024-06-23,
Zepto,C04778,Pune,Maharashtra,,2024-02-04,
Zepto,C04779,Ahmedabad,Gujarat,,2023-12-02,
Zepto,C04780,Chennai,Tamil Nadu,,2023-01-28,
Zepto,C04781,Lucknow,Uttar Pradesh,,2024-09-20,
Zepto,C04782,Hyderabad,Telangana,,2024-09-15,
Zepto,C04783,Chennai,Tamil Nadu,,2023-04-02,
Zepto,C04784,Mumbai,Maharashtra,,2023-08-18,
Zepto,C04785,Jaipur,Rajasthan,,2023-02-16,
Zepto,C04786,Delhi,Delhi,,2023-01-28,
Zepto,C04787,Kolkata,West Bengal,,2023-04-07,
Zepto,C04788,Chennai,Tamil Nadu,,2023-01-22,
Zepto,C04789,Kolkata,West Bengal,,2024-04-20,
Zepto,C04790,Lucknow,Uttar Pradesh,,2024-06-15,
Zepto,C04791,Ahmedabad,Gujarat,,2023-01-13,
Zepto,C04792,Ahmedabad,Gujarat,,2024-04-24,
Zepto,C04793,Ahmedabad,Gujarat,,2023-11-17,
Zepto,C04794,Mumbai,Maharashtra,,2024-03-30,
Zepto,C04795,Ahmedabad,Gujarat,,2023-04-20,
Zepto,C04796,Lucknow,Uttar Pradesh,,2023-01-25,
Zepto,C04797,Pune,Maharashtra,,2023-12-09,
Zepto,C04798,Hyderabad,Telangana,,2024-11-12,
Zepto,C04799,Pune,Maharashtra,,2023-06-15,
Zepto,C04800,Hyderabad,Telangana,,2023-08-28,
Zepto,C04801,Chennai,Tamil Nadu,,2024-09-24,
Zepto,C04802,Pune,Maharashtra,,2023-08-08,
Zepto,C04803,Hyderabad,Telangana,,2023-04-17,
Zepto,C04804,Bengaluru,Karnataka,,2023-10-07,
Zepto,C04805,Jaipur,Rajasthan,,2023-12-24,
Zepto,C04806,Lucknow,Uttar Pradesh,,2023-06-07,
Zepto,C04807,Chennai,Tamil Nadu,,2024-12-19,
Zepto,C04808,Ahmedabad,Gujarat,,2024-09-15,
Zepto,C04809,Pune,Maharashtra,,2024-07-26,
Zepto,C04810,Lucknow,Uttar Pradesh,,2023-05-09,
Zepto,C04811,Kolkata,West Bengal,,2024-12-15,
Zepto,C04812,Chennai,Tamil Nadu,,2024-02-07,
Zepto,C04813,Lucknow,Uttar Pradesh,,2024-04-03,
Zepto,C04814,Pune,Maharashtra,,2024-01-05,
Zepto,C04815,Chennai,Tamil Nadu,,2024-11-08,
Zepto,C04816,Kolkata,West Bengal,,2024-08-20,
Zepto,C04817,Mumbai,Maharashtra,,2023-12-04,
Zepto,C04818,Mumbai,Maharashtra,,2023-02-19,
Zepto,C04819,Kolkata,West Bengal,,2023-03-17,
Zepto,C04820,Chennai,Tamil Nadu,,2023-09-16,
Zepto,C04821,Hyderabad,Telangana,,2023-01-02,
Zepto,C04822,Jaipur,Rajasthan,,2023-11-07,
Zepto,C04823,Kolkata,West Bengal,,2024-05-04,
Zepto,C04824,Chennai,Tamil Nadu,,2024-06-25,
Zepto,C04825,Kolkata,West Bengal,,2024-01-07,
Zepto,C04826,Delhi,Delhi,,2024-06-27,
Zepto,C04827,Delhi,Delhi,,2024-06-22,
Zepto,C04828,Hyderabad,Telangana,,2023-01-30,
Zepto,C04829,Kolkata,West Bengal,,2024-09-14,
Zepto,C04830,Lucknow,Uttar Pradesh,,2024-08-28,
Zepto,C04831,Hyderabad,Telangana,,2023-05-31,
Zepto,C04832,Bengaluru,Karnataka,,2023-12-18,
Zepto,C04833,Kolkata,West Bengal,,2024-04-10,
Zepto,C04834,Ahmedabad,Gujarat,,2024-08-20,
Zepto,C04835,Bengaluru,Karnataka,,2023-11-17,
Zepto,C04836,Chennai,Tamil Nadu,,2024-12-01,
Zepto,C04837,Kolkata,West Bengal,,2024-12-21,
Zepto,C04838,Delhi,Delhi,,2023-11-13,
Zepto,C04839,Lucknow,Uttar Pradesh,,2024-12-25,
Zepto,C04840,Delhi,Delhi,,2023-12-08,
Zepto,C04841,Kolkata,West Bengal,,2024-12-16,
Zepto,C04842,Mumbai,Maharashtra,,2023-06-25,
Zepto,C04843,Chennai,Tamil Nadu,,2024-02-04,
Zepto,C04844,Kolkata,West Bengal,,2024-02-09,
Zepto,C04845,Chennai,Tamil Nadu,,2023-03-16,
Zepto,C04846,Lucknow,Uttar Pradesh,,2024-08-26,
Zepto,C04847,Lucknow,Uttar Pradesh,,2023-07-20,
Zepto,C04848,Pune,Maharashtra,,2023-03-11,
Zepto,C04849,Delhi,Delhi,,2023-03-17,
Zepto,C04850,Mumbai,Maharashtra,,2023-08-12,
Zepto,C04851,Ahmedabad,Gujarat,,2024-03-17,
Zepto,C04852,Chennai,Tamil Nadu,,2023-06-14,
Zepto,C04853,Mumbai,Maharashtra,,2024-01-06,
Zepto,C04854,Bengaluru,Karnataka,,2024-08-14,
Zepto,C04855,Hyderabad,Telangana,,2023-06-25,
Zepto,C04856,Jaipur,Rajasthan,,2023-07-27,
Zepto,C04857,Pune,Maharashtra,,2023-10-25,
Zepto,C04858,Bengaluru,Karnataka,,2023-01-07,
Zepto,C04859,Chennai,Tamil Nadu,,2023-05-22,
Zepto,C04860,Kolkata,West Bengal,,2024-11-29,
Zepto,C04861,Kolkata,West Bengal,,2023-12-01,
Zepto,C04862,Mumbai,Maharashtra,,2023-01-19,
Zepto,C04863,Chennai,Tamil Nadu,,2024-12-06,
Zepto,C04864,Hyderabad,Telangana,,2024-12-07,
Zepto,C04865,Bengaluru,Karnataka,,2023-05-13,
Zepto,C04866,Jaipur,Rajasthan,,2023-08-25,
Zepto,C04867,Chennai,Tamil Nadu,,2023-07-22,
Zepto,C04868,Lucknow,Uttar Pradesh,,2023-05-25,
Zepto,C04869,Kolkata,West Bengal,,2023-08-15,
Zepto,C04870,Ahmedabad,Gujarat,,2024-11-23,
Zepto,C04871,Chennai,Tamil Nadu,,2024-01-18,
Zepto,C04872,Delhi,Delhi,,2024-03-22,
Zepto,C04873,Jaipur,Rajasthan,,2023-10-22,
Zepto,C04874,Delhi,Delhi,,2024-05-16,
Zepto,C04875,Bengaluru,Karnataka,,2024-06-12,
Zepto,C04876,Pune,Maharashtra,,2023-01-07,
Zepto,C04877,Lucknow,Uttar Pradesh,,2024-08-09,
Zepto,C04878,Pune,Maharashtra,,2024-01-17,
Zepto,C04879,Mumbai,Maharashtra,,2023-11-29,
Zepto,C04880,Ahmedabad,Gujarat,,2024-10-13,
Zepto,C04881,Chennai,Tamil Nadu,,2024-05-23,
Zepto,C04882,Lucknow,Uttar Pradesh,,2024-01-08,
Zepto,C04883,Bengaluru,Karnataka,,2023-11-29,
Zepto,C04884,Ahmedabad,Gujarat,,2024-12-22,
Zepto,C04885,Hyderabad,Telangana,,2023-03-26,
Zepto,C04886,Mumbai,Maharashtra,,2023-09-18,
Zepto,C04887,Ahmedabad,Gujarat,,2023-05-01,
Zepto,C04888,Bengaluru,Karnataka,,2023-07-02,
Zepto,C04889,Chennai,Tamil Nadu,,2024-11-07,
Zepto,C04890,Lucknow,Uttar Pradesh,,2024-02-21,
Zepto,C04891,Delhi,Delhi,,2023-04-20,
Zepto,C04892,Mumbai,Maharashtra,,2024-12-26,
Zepto,C04893,Ahmedabad,Gujarat,,2023-09-14,
Zepto,C04894,Jaipur,Rajasthan,,2024-08-06,
Zepto,C04895,Delhi,Delhi,,2023-12-23,
Zepto,C04896,Kolkata,West Bengal,,2024-12-27,
Zepto,C04897,Hyderabad,Telangana,,2023-10-06,
Zepto,C04898,Lucknow,Uttar Pradesh,,2024-06-12,
Zepto,C04899,Chennai,Tamil Nadu,,2024-02-04,
Zepto,C04900,Lucknow,Uttar Pradesh,,2024-10-16,
Zepto,C04901,Pune,Maharashtra,,2024-12-13,
Zepto,C04902,Jaipur,Rajasthan,,2024-06-15,
Zepto,C04903,Jaipur,Rajasthan,,2024-09-21,
Zepto,C04904,Chennai,Tamil Nadu,,2023-08-29,
Zepto,C04905,Lucknow,Uttar Pradesh,,2023-01-09,
Zepto,C04906,Lucknow,Uttar Pradesh,,2024-08-19,
Zepto,C04907,Chennai,Tamil Nadu,,2023-11-14,
Zepto,C04908,Bengaluru,Karnataka,,2024-03-12,
Zepto,C04909,Chennai,Tamil Nadu,,2024-04-07,
Zepto,C04910,Chennai,Tamil Nadu,,2023-09-13,
Zepto,C04911,Jaipur,Rajasthan,,2023-12-04,
Zepto,C04912,Kolkata,West Bengal,,2024-01-08,
Zepto,C04913,Ahmedabad,Gujarat,,2023-12-04,
Zepto,C04914,Chennai,Tamil Nadu,,2023-08-12,
Zepto,C04915,Mumbai,Maharashtra,,2024-03-29,
Zepto,C04916,Hyderabad,Telangana,,2023-11-20,
Zepto,C04917,Kolkata,West Bengal,,2024-08-20,
Zepto,C04918,Pune,Maharashtra,,2023-10-17,
Zepto,C04919,Lucknow,Uttar Pradesh,,2023-12-15,
Zepto,C04920,Bengaluru,Karnataka,,2023-08-18,
Zepto,C04921,Ahmedabad,Gujarat,,2023-09-01,
Zepto,C04922,Bengaluru,Karnataka,,2023-09-26,
Zepto,C04923,Hyderabad,Telangana,,2023-10-02,
Zepto,C04924,Pune,Maharashtra,,2023-02-04,
Zepto,C04925,Ahmedabad,Gujarat,,2023-02-12,
Zepto,C04926,Chennai,Tamil Nadu,,2023-03-17,
Zepto,C04927,Lucknow,Uttar Pradesh,,2023-10-08,
Zepto,C04928,Jaipur,Rajasthan,,2024-07-31,
Zepto,C04929,Ahmedabad,Gujarat,,2024-11-24,
Zepto,C04930,Delhi,Delhi,,2023-06-07,
Zepto,C04931,Mumbai,Maharashtra,,2024-01-09,
Zepto,C04932,Hyderabad,Telangana,,2024-11-18,
Zepto,C04933,Lucknow,Uttar Pradesh,,2023-12-07,
Zepto,C04934,Kolkata,West Bengal,,2023-01-07,
Zepto,C04935,Chennai,Tamil Nadu,,2023-08-10,
Zepto,C04936,Lucknow,Uttar Pradesh,,2024-09-07,
Zepto,C04937,Bengaluru,Karnataka,,2024-12-11,
Zepto,C04938,Bengaluru,Karnataka,,2024-03-10,
Zepto,C04939,Bengaluru,Karnataka,,2023-03-05,
Zepto,C04940,Kolkata,West Bengal,,2023-04-17,
Zepto,C04941,Mumbai,Maharashtra,,2023-03-10,
Zepto,C04942,Lucknow,Uttar Pradesh,,2023-08-02,
Zepto,C04943,Ahmedabad,Gujarat,,2023-06-17,
Zepto,C04944,Hyderabad,Telangana,,2024-12-03,
Zepto,C04945,Lucknow,Uttar Pradesh,,2023-06-11,
Zepto,C04946,Pune,Maharashtra,,2023-08-18,
Zepto,C04947,Mumbai,Maharashtra,,2023-02-26,
Zepto,C04948,Ahmedabad,Gujarat,,2024-03-31,
Zepto,C04949,Chennai,Tamil Nadu,,2024-09-27,
Zepto,C04950,Ahmedabad,Gujarat,,2023-06-20,
Zepto,C04951,Bengaluru,Karnataka,,2024-12-10,
Zepto,C04952,Kolkata,West Bengal,,2024-08-13,
Zepto,C04953,Pune,Maharashtra,,2024-05-30,
Zepto,C04954,Ahmedabad,Gujarat,,2024-02-23,
Zepto,C04955,Kolkata,West Bengal,,2023-09-29,
Zepto,C04956,Bengaluru,Karnataka,,2024-01-06,
Zepto,C04957,Ahmedabad,Gujarat,,2024-05-21,
Zepto,C04958,Lucknow,Uttar Pradesh,,2023-10-07,
Zepto,C04959,Kolkata,West Bengal,,2023-03-30,
Zepto,C04960,Bengaluru,Karnataka,,2024-07-12,
Zepto,C04961,Bengaluru,Karnataka,,2024-06-08,
Zepto,C04962,Chennai,Tamil Nadu,,2023-05-03,
Zepto,C04963,Delhi,Delhi,,2024-10-22,
Zepto,C04964,Jaipur,Rajasthan,,2024-06-11,
Zepto,C04965,Kolkata,West Bengal,,2024-01-23,
Zepto,C04966,Delhi,Delhi,,2023-05-28,
Zepto,C04967,Bengaluru,Karnataka,,2023-09-26,
Zepto,C04968,Chennai,Tamil Nadu,,2023-03-27,
Zepto,C04969,Lucknow,Uttar Pradesh,,2024-07-23,
Zepto,C04970,Delhi,Delhi,,2024-04-27,
Zepto,C04971,Pune,Maharashtra,,2023-06-24,
Zepto,C04972,Ahmedabad,Gujarat,,2023-10-20,
Zepto,C04973,Lucknow,Uttar Pradesh,,2024-01-17,
Zepto,C04974,Chennai,Tamil Nadu,,2024-02-27,
Zepto,C04975,Mumbai,Maharashtra,,2024-08-07,
Zepto,C04976,Ahmedabad,Gujarat,,2024-07-22,
Zepto,C04977,Bengaluru,Karnataka,,2023-12-23,
Zepto,C04978,Hyderabad,Telangana,,2024-12-21,
Zepto,C04979,Lucknow,Uttar Pradesh,,2024-04-26,
Zepto,C04980,Ahmedabad,Gujarat,,2024-11-21,
Zepto,C04981,Ahmedabad,Gujarat,,2023-11-13,
Zepto,C04982,Lucknow,Uttar Pradesh,,2023-09-22,
Zepto,C04983,Delhi,Delhi,,2023-12-24,
Zepto,C04984,Delhi,Delhi,,2023-07-12,
Zepto,C04985,Kolkata,West Bengal,,2024-08-10,
Zepto,C04986,Mumbai,Maharashtra,,2024-06-26,
Zepto,C04987,Chennai,Tamil Nadu,,2024-09-05,
Zepto,C04988,Jaipur,Rajasthan,,2024-06-05,
Zepto,C04989,Jaipur,Rajasthan,,2023-03-01,
Zepto,C04990,Mumbai,Maharashtra,,2024-11-21,
Zepto,C04991,Lucknow,Uttar Pradesh,,2024-09-24,
Zepto,C04992,Pune,Maharashtra,,2023-09-07,
Zepto,C04993,Delhi,Delhi,,2023-04-30,
Zepto,C04994,Jaipur,Rajasthan,,2023-09-14,
Zepto,C04995,Pune,Maharashtra,,2024-09-02,
Zepto,C04996,Kolkata,West Bengal,,2023-05-01,
Zepto,C04997,Hyderabad,Telangana,,2024-10-28,
Zepto,C04998,Bengaluru,Karnataka,,2023-06-01,
Zepto,C04999,Bengaluru,Karnataka,,2023-01-09,
Zepto,C05000,Lucknow,Uttar Pradesh,,2024-06-13,
Zepto,C05001,Delhi,Delhi,,2023-10-16,
Zepto,C05002,Ahmedabad,Gujarat,,2023-11-09,
Zepto,C05003,Ahmedabad,Gujarat,,2023-04-17,
Zepto,C05004,Delhi,Delhi,,2023-09-26,
Zepto,C05005,Jaipur,Rajasthan,,2023-02-18,
Zepto,C05006,Kolkata,West Bengal,,2024-04-01,
Zepto,C05007,Ahmedabad,Gujarat,,2024-08-26,
Zepto,C05008,Chennai,Tamil Nadu,,2023-10-13,
Zepto,C05009,Delhi,Delhi,,2023-08-30,
Zepto,C05010,Lucknow,Uttar Pradesh,,2024-12-09,
Zepto,C05011,Kolkata,West Bengal,,2023-07-06,
Zepto,C05012,Hyderabad,Telangana,,2023-09-15,
Zepto,C05013,Bengaluru,Karnataka,,2023-10-13,
Zepto,C05014,Kolkata,West Bengal,,2024-11-16,
Zepto,C05015,Pune,Maharashtra,,2024-02-24,
Zepto,C05016,Mumbai,Maharashtra,,2024-04-21,
Zepto,C05017,Mumbai,Maharashtra,,2023-11-20,
Zepto,C05018,Ahmedabad,Gujarat,,2024-10-12,
Zepto,C05019,Bengaluru,Karnataka,,2024-10-28,
Zepto,C05020,Bengaluru,Karnataka,,2023-10-19,
Zepto,C05021,Delhi,Delhi,,2023-05-14,
Zepto,C05022,Jaipur,Rajasthan,,2023-07-10,
Zepto,C05023,Kolkata,West Bengal,,2024-03-02,
Zepto,C05024,Pune,Maharashtra,,2024-06-09,
Zepto,C05025,Chennai,Tamil Nadu,,2023-03-23,
Zepto,C05026,Jaipur,Rajasthan,,2023-06-30,
Zepto,C05027,Jaipur,Rajasthan,,2024-12-22,
Zepto,C05028,Lucknow,Uttar Pradesh,,2023-10-07,
Zepto,C05029,Bengaluru,Karnataka,,2024-07-03,
Zepto,C05030,Mumbai,Maharashtra,,2023-12-03,
Zepto,C05031,Bengaluru,Karnataka,,2024-09-23,
Zepto,C05032,Hyderabad,Telangana,,2023-06-13,
Zepto,C05033,Kolkata,West Bengal,,2023-10-28,
Zepto,C05034,Kolkata,West Bengal,,2024-07-08,
Zepto,C05035,Kolkata,West Bengal,,2023-01-30,
Zepto,C05036,Ahmedabad,Gujarat,,2024-07-28,
Zepto,C05037,Kolkata,West Bengal,,2023-07-06,
Zepto,C05038,Pune,Maharashtra,,2024-10-13,
Zepto,C05039,Bengaluru,Karnataka,,2023-07-17,
Zepto,C05040,Mumbai,Maharashtra,,2023-09-18,
Zepto,C05041,Ahmedabad,Gujarat,,2023-08-12,
Zepto,C05042,Bengaluru,Karnataka,,2023-06-24,
Zepto,C05043,Chennai,Tamil Nadu,,2024-12-27,
Zepto,C05044,Pune,Maharashtra,,2023-12-17,
Zepto,C05045,Lucknow,Uttar Pradesh,,2024-04-05,
Zepto,C05046,Ahmedabad,Gujarat,,2024-07-25,
Zepto,C05047,Chennai,Tamil Nadu,,2024-02-14,
Zepto,C05048,Kolkata,West Bengal,,2024-09-15,
Zepto,C05049,Kolkata,West Bengal,,2024-05-26,
Zepto,C05050,Delhi,Delhi,,2024-12-07,
Zepto,C05051,Jaipur,Rajasthan,,2024-04-21,
Zepto,C05052,Bengaluru,Karnataka,,2023-09-02,
Zepto,C05053,Chennai,Tamil Nadu,,2023-06-13,
Zepto,C05054,Jaipur,Rajasthan,,2024-08-31,
Zepto,C05055,Hyderabad,Telangana,,2023-09-08,
Zepto,C05056,Jaipur,Rajasthan,,2024-05-25,
Zepto,C05057,Pune,Maharashtra,,2024-03-10,
Zepto,C05058,Delhi,Delhi,,2023-02-09,
Zepto,C05059,Hyderabad,Telangana,,2024-04-13,
Zepto,C05060,Bengaluru,Karnataka,,2024-10-13,
Zepto,C05061,Delhi,Delhi,,2023-11-23,
Zepto,C05062,Pune,Maharashtra,,2024-04-18,
Zepto,C05063,Lucknow,Uttar Pradesh,,2023-12-18,
Zepto,C05064,Pune,Maharashtra,,2023-11-28,
Zepto,C05065,Delhi,Delhi,,2024-03-29,
Zepto,C05066,Delhi,Delhi,,2024-07-26,
Zepto,C05067,Bengaluru,Karnataka,,2024-11-09,
Zepto,C05068,Jaipur,Rajasthan,,2024-10-22,
Zepto,C05069,Delhi,Delhi,,2023-03-10,
Zepto,C05070,Ahmedabad,Gujarat,,2023-10-30,
Zepto,C05071,Mumbai,Maharashtra,,2024-11-11,
Zepto,C05072,Ahmedabad,Gujarat,,2023-07-27,
Zepto,C05073,Hyderabad,Telangana,,2024-01-07,
Zepto,C05074,Chennai,Tamil Nadu,,2023-01-10,
Zepto,C05075,Hyderabad,Telangana,,2023-10-24,
Zepto,C05076,Jaipur,Rajasthan,,2023-02-09,
Zepto,C05077,Lucknow,Uttar Pradesh,,2024-08-04,
Zepto,C05078,Lucknow,Uttar Pradesh,,2023-09-16,
Zepto,C05079,Chennai,Tamil Nadu,,2024-02-21,
Zepto,C05080,Delhi,Delhi,,2023-07-28,
Zepto,C05081,Ahmedabad,Gujarat,,2023-03-12,
Zepto,C05082,Kolkata,West Bengal,,2024-12-09,
Zepto,C05083,Bengaluru,Karnataka,,2024-05-20,
Zepto,C05084,Bengaluru,Karnataka,,2023-01-27,
Zepto,C05085,Jaipur,Rajasthan,,2023-03-27,
Zepto,C05086,Jaipur,Rajasthan,,2023-02-05,
Zepto,C05087,Jaipur,Rajasthan,,2024-07-12,
Zepto,C05088,Chennai,Tamil Nadu,,2024-01-05,
Zepto,C05089,Lucknow,Uttar Pradesh,,2024-08-27,
Zepto,C05090,Hyderabad,Telangana,,2023-11-25,
Zepto,C05091,Hyderabad,Telangana,,2024-03-17,
Zepto,C05092,Ahmedabad,Gujarat,,2023-03-29,
Zepto,C05093,Lucknow,Uttar Pradesh,,2023-04-28,
Zepto,C05094,Delhi,Delhi,,2023-09-02,
Zepto,C05095,Chennai,Tamil Nadu,,2023-09-27,
Zepto,C05096,Delhi,Delhi,,2023-09-20,
Zepto,C05097,Ahmedabad,Gujarat,,2023-12-22,
Zepto,C05098,Kolkata,West Bengal,,2023-08-02,
Zepto,C05099,Ahmedabad,Gujarat,,2024-10-19,
Zepto,C05100,Mumbai,Maharashtra,,2023-11-20,
Zepto,C05101,Lucknow,Uttar Pradesh,,2024-01-24,
Zepto,C05102,Mumbai,Maharashtra,,2023-01-14,
Zepto,C05103,Kolkata,West Bengal,,2024-02-11,
Zepto,C05104,Hyderabad,Telangana,,2024-12-07,
Zepto,C05105,Jaipur,Rajasthan,,2023-01-10,
Zepto,C05106,Chennai,Tamil Nadu,,2024-11-02,
Zepto,C05107,Hyderabad,Telangana,,2023-11-02,
Zepto,C05108,Ahmedabad,Gujarat,,2023-10-28,
Zepto,C05109,Bengaluru,Karnataka,,2023-09-07,
Zepto,C05110,Ahmedabad,Gujarat,,2023-07-10,
Zepto,C05111,Pune,Maharashtra,,2024-07-17,
Zepto,C05112,Hyderabad,Telangana,,2024-09-27,
Zepto,C05113,Chennai,Tamil Nadu,,2024-06-15,
Zepto,C05114,Hyderabad,Telangana,,2024-07-14,
Zepto,C05115,Hyderabad,Telangana,,2023-05-29,
Zepto,C05116,Kolkata,West Bengal,,2023-09-19,
Zepto,C05117,Chennai,Tamil Nadu,,2024-06-13,
Zepto,C05118,Ahmedabad,Gujarat,,2023-04-01,
Zepto,C05119,Pune,Maharashtra,,2023-12-20,
Zepto,C05120,Delhi,Delhi,,2023-09-24,
Zepto,C05121,Delhi,Delhi,,2023-10-03,
Zepto,C05122,Delhi,Delhi,,2024-12-24,
Zepto,C05123,Kolkata,West Bengal,,2024-07-05,
Zepto,C05124,Hyderabad,Telangana,,2024-01-20,
Zepto,C05125,Mumbai,Maharashtra,,2023-12-07,
Zepto,C05126,Chennai,Tamil Nadu,,2023-06-29,
Zepto,C05127,Hyderabad,Telangana,,2024-05-26,
Zepto,C05128,Chennai,Tamil Nadu,,2024-11-23,
Zepto,C05129,Pune,Maharashtra,,2024-11-21,
Zepto,C05130,Delhi,Delhi,,2023-04-05,
Zepto,C05131,Hyderabad,Telangana,,2024-06-19,
Zepto,C05132,Delhi,Delhi,,2024-10-29,
Zepto,C05133,Jaipur,Rajasthan,,2024-01-12,
Zepto,C05134,Ahmedabad,Gujarat,,2023-01-22,
Zepto,C05135,Lucknow,Uttar Pradesh,,2023-03-29,
Zepto,C05136,Hyderabad,Telangana,,2024-02-26,
Zepto,C05137,Chennai,Tamil Nadu,,2024-07-29,
Zepto,C05138,Mumbai,Maharashtra,,2024-12-08,
Zepto,C05139,Lucknow,Uttar Pradesh,,2023-12-10,
Zepto,C05140,Chennai,Tamil Nadu,,2023-10-19,
Zepto,C05141,Bengaluru,Karnataka,,2023-03-28,
Zepto,C05142,Bengaluru,Karnataka,,2024-05-27,
Zepto,C05143,Ahmedabad,Gujarat,,2023-07-29,
Zepto,C05144,Pune,Maharashtra,,2024-08-22,
Zepto,C05145,Hyderabad,Telangana,,2024-07-18,
Zepto,C05146,Lucknow,Uttar Pradesh,,2024-05-13,
Zepto,C05147,Ahmedabad,Gujarat,,2024-07-23,
Zepto,C05148,Ahmedabad,Gujarat,,2024-02-19,
Zepto,C05149,Chennai,Tamil Nadu,,2024-07-26,
Zepto,C05150,Hyderabad,Telangana,,2023-11-17,
Zepto,C05151,Ahmedabad,Gujarat,,2023-06-23,
Zepto,C05152,Ahmedabad,Gujarat,,2024-08-10,
Zepto,C05153,Kolkata,West Bengal,,2023-11-30,
Zepto,C05154,Delhi,Delhi,,2023-03-26,
Zepto,C05155,Jaipur,Rajasthan,,2024-04-24,
Zepto,C05156,Ahmedabad,Gujarat,,2024-08-13,
Zepto,C05157,Kolkata,West Bengal,,2023-09-21,
Zepto,C05158,Jaipur,Rajasthan,,2023-09-04,
Zepto,C05159,Bengaluru,Karnataka,,2023-11-06,
Zepto,C05160,Pune,Maharashtra,,2024-12-28,
Zepto,C05161,Ahmedabad,Gujarat,,2023-10-27,
Zepto,C05162,Jaipur,Rajasthan,,2024-07-27,
Zepto,C05163,Delhi,Delhi,,2023-06-10,
Zepto,C05164,Bengaluru,Karnataka,,2024-02-20,
Zepto,C05165,Kolkata,West Bengal,,2024-02-26,
Zepto,C05166,Jaipur,Rajasthan,,2023-08-09,
Zepto,C05167,Kolkata,West Bengal,,2024-11-15,
Zepto,C05168,Mumbai,Maharashtra,,2023-07-13,
Zepto,C05169,Ahmedabad,Gujarat,,2023-02-17,
Zepto,C05170,Jaipur,Rajasthan,,2024-03-02,
Zepto,C05171,Mumbai,Maharashtra,,2024-08-07,
Zepto,C05172,Bengaluru,Karnataka,,2024-11-19,
Zepto,C05173,Bengaluru,Karnataka,,2024-09-22,
Zepto,C05174,Chennai,Tamil Nadu,,2023-12-15,
Zepto,C05175,Kolkata,West Bengal,,2024-01-05,
Zepto,C05176,Delhi,Delhi,,2024-04-02,
Zepto,C05177,Mumbai,Maharashtra,,2023-02-11,
Zepto,C05178,Mumbai,Maharashtra,,2023-07-10,
Zepto,C05179,Mumbai,Maharashtra,,2023-08-10,
Zepto,C05180,Ahmedabad,Gujarat,,2023-08-17,
Zepto,C05181,Chennai,Tamil Nadu,,2023-02-10,
Zepto,C05182,Pune,Maharashtra,,2023-05-31,
Zepto,C05183,Pune,Maharashtra,,2023-05-06,
Zepto,C05184,Lucknow,Uttar Pradesh,,2024-08-30,
Zepto,C05185,Kolkata,West Bengal,,2024-02-22,
Zepto,C05186,Hyderabad,Telangana,,2023-08-11,
Zepto,C05187,Kolkata,West Bengal,,2023-06-13,
Zepto,C05188,Ahmedabad,Gujarat,,2024-11-21,
Zepto,C05189,Delhi,Delhi,,2023-02-06,
Zepto,C05190,Mumbai,Maharashtra,,2024-07-10,
Zepto,C05191,Mumbai,Maharashtra,,2023-07-29,
Zepto,C05192,Hyderabad,Telangana,,2024-11-30,
Zepto,C05193,Pune,Maharashtra,,2024-02-13,
Zepto,C05194,Mumbai,Maharashtra,,2023-10-03,
Zepto,C05195,Pune,Maharashtra,,2024-12-04,
Zepto,C05196,Jaipur,Rajasthan,,2023-01-17,
Zepto,C05197,Chennai,Tamil Nadu,,2023-11-06,
Zepto,C05198,Hyderabad,Telangana,,2024-04-19,
Zepto,C05199,Hyderabad,Telangana,,2024-12-31,
Zepto,C05200,Kolkata,West Bengal,,2024-06-18,
Zepto,C05201,Jaipur,Rajasthan,,2024-07-23,
Zepto,C05202,Lucknow,Uttar Pradesh,,2024-09-13,
Zepto,C05203,Pune,Maharashtra,,2023-01-24,
Zepto,C05204,Lucknow,Uttar Pradesh,,2024-11-21,
Zepto,C05205,Bengaluru,Karnataka,,2023-12-06,
Zepto,C05206,Jaipur,Rajasthan,,2024-02-19,
Zepto,C05207,Ahmedabad,Gujarat,,2024-03-03,
Zepto,C05208,Jaipur,Rajasthan,,2024-03-14,
Zepto,C05209,Delhi,Delhi,,2023-01-01,
Zepto,C05210,Ahmedabad,Gujarat,,2024-01-26,
Zepto,C05211,Kolkata,West Bengal,,2023-09-05,
Zepto,C05212,Hyderabad,Telangana,,2024-09-02,
Zepto,C05213,Mumbai,Maharashtra,,2023-07-25,
Zepto,C05214,Kolkata,West Bengal,,2024-01-06,
Zepto,C05215,Jaipur,Rajasthan,,2024-05-17,
Zepto,C05216,Mumbai,Maharashtra,,2024-11-09,
Zepto,C05217,Hyderabad,Telangana,,2024-11-30,
Zepto,C05218,Hyderabad,Telangana,,2024-12-22,
Zepto,C05219,Ahmedabad,Gujarat,,2023-10-02,
Zepto,C05220,Kolkata,West Bengal,,2023-01-06,
Zepto,C05221,Chennai,Tamil Nadu,,2024-07-15,
Zepto,C05222,Ahmedabad,Gujarat,,2023-08-01,
Zepto,C05223,Jaipur,Rajasthan,,2024-08-07,
Zepto,C05224,Chennai,Tamil Nadu,,2023-04-04,
Zepto,C05225,Mumbai,Maharashtra,,2024-09-05,
Zepto,C05226,Pune,Maharashtra,,2024-10-15,
Zepto,C05227,Hyderabad,Telangana,,2023-10-06,
Zepto,C05228,Ahmedabad,Gujarat,,2023-08-07,
Zepto,C05229,Pune,Maharashtra,,2023-05-14,
Zepto,C05230,Kolkata,West Bengal,,2023-12-20,
Zepto,C05231,Ahmedabad,Gujarat,,2024-03-29,
Zepto,C05232,Jaipur,Rajasthan,,2023-08-31,
Zepto,C05233,Mumbai,Maharashtra,,2024-09-12,
Zepto,C05234,Mumbai,Maharashtra,,2024-02-09,
Zepto,C05235,Jaipur,Rajasthan,,2024-08-07,
Zepto,C05236,Bengaluru,Karnataka,,2023-09-29,
Zepto,C05237,Kolkata,West Bengal,,2024-09-01,
Zepto,C05238,Pune,Maharashtra,,2024-02-03,
Zepto,C05239,Jaipur,Rajasthan,,2024-07-13,
Zepto,C05240,Lucknow,Uttar Pradesh,,2023-10-25,
Zepto,C05241,Mumbai,Maharashtra,,2023-08-06,
Zepto,C05242,Kolkata,West Bengal,,2024-08-19,
Zepto,C05243,Delhi,Delhi,,2023-12-13,
Zepto,C05244,Pune,Maharashtra,,2023-12-26,
Zepto,C05245,Lucknow,Uttar Pradesh,,2024-10-16,
Zepto,C05246,Lucknow,Uttar Pradesh,,2023-08-15,
Zepto,C05247,Kolkata,West Bengal,,2024-11-08,
Zepto,C05248,Pune,Maharashtra,,2023-11-20,
Zepto,C05249,Hyderabad,Telangana,,2024-06-15,
Zepto,C05250,Pune,Maharashtra,,2024-04-21,
Zepto,C05251,Mumbai,Maharashtra,,2024-01-30,
Zepto,C05252,Delhi,Delhi,,2023-07-14,
Zepto,C05253,Delhi,Delhi,,2024-08-12,
Zepto,C05254,Kolkata,West Bengal,,2024-06-29,
Zepto,C05255,Ahmedabad,Gujarat,,2023-03-20,
Zepto,C05256,Lucknow,Uttar Pradesh,,2023-06-01,
Zepto,C05257,Pune,Maharashtra,,2023-01-18,
Zepto,C05258,Lucknow,Uttar Pradesh,,2023-08-14,
Zepto,C05259,Lucknow,Uttar Pradesh,,2023-12-28,
Zepto,C05260,Mumbai,Maharashtra,,2024-11-12,
Zepto,C05261,Ahmedabad,Gujarat,,2024-05-22,
Zepto,C05262,Ahmedabad,Gujarat,,2023-09-19,
Zepto,C05263,Bengaluru,Karnataka,,2024-02-29,
Zepto,C05264,Lucknow,Uttar Pradesh,,2024-01-15,
Zepto,C05265,Bengaluru,Karnataka,,2023-04-23,
Zepto,C05266,Delhi,Delhi,,2024-07-09,
Zepto,C05267,Hyderabad,Telangana,,2024-11-26,
Zepto,C05268,Pune,Maharashtra,,2024-01-01,
Zepto,C05269,Mumbai,Maharashtra,,2024-03-15,
Zepto,C05270,Pune,Maharashtra,,2024-09-06,
Zepto,C05271,Mumbai,Maharashtra,,2024-08-19,
Zepto,C05272,Mumbai,Maharashtra,,2023-10-23,
Zepto,C05273,Bengaluru,Karnataka,,2023-02-20,
Zepto,C05274,Chennai,Tamil Nadu,,2023-04-16,
Zepto,C05275,Mumbai,Maharashtra,,2024-07-08,
Zepto,C05276,Mumbai,Maharashtra,,2024-07-19,
Zepto,C05277,Chennai,Tamil Nadu,,2024-08-02,
Zepto,C05278,Jaipur,Rajasthan,,2023-02-05,
Zepto,C05279,Kolkata,West Bengal,,2024-08-31,
Zepto,C05280,Lucknow,Uttar Pradesh,,2024-10-31,
Zepto,C05281,Delhi,Delhi,,2023-11-09,
Zepto,C05282,Ahmedabad,Gujarat,,2024-10-28,
Zepto,C05283,Jaipur,Rajasthan,,2023-10-22,
Zepto,C05284,Pune,Maharashtra,,2023-07-19,
Zepto,C05285,Ahmedabad,Gujarat,,2023-05-23,
Zepto,C05286,Kolkata,West Bengal,,2024-06-15,
Zepto,C05287,Bengaluru,Karnataka,,2024-09-15,
Zepto,C05288,Kolkata,West Bengal,,2023-05-21,
Zepto,C05289,Chennai,Tamil Nadu,,2024-09-03,
Zepto,C05290,Jaipur,Rajasthan,,2024-08-31,
Zepto,C05291,Kolkata,West Bengal,,2023-06-11,
Zepto,C05292,Pune,Maharashtra,,2024-05-24,
Zepto,C05293,Pune,Maharashtra,,2023-06-01,
Zepto,C05294,Kolkata,West Bengal,,2023-02-04,
Zepto,C05295,Lucknow,Uttar Pradesh,,2023-11-13,
Zepto,C05296,Pune,Maharashtra,,2023-02-27,
Zepto,C05297,Pune,Maharashtra,,2023-07-23,
Zepto,C05298,Kolkata,West Bengal,,2023-01-18,
Zepto,C05299,Hyderabad,Telangana,,2023-06-03,
Zepto,C05300,Lucknow,Uttar Pradesh,,2023-10-05,
Zepto,C05301,Delhi,Delhi,,2023-10-15,
Zepto,C05302,Hyderabad,Telangana,,2024-11-28,
Zepto,C05303,Chennai,Tamil Nadu,,2023-02-16,
Zepto,C05304,Bengaluru,Karnataka,,2023-08-22,
Zepto,C05305,Jaipur,Rajasthan,,2023-03-24,
Zepto,C05306,Kolkata,West Bengal,,2023-06-04,
Zepto,C05307,Jaipur,Rajasthan,,2024-09-23,
Zepto,C05308,Ahmedabad,Gujarat,,2023-10-17,
Zepto,C05309,Jaipur,Rajasthan,,2024-06-19,
Zepto,C05310,Bengaluru,Karnataka,,2023-11-19,
Zepto,C05311,Hyderabad,Telangana,,2023-12-01,
Zepto,C05312,Bengaluru,Karnataka,,2024-07-20,
Zepto,C05313,Pune,Maharashtra,,2024-01-10,
Zepto,C05314,Bengaluru,Karnataka,,2023-01-08,
Zepto,C05315,Kolkata,West Bengal,,2024-12-26,
Zepto,C05316,Chennai,Tamil Nadu,,2023-11-25,
Zepto,C05317,Mumbai,Maharashtra,,2024-10-02,
Zepto,C05318,Kolkata,West Bengal,,2024-07-22,
Zepto,C05319,Kolkata,West Bengal,,2023-05-12,
Zepto,C05320,Chennai,Tamil Nadu,,2023-09-27,
Zepto,C05321,Delhi,Delhi,,2023-10-12,
Zepto,C05322,Kolkata,West Bengal,,2023-11-10,
Zepto,C05323,Hyderabad,Telangana,,2023-03-12,
Zepto,C05324,Pune,Maharashtra,,2023-08-21,
Zepto,C05325,Bengaluru,Karnataka,,2024-09-29,
Zepto,C05326,Mumbai,Maharashtra,,2023-07-30,
Zepto,C05327,Ahmedabad,Gujarat,,2024-01-09,
Zepto,C05328,Delhi,Delhi,,2024-06-27,
Zepto,C05329,Jaipur,Rajasthan,,2024-02-18,
Zepto,C05330,Bengaluru,Karnataka,,2024-05-26,
Zepto,C05331,Jaipur,Rajasthan,,2023-05-11,
Zepto,C05332,Hyderabad,Telangana,,2023-05-01,
Zepto,C05333,Pune,Maharashtra,,2023-09-28,
Zepto,C05334,Hyderabad,Telangana,,2024-12-03,
Zepto,C05335,Jaipur,Rajasthan,,2024-04-19,
Zepto,C05336,Chennai,Tamil Nadu,,2023-01-07,
Zepto,C05337,Pune,Maharashtra,,2024-02-16,
Zepto,C05338,Bengaluru,Karnataka,,2024-07-16,
Zepto,C05339,Jaipur,Rajasthan,,2023-05-11,
Zepto,C05340,Kolkata,West Bengal,,2024-07-04,
Zepto,C05341,Bengaluru,Karnataka,,2024-03-12,
Zepto,C05342,Chennai,Tamil Nadu,,2024-01-04,
Zepto,C05343,Kolkata,West Bengal,,2024-02-15,
Zepto,C05344,Delhi,Delhi,,2023-07-06,
Zepto,C05345,Jaipur,Rajasthan,,2023-10-11,
Zepto,C05346,Chennai,Tamil Nadu,,2024-03-19,
Zepto,C05347,Delhi,Delhi,,2023-01-30,
Zepto,C05348,Ahmedabad,Gujarat,,2024-12-25,
Zepto,C05349,Kolkata,West Bengal,,2023-09-16,
Zepto,C05350,Lucknow,Uttar Pradesh,,2023-12-25,
Zepto,C05351,Bengaluru,Karnataka,,2023-03-17,
Zepto,C05352,Delhi,Delhi,,2023-08-02,
Zepto,C05353,Bengaluru,Karnataka,,2024-05-15,
Zepto,C05354,Ahmedabad,Gujarat,,2024-01-10,
Zepto,C05355,Delhi,Delhi,,2023-08-02,
Zepto,C05356,Delhi,Delhi,,2024-08-21,
Zepto,C05357,Jaipur,Rajasthan,,2023-11-01,
Zepto,C05358,Hyderabad,Telangana,,2024-09-14,
Zepto,C05359,Pune,Maharashtra,,2023-01-29,
Zepto,C05360,Delhi,Delhi,,2023-12-09,
Zepto,C05361,Hyderabad,Telangana,,2024-02-27,
Zepto,C05362,Lucknow,Uttar Pradesh,,2024-09-10,
Zepto,C05363,Kolkata,West Bengal,,2023-04-10,
Zepto,C05364,Chennai,Tamil Nadu,,2024-10-05,
Zepto,C05365,Hyderabad,Telangana,,2024-06-27,
Zepto,C05366,Kolkata,West Bengal,,2024-04-17,
Zepto,C05367,Lucknow,Uttar Pradesh,,2024-11-22,
Zepto,C05368,Ahmedabad,Gujarat,,2023-07-05,
Zepto,C05369,Pune,Maharashtra,,2024-06-05,
Zepto,C05370,Chennai,Tamil Nadu,,2024-01-07,
Zepto,C05371,Pune,Maharashtra,,2024-01-06,
Zepto,C05372,Ahmedabad,Gujarat,,2023-01-08,
Zepto,C05373,Delhi,Delhi,,2024-04-22,
Zepto,C05374,Mumbai,Maharashtra,,2024-08-23,
Zepto,C05375,Jaipur,Rajasthan,,2024-10-18,
Zepto,C05376,Pune,Maharashtra,,2024-11-20,
Zepto,C05377,Kolkata,West Bengal,,2024-05-05,
Zepto,C05378,Kolkata,West Bengal,,2023-10-08,
Zepto,C05379,Bengaluru,Karnataka,,2024-05-16,
Zepto,C05380,Lucknow,Uttar Pradesh,,2024-02-08,
Zepto,C05381,Kolkata,West Bengal,,2024-09-25,
Zepto,C05382,Pune,Maharashtra,,2023-12-29,
Zepto,C05383,Mumbai,Maharashtra,,2024-10-15,
Zepto,C05384,Ahmedabad,Gujarat,,2024-05-22,
Zepto,C05385,Jaipur,Rajasthan,,2024-09-17,
Zepto,C05386,Pune,Maharashtra,,2023-01-28,
Zepto,C05387,Ahmedabad,Gujarat,,2024-06-21,
Zepto,C05388,Jaipur,Rajasthan,,2024-01-16,
Zepto,C05389,Delhi,Delhi,,2023-09-11,
Zepto,C05390,Mumbai,Maharashtra,,2024-12-14,
Zepto,C05391,Mumbai,Maharashtra,,2023-10-09,
Zepto,C05392,Hyderabad,Telangana,,2023-06-30,
Zepto,C05393,Kolkata,West Bengal,,2024-01-05,
Zepto,C05394,Kolkata,West Bengal,,2023-07-30,
Zepto,C05395,Kolkata,West Bengal,,2023-09-30,
Zepto,C05396,Ahmedabad,Gujarat,,2023-07-21,
Zepto,C05397,Lucknow,Uttar Pradesh,,2023-05-31,
Zepto,C05398,Mumbai,Maharashtra,,2023-04-01,
Zepto,C05399,Jaipur,Rajasthan,,2023-04-23,
Zepto,C05400,Chennai,Tamil Nadu,,2024-08-29,
Zepto,C05401,Jaipur,Rajasthan,,2023-07-21,
Zepto,C05402,Hyderabad,Telangana,,2023-11-26,
Zepto,C05403,Jaipur,Rajasthan,,2024-08-27,
Zepto,C05404,Bengaluru,Karnataka,,2024-02-24,
Zepto,C05405,Jaipur,Rajasthan,,2024-04-26,
Zepto,C05406,Jaipur,Rajasthan,,2024-11-27,
Zepto,C05407,Delhi,Delhi,,2023-08-12,
Zepto,C05408,Chennai,Tamil Nadu,,2024-01-08,
Zepto,C05409,Hyderabad,Telangana,,2023-09-12,
Zepto,C05410,Jaipur,Rajasthan,,2023-01-12,
Zepto,C05411,Kolkata,West Bengal,,2024-10-18,
Zepto,C05412,Mumbai,Maharashtra,,2024-05-22,
Zepto,C05413,Chennai,Tamil Nadu,,2024-03-27,
Zepto,C05414,Hyderabad,Telangana,,2023-09-18,
Zepto,C05415,Chennai,Tamil Nadu,,2024-12-07,
Zepto,C05416,Bengaluru,Karnataka,,2024-06-10,
Zepto,C05417,Jaipur,Rajasthan,,2024-06-02,
Zepto,C05418,Kolkata,West Bengal,,2024-05-19,
Zepto,C05419,Chennai,Tamil Nadu,,2023-02-12,
Zepto,C05420,Hyderabad,Telangana,,2023-01-25,
Zepto,C05421,Kolkata,West Bengal,,2023-01-06,
Zepto,C05422,Delhi,Delhi,,2024-01-06,
Zepto,C05423,Lucknow,Uttar Pradesh,,2024-11-05,
Zepto,C05424,Lucknow,Uttar Pradesh,,2023-06-19,
Zepto,C05425,Hyderabad,Telangana,,2023-01-31,
Zepto,C05426,Chennai,Tamil Nadu,,2023-03-03,
Zepto,C05427,Delhi,Delhi,,2023-05-30,
Zepto,C05428,Mumbai,Maharashtra,,2023-01-23,
Zepto,C05429,Bengaluru,Karnataka,,2024-12-17,
Zepto,C05430,Chennai,Tamil Nadu,,2024-06-25,
Zepto,C05431,Pune,Maharashtra,,2023-11-01,
Zepto,C05432,Pune,Maharashtra,,2024-03-30,
Zepto,C05433,Jaipur,Rajasthan,,2023-06-03,
Zepto,C05434,Pune,Maharashtra,,2023-03-28,
Zepto,C05435,Jaipur,Rajasthan,,2023-05-22,
Zepto,C05436,Jaipur,Rajasthan,,2023-12-18,
Zepto,C05437,Jaipur,Rajasthan,,2024-06-22,
Zepto,C05438,Mumbai,Maharashtra,,2024-06-09,
Zepto,C05439,Pune,Maharashtra,,2023-11-07,
Zepto,C05440,Mumbai,Maharashtra,,2024-12-26,
Zepto,C05441,Pune,Maharashtra,,2023-02-01,
Zepto,C05442,Kolkata,West Bengal,,2024-12-29,
Zepto,C05443,Ahmedabad,Gujarat,,2024-02-27,
Zepto,C05444,Hyderabad,Telangana,,2024-01-13,
Zepto,C05445,Jaipur,Rajasthan,,2024-12-29,
Zepto,C05446,Chennai,Tamil Nadu,,2024-04-02,
Zepto,C05447,Bengaluru,Karnataka,,2024-01-14,
Zepto,C05448,Bengaluru,Karnataka,,2023-10-23,
Zepto,C05449,Mumbai,Maharashtra,,2023-01-18,
Zepto,C05450,Lucknow,Uttar Pradesh,,2023-10-19,
Zepto,C05451,Ahmedabad,Gujarat,,2023-09-29,
Zepto,C05452,Pune,Maharashtra,,2024-03-07,
Zepto,C05453,Hyderabad,Telangana,,2023-12-18,
Zepto,C05454,Lucknow,Uttar Pradesh,,2023-01-22,
Zepto,C05455,Ahmedabad,Gujarat,,2023-06-01,
Zepto,C05456,Chennai,Tamil Nadu,,2024-01-12,
Zepto,C05457,Mumbai,Maharashtra,,2023-02-27,
Zepto,C05458,Chennai,Tamil Nadu,,2023-12-28,
Zepto,C05459,Kolkata,West Bengal,,2023-07-11,
Zepto,C05460,Hyderabad,Telangana,,2023-07-28,
Zepto,C05461,Jaipur,Rajasthan,,2024-09-19,
Zepto,C05462,Delhi,Delhi,,2023-01-31,
Zepto,C05463,Ahmedabad,Gujarat,,2023-04-01,
Zepto,C05464,Delhi,Delhi,,2024-10-02,
Zepto,C05465,Jaipur,Rajasthan,,2024-01-28,
Zepto,C05466,Kolkata,West Bengal,,2023-02-06,
Zepto,C05467,Pune,Maharashtra,,2024-10-23,
Zepto,C05468,Hyderabad,Telangana,,2024-09-03,
Zepto,C05469,Bengaluru,Karnataka,,2023-02-14,
Zepto,C05470,Hyderabad,Telangana,,2024-12-03,
Zepto,C05471,Lucknow,Uttar Pradesh,,2023-02-13,
Zepto,C05472,Ahmedabad,Gujarat,,2024-06-15,
Zepto,C05473,Jaipur,Rajasthan,,2023-11-01,
Zepto,C05474,Ahmedabad,Gujarat,,2024-03-18,
Zepto,C05475,Mumbai,Maharashtra,,2024-07-10,
Zepto,C05476,Chennai,Tamil Nadu,,2023-07-10,
Zepto,C05477,Kolkata,West Bengal,,2023-11-11,
Zepto,C05478,Hyderabad,Telangana,,2024-12-01,
Zepto,C05479,Hyderabad,Telangana,,2024-03-28,
Zepto,C05480,Ahmedabad,Gujarat,,2024-03-30,
Zepto,C05481,Kolkata,West Bengal,,2024-06-23,
Zepto,C05482,Kolkata,West Bengal,,2024-09-16,
Zepto,C05483,Pune,Maharashtra,,2024-03-23,
Zepto,C05484,Mumbai,Maharashtra,,2023-06-06,
Zepto,C05485,Kolkata,West Bengal,,2023-10-02,
Zepto,C05486,Delhi,Delhi,,2023-05-05,
Zepto,C05487,Hyderabad,Telangana,,2024-11-11,
Zepto,C05488,Bengaluru,Karnataka,,2023-02-23,
Zepto,C05489,Chennai,Tamil Nadu,,2023-02-24,
Zepto,C05490,Chennai,Tamil Nadu,,2024-12-24,
Zepto,C05491,Chennai,Tamil Nadu,,2023-12-04,
Zepto,C05492,Ahmedabad,Gujarat,,2024-11-09,
Zepto,C05493,Mumbai,Maharashtra,,2023-02-25,
Zepto,C05494,Kolkata,West Bengal,,2024-10-14,
Zepto,C05495,Chennai,Tamil Nadu,,2023-08-08,
Zepto,C05496,Kolkata,West Bengal,,2023-04-20,
Zepto,C05497,Chennai,Tamil Nadu,,2023-07-01,
Zepto,C05498,Kolkata,West Bengal,,2024-03-29,
Zepto,C05499,Mumbai,Maharashtra,,2023-09-13,
Zepto,C05500,Pune,Maharashtra,,2024-11-17,
Zepto,C05501,Hyderabad,Telangana,,2023-08-18,
Zepto,C05502,Chennai,Tamil Nadu,,2023-07-12,
Zepto,C05503,Kolkata,West Bengal,,2024-02-25,
Zepto,C05504,Chennai,Tamil Nadu,,2023-05-12,
Zepto,C05505,Mumbai,Maharashtra,,2024-06-01,
Zepto,C05506,Bengaluru,Karnataka,,2023-05-10,
Zepto,C05507,Chennai,Tamil Nadu,,2024-08-17,
Zepto,C05508,Ahmedabad,Gujarat,,2023-01-20,
Zepto,C05509,Chennai,Tamil Nadu,,2023-08-09,
Zepto,C05510,Ahmedabad,Gujarat,,2024-05-05,
Zepto,C05511,Mumbai,Maharashtra,,2024-09-01,
Zepto,C05512,Ahmedabad,Gujarat,,2023-10-22,
Zepto,C05513,Hyderabad,Telangana,,2023-06-08,
Zepto,C05514,Ahmedabad,Gujarat,,2023-10-16,
Zepto,C05515,Pune,Maharashtra,,2024-02-12,
Zepto,C05516,Kolkata,West Bengal,,2023-12-31,
Zepto,C05517,Chennai,Tamil Nadu,,2024-04-09,
Zepto,C05518,Bengaluru,Karnataka,,2023-02-25,
Zepto,C05519,Ahmedabad,Gujarat,,2023-11-18,
Zepto,C05520,Kolkata,West Bengal,,2024-07-17,
Zepto,C05521,Ahmedabad,Gujarat,,2023-03-19,
Zepto,C05522,Kolkata,West Bengal,,2024-04-09,
Zepto,C05523,Hyderabad,Telangana,,2024-08-11,
Zepto,C05524,Chennai,Tamil Nadu,,2024-06-26,
Zepto,C05525,Pune,Maharashtra,,2024-04-29,
Zepto,C05526,Delhi,Delhi,,2024-12-24,
Zepto,C05527,Kolkata,West Bengal,,2024-11-30,
Zepto,C05528,Pune,Maharashtra,,2023-04-24,
Zepto,C05529,Delhi,Delhi,,2024-10-30,
Zepto,C05530,Pune,Maharashtra,,2023-04-11,
Zepto,C05531,Pune,Maharashtra,,2023-09-11,
Zepto,C05532,Pune,Maharashtra,,2024-05-08,
Zepto,C05533,Mumbai,Maharashtra,,2024-08-14,
Zepto,C05534,Hyderabad,Telangana,,2024-04-06,
Zepto,C05535,Mumbai,Maharashtra,,2023-10-04,
Zepto,C05536,Lucknow,Uttar Pradesh,,2023-06-23,
Zepto,C05537,Lucknow,Uttar Pradesh,,2024-04-26,
Zepto,C05538,Delhi,Delhi,,2024-04-09,
Zepto,C05539,Lucknow,Uttar Pradesh,,2023-04-07,
Zepto,C05540,Mumbai,Maharashtra,,2024-12-03,
Zepto,C05541,Lucknow,Uttar Pradesh,,2024-07-15,
Zepto,C05542,Kolkata,West Bengal,,2023-10-22,
Zepto,C05543,Chennai,Tamil Nadu,,2023-02-14,
Zepto,C05544,Bengaluru,Karnataka,,2023-12-09,
Zepto,C05545,Ahmedabad,Gujarat,,2024-01-27,
Zepto,C05546,Mumbai,Maharashtra,,2024-04-25,
Zepto,C05547,Ahmedabad,Gujarat,,2023-04-24,
Zepto,C05548,Kolkata,West Bengal,,2023-03-08,
Zepto,C05549,Delhi,Delhi,,2023-01-28,
Zepto,C05550,Delhi,Delhi,,2024-08-26,
Zepto,C05551,Ahmedabad,Gujarat,,2023-02-20,
Zepto,C05552,Bengaluru,Karnataka,,2024-06-24,
Zepto,C05553,Ahmedabad,Gujarat,,2023-02-20,
Zepto,C05554,Jaipur,Rajasthan,,2023-05-13,
Zepto,C05555,Lucknow,Uttar Pradesh,,2024-02-15,
Zepto,C05556,Hyderabad,Telangana,,2024-10-12,
Zepto,C05557,Delhi,Delhi,,2024-08-30,
Zepto,C05558,Hyderabad,Telangana,,2024-01-13,
Zepto,C05559,Ahmedabad,Gujarat,,2023-10-17,
Zepto,C05560,Ahmedabad,Gujarat,,2024-01-01,
Zepto,C05561,Kolkata,West Bengal,,2024-10-16,
Zepto,C05562,Bengaluru,Karnataka,,2023-04-26,
Zepto,C05563,Ahmedabad,Gujarat,,2024-04-06,
Zepto,C05564,Lucknow,Uttar Pradesh,,2024-11-13,
Zepto,C05565,Pune,Maharashtra,,2024-01-31,
Zepto,C05566,Bengaluru,Karnataka,,2023-12-26,
Zepto,C05567,Kolkata,West Bengal,,2023-09-18,
Zepto,C05568,Delhi,Delhi,,2024-08-14,
Zepto,C05569,Hyderabad,Telangana,,2023-08-04,
Zepto,C05570,Hyderabad,Telangana,,2024-07-22,
Zepto,C05571,Kolkata,West Bengal,,2024-06-27,
Zepto,C05572,Pune,Maharashtra,,2023-12-06,
Zepto,C05573,Chennai,Tamil Nadu,,2024-07-16,
Zepto,C05574,Bengaluru,Karnataka,,2024-07-25,
Zepto,C05575,Hyderabad,Telangana,,2023-10-25,
Zepto,C05576,Bengaluru,Karnataka,,2023-05-21,
Zepto,C05577,Jaipur,Rajasthan,,2024-03-17,
Zepto,C05578,Ahmedabad,Gujarat,,2024-01-18,
Zepto,C05579,Ahmedabad,Gujarat,,2024-05-09,
Zepto,C05580,Bengaluru,Karnataka,,2024-11-16,
Zepto,C05581,Pune,Maharashtra,,2023-09-11,
Zepto,C05582,Pune,Maharashtra,,2023-02-02,
Zepto,C05583,Chennai,Tamil Nadu,,2024-06-11,
Zepto,C05584,Ahmedabad,Gujarat,,2024-10-21,
Zepto,C05585,Hyderabad,Telangana,,2023-07-24,
Zepto,C05586,Mumbai,Maharashtra,,2024-06-17,
Zepto,C05587,Chennai,Tamil Nadu,,2023-08-22,
Zepto,C05588,Delhi,Delhi,,2023-01-17,
Zepto,C05589,Ahmedabad,Gujarat,,2023-09-24,
Zepto,C05590,Bengaluru,Karnataka,,2023-04-28,
Zepto,C05591,Jaipur,Rajasthan,,2024-10-17,
Zepto,C05592,Lucknow,Uttar Pradesh,,2023-09-09,
Zepto,C05593,Jaipur,Rajasthan,,2024-10-11,
Zepto,C05594,Mumbai,Maharashtra,,2023-07-13,
Zepto,C05595,Delhi,Delhi,,2024-02-26,
Zepto,C05596,Pune,Maharashtra,,2023-10-18,
Zepto,C05597,Hyderabad,Telangana,,2023-12-16,
Zepto,C05598,Lucknow,Uttar Pradesh,,2023-10-19,
Zepto,C05599,Chennai,Tamil Nadu,,2023-08-23,
Zepto,C05600,Pune,Maharashtra,,2023-09-23,
Zepto,C05601,Lucknow,Uttar Pradesh,,2024-06-22,
Zepto,C05602,Delhi,Delhi,,2024-02-05,
Zepto,C05603,Delhi,Delhi,,2023-07-01,
Zepto,C05604,Ahmedabad,Gujarat,,2023-12-13,
Zepto,C05605,Pune,Maharashtra,,2024-03-22,
Zepto,C05606,Chennai,Tamil Nadu,,2023-05-05,
Zepto,C05607,Mumbai,Maharashtra,,2023-05-24,
Zepto,C05608,Pune,Maharashtra,,2024-03-17,
Zepto,C05609,Delhi,Delhi,,2024-11-13,
Zepto,C05610,Pune,Maharashtra,,2023-07-01,
Zepto,C05611,Delhi,Delhi,,2024-10-20,
Zepto,C05612,Chennai,Tamil Nadu,,2024-05-30,
Zepto,C05613,Hyderabad,Telangana,,2024-06-09,
Zepto,C05614,Delhi,Delhi,,2023-10-19,
Zepto,C05615,Bengaluru,Karnataka,,2024-12-28,
Zepto,C05616,Bengaluru,Karnataka,,2023-02-22,
Zepto,C05617,Lucknow,Uttar Pradesh,,2024-05-30,
Zepto,C05618,Chennai,Tamil Nadu,,2024-07-10,
Zepto,C05619,Delhi,Delhi,,2023-09-11,
Zepto,C05620,Kolkata,West Bengal,,2023-11-16,
Zepto,C05621,Hyderabad,Telangana,,2023-06-03,
Zepto,C05622,Hyderabad,Telangana,,2023-03-05,
Zepto,C05623,Kolkata,West Bengal,,2024-06-30,
Zepto,C05624,Mumbai,Maharashtra,,2023-05-09,
Zepto,C05625,Ahmedabad,Gujarat,,2023-03-25,
Zepto,C05626,Hyderabad,Telangana,,2023-09-17,
Zepto,C05627,Ahmedabad,Gujarat,,2024-04-30,
Zepto,C05628,Hyderabad,Telangana,,2024-10-29,
Zepto,C05629,Kolkata,West Bengal,,2024-04-26,
Zepto,C05630,Ahmedabad,Gujarat,,2023-05-18,
Zepto,C05631,Chennai,Tamil Nadu,,2024-12-05,
Zepto,C05632,Pune,Maharashtra,,2023-03-16,
Zepto,C05633,Chennai,Tamil Nadu,,2024-04-18,
Zepto,C05634,Chennai,Tamil Nadu,,2023-03-08,
Zepto,C05635,Bengaluru,Karnataka,,2024-05-12,
Zepto,C05636,Hyderabad,Telangana,,2024-07-22,
Zepto,C05637,Lucknow,Uttar Pradesh,,2023-07-15,
Zepto,C05638,Jaipur,Rajasthan,,2024-10-28,
Zepto,C05639,Chennai,Tamil Nadu,,2023-07-04,
Zepto,C05640,Delhi,Delhi,,2024-06-17,
Zepto,C05641,Delhi,Delhi,,2024-03-12,
Zepto,C05642,Hyderabad,Telangana,,2023-11-23,
Zepto,C05643,Mumbai,Maharashtra,,2024-04-25,
Zepto,C05644,Jaipur,Rajasthan,,2023-11-01,
Zepto,C05645,Hyderabad,Telangana,,2023-12-21,
Zepto,C05646,Bengaluru,Karnataka,,2023-03-14,
Zepto,C05647,Pune,Maharashtra,,2023-03-16,
Zepto,C05648,Chennai,Tamil Nadu,,2023-06-25,
Zepto,C05649,Hyderabad,Telangana,,2023-07-13,
Zepto,C05650,Lucknow,Uttar Pradesh,,2024-02-28,
Zepto,C05651,Mumbai,Maharashtra,,2024-09-02,
Zepto,C05652,Kolkata,West Bengal,,2023-08-23,
Zepto,C05653,Mumbai,Maharashtra,,2023-09-15,
Zepto,C05654,Bengaluru,Karnataka,,2023-08-31,
Zepto,C05655,Jaipur,Rajasthan,,2024-04-22,
Zepto,C05656,Delhi,Delhi,,2023-05-24,
Zepto,C05657,Lucknow,Uttar Pradesh,,2024-10-31,
Zepto,C05658,Ahmedabad,Gujarat,,2024-11-29,
Zepto,C05659,Ahmedabad,Gujarat,,2023-11-21,
Zepto,C05660,Hyderabad,Telangana,,2023-03-14,
Zepto,C05661,Hyderabad,Telangana,,2023-04-18,
Zepto,C05662,Mumbai,Maharashtra,,2024-03-18,
Zepto,C05663,Mumbai,Maharashtra,,2023-08-29,
Zepto,C05664,Kolkata,West Bengal,,2023-11-01,
Zepto,C05665,Bengaluru,Karnataka,,2023-03-11,
Zepto,C05666,Mumbai,Maharashtra,,2024-07-11,
Zepto,C05667,Kolkata,West Bengal,,2023-03-06,
Zepto,C05668,Hyderabad,Telangana,,2023-07-08,
Zepto,C05669,Mumbai,Maharashtra,,2023-08-03,
Zepto,C05670,Ahmedabad,Gujarat,,2023-09-19,
Zepto,C05671,Mumbai,Maharashtra,,2024-02-26,
Zepto,C05672,Kolkata,West Bengal,,2023-01-02,
Zepto,C05673,Hyderabad,Telangana,,2023-12-11,
Zepto,C05674,Mumbai,Maharashtra,,2024-04-28,
Zepto,C05675,Kolkata,West Bengal,,2024-12-10,
Zepto,C05676,Jaipur,Rajasthan,,2024-09-06,
Zepto,C05677,Ahmedabad,Gujarat,,2024-05-17,
Zepto,C05678,Hyderabad,Telangana,,2024-05-27,
Zepto,C05679,Lucknow,Uttar Pradesh,,2024-07-03,
Zepto,C05680,Bengaluru,Karnataka,,2023-02-12,
Zepto,C05681,Pune,Maharashtra,,2023-04-30,
Zepto,C05682,Kolkata,West Bengal,,2024-06-06,
Zepto,C05683,Jaipur,Rajasthan,,2024-12-03,
Zepto,C05684,Mumbai,Maharashtra,,2023-09-11,
Zepto,C05685,Pune,Maharashtra,,2024-09-26,
Zepto,C05686,Pune,Maharashtra,,2023-09-02,
Zepto,C05687,Chennai,Tamil Nadu,,2024-09-07,
Zepto,C05688,Lucknow,Uttar Pradesh,,2023-11-20,
Zepto,C05689,Kolkata,West Bengal,,2024-04-12,
Zepto,C05690,Delhi,Delhi,,2023-12-30,
Zepto,C05691,Mumbai,Maharashtra,,2024-12-04,
Zepto,C05692,Pune,Maharashtra,,2023-10-01,
Zepto,C05693,Lucknow,Uttar Pradesh,,2024-11-24,
Zepto,C05694,Jaipur,Rajasthan,,2024-07-04,
Zepto,C05695,Mumbai,Maharashtra,,2023-02-09,
Zepto,C05696,Lucknow,Uttar Pradesh,,2023-11-14,
Zepto,C05697,Kolkata,West Bengal,,2023-04-19,
Zepto,C05698,Chennai,Tamil Nadu,,2023-04-08,
Zepto,C05699,Delhi,Delhi,,2024-06-18,
Zepto,C05700,Bengaluru,Karnataka,,2023-10-27,
Zepto,C05701,Jaipur,Rajasthan,,2024-02-29,
Zepto,C05702,Jaipur,Rajasthan,,2024-04-19,
Zepto,C05703,Ahmedabad,Gujarat,,2023-02-18,
Zepto,C05704,Ahmedabad,Gujarat,,2023-09-08,
Zepto,C05705,Lucknow,Uttar Pradesh,,2024-09-20,
Zepto,C05706,Hyderabad,Telangana,,2024-10-16,
Zepto,C05707,Ahmedabad,Gujarat,,2024-03-28,
Zepto,C05708,Bengaluru,Karnataka,,2023-09-25,
Zepto,C05709,Chennai,Tamil Nadu,,2024-06-24,
Zepto,C05710,Kolkata,West Bengal,,2023-10-23,
Zepto,C05711,Pune,Maharashtra,,2024-12-06,
Zepto,C05712,Bengaluru,Karnataka,,2024-04-19,
Zepto,C05713,Mumbai,Maharashtra,,2023-01-23,
Zepto,C05714,Chennai,Tamil Nadu,,2023-07-22,
Zepto,C05715,Chennai,Tamil Nadu,,2023-01-30,
Zepto,C05716,Bengaluru,Karnataka,,2023-07-30,
Zepto,C05717,Delhi,Delhi,,2023-04-27,
Zepto,C05718,Ahmedabad,Gujarat,,2023-04-15,
Zepto,C05719,Pune,Maharashtra,,2023-05-12,
Zepto,C05720,Kolkata,West Bengal,,2024-03-24,
Zepto,C05721,Bengaluru,Karnataka,,2023-11-20,
Zepto,C05722,Pune,Maharashtra,,2024-11-15,
Zepto,C05723,Kolkata,West Bengal,,2024-12-19,
Zepto,C05724,Pune,Maharashtra,,2023-08-03,
Zepto,C05725,Jaipur,Rajasthan,,2023-05-11,
Zepto,C05726,Lucknow,Uttar Pradesh,,2024-08-17,
Zepto,C05727,Hyderabad,Telangana,,2023-12-22,
Zepto,C05728,Jaipur,Rajasthan,,2023-02-27,
Zepto,C05729,Pune,Maharashtra,,2023-01-29,
Zepto,C05730,Jaipur,Rajasthan,,2023-04-01,
Zepto,C05731,Bengaluru,Karnataka,,2024-01-02,
Zepto,C05732,Chennai,Tamil Nadu,,2023-10-20,
Zepto,C05733,Hyderabad,Telangana,,2023-02-04,
Zepto,C05734,Kolkata,West Bengal,,2023-01-09,
Zepto,C05735,Kolkata,West Bengal,,2023-11-01,
Zepto,C05736,Ahmedabad,Gujarat,,2024-01-08,
Zepto,C05737,Jaipur,Rajasthan,,2023-12-27,
Zepto,C05738,Delhi,Delhi,,2023-01-23,
Zepto,C05739,Chennai,Tamil Nadu,,2023-12-29,
Zepto,C05740,Mumbai,Maharashtra,,2024-08-10,
Zepto,C05741,Ahmedabad,Gujarat,,2023-02-01,
Zepto,C05742,Pune,Maharashtra,,2024-11-15,
Zepto,C05743,Mumbai,Maharashtra,,2023-08-11,
Zepto,C05744,Lucknow,Uttar Pradesh,,2023-11-01,
Zepto,C05745,Chennai,Tamil Nadu,,2023-06-08,
Zepto,C05746,Kolkata,West Bengal,,2023-04-03,
Zepto,C05747,Pune,Maharashtra,,2023-11-10,
Zepto,C05748,Delhi,Delhi,,2023-06-27,
Zepto,C05749,Bengaluru,Karnataka,,2024-03-25,
Zepto,C05750,Chennai,Tamil Nadu,,2023-01-25,
Zepto,C05751,Bengaluru,Karnataka,,2024-05-02,
Zepto,C05752,Mumbai,Maharashtra,,2024-11-13,
Zepto,C05753,Pune,Maharashtra,,2024-11-10,
Zepto,C05754,Hyderabad,Telangana,,2024-05-31,
Zepto,C05755,Bengaluru,Karnataka,,2024-06-28,
Zepto,C05756,Chennai,Tamil Nadu,,2024-11-26,
Zepto,C05757,Bengaluru,Karnataka,,2024-03-28,
Zepto,C05758,Hyderabad,Telangana,,2024-10-01,
Zepto,C05759,Ahmedabad,Gujarat,,2023-07-18,
Zepto,C05760,Kolkata,West Bengal,,2024-08-15,
Zepto,C05761,Bengaluru,Karnataka,,2024-01-24,
Zepto,C05762,Chennai,Tamil Nadu,,2023-07-18,
Zepto,C05763,Kolkata,West Bengal,,2023-12-18,
Zepto,C05764,Ahmedabad,Gujarat,,2023-09-12,
Zepto,C05765,Lucknow,Uttar Pradesh,,2024-07-26,
Zepto,C05766,Lucknow,Uttar Pradesh,,2024-01-06,
Zepto,C05767,Ahmedabad,Gujarat,,2023-08-22,
Zepto,C05768,Delhi,Delhi,,2023-11-15,
Zepto,C05769,Ahmedabad,Gujarat,,2024-11-16,
Zepto,C05770,Jaipur,Rajasthan,,2023-01-19,
Zepto,C05771,Mumbai,Maharashtra,,2024-07-28,
Zepto,C05772,Jaipur,Rajasthan,,2024-08-21,
Zepto,C05773,Pune,Maharashtra,,2024-08-06,
Zepto,C05774,Pune,Maharashtra,,2024-09-27,
Zepto,C05775,Ahmedabad,Gujarat,,2024-01-05,
Zepto,C05776,Mumbai,Maharashtra,,2024-07-18,
Zepto,C05777,Lucknow,Uttar Pradesh,,2023-10-17,
Zepto,C05778,Delhi,Delhi,,2023-08-15,
Zepto,C05779,Kolkata,West Bengal,,2024-05-20,
Zepto,C05780,Pune,Maharashtra,,2023-01-06,
Zepto,C05781,Pune,Maharashtra,,2023-02-14,
Zepto,C05782,Kolkata,West Bengal,,2024-02-27,
Zepto,C05783,Jaipur,Rajasthan,,2024-03-15,
Zepto,C05784,Bengaluru,Karnataka,,2023-02-10,
Zepto,C05785,Pune,Maharashtra,,2023-02-17,
Zepto,C05786,Chennai,Tamil Nadu,,2024-11-09,
Zepto,C05787,Chennai,Tamil Nadu,,2023-04-20,
Zepto,C05788,Ahmedabad,Gujarat,,2024-07-23,
Zepto,C05789,Jaipur,Rajasthan,,2023-11-19,
Zepto,C05790,Mumbai,Maharashtra,,2024-02-09,
Zepto,C05791,Delhi,Delhi,,2024-05-31,
Zepto,C05792,Jaipur,Rajasthan,,2024-09-17,
Zepto,C05793,Bengaluru,Karnataka,,2023-10-13,
Zepto,C05794,Pune,Maharashtra,,2024-11-23,
Zepto,C05795,Hyderabad,Telangana,,2024-03-25,
Zepto,C05796,Mumbai,Maharashtra,,2024-05-09,
Zepto,C05797,Ahmedabad,Gujarat,,2024-01-18,
Zepto,C05798,Bengaluru,Karnataka,,2023-02-21,
Zepto,C05799,Ahmedabad,Gujarat,,2023-05-01,
Zepto,C05800,Delhi,Delhi,,2023-06-08,
Zepto,C05801,Ahmedabad,Gujarat,,2024-11-06,
Zepto,C05802,Pune,Maharashtra,,2023-08-28,
Zepto,C05803,Kolkata,West Bengal,,2023-01-21,
Zepto,C05804,Pune,Maharashtra,,2024-05-17,
Zepto,C05805,Hyderabad,Telangana,,2023-02-01,
Zepto,C05806,Kolkata,West Bengal,,2023-12-13,
Zepto,C05807,Jaipur,Rajasthan,,2023-10-01,
Zepto,C05808,Mumbai,Maharashtra,,2024-05-25,
Zepto,C05809,Kolkata,West Bengal,,2023-04-12,
Zepto,C05810,Mumbai,Maharashtra,,2023-10-12,
Zepto,C05811,Hyderabad,Telangana,,2024-02-01,
Zepto,C05812,Kolkata,West Bengal,,2023-09-02,
Zepto,C05813,Pune,Maharashtra,,2024-05-04,
Zepto,C05814,Pune,Maharashtra,,2024-05-28,
Zepto,C05815,Jaipur,Rajasthan,,2024-05-26,
Zepto,C05816,Pune,Maharashtra,,2023-08-28,
Zepto,C05817,Jaipur,Rajasthan,,2024-05-27,
Zepto,C05818,Lucknow,Uttar Pradesh,,2023-06-26,
Zepto,C05819,Lucknow,Uttar Pradesh,,2024-08-22,
Zepto,C05820,Mumbai,Maharashtra,,2024-04-17,
Zepto,C05821,Chennai,Tamil Nadu,,2023-10-07,
Zepto,C05822,Delhi,Delhi,,2024-01-08,
Zepto,C05823,Kolkata,West Bengal,,2023-01-08,
Zepto,C05824,Lucknow,Uttar Pradesh,,2023-03-28,
Zepto,C05825,Kolkata,West Bengal,,2024-05-18,
Zepto,C05826,Kolkata,West Bengal,,2024-02-15,
Zepto,C05827,Bengaluru,Karnataka,,2023-01-09,
Zepto,C05828,Pune,Maharashtra,,2023-11-25,
Zepto,C05829,Lucknow,Uttar Pradesh,,2024-09-30,
Zepto,C05830,Jaipur,Rajasthan,,2024-05-28,
Zepto,C05831,Bengaluru,Karnataka,,2023-06-20,
Zepto,C05832,Pune,Maharashtra,,2024-12-09,
Zepto,C05833,Ahmedabad,Gujarat,,2024-11-26,
Zepto,C05834,Mumbai,Maharashtra,,2023-03-05,
Zepto,C05835,Hyderabad,Telangana,,2024-08-21,
Zepto,C05836,Chennai,Tamil Nadu,,2023-09-11,
Zepto,C05837,Lucknow,Uttar Pradesh,,2023-09-02,
Zepto,C05838,Jaipur,Rajasthan,,2023-09-27,
Zepto,C05839,Pune,Maharashtra,,2023-12-18,
Zepto,C05840,Pune,Maharashtra,,2023-06-07,
Zepto,C05841,Hyderabad,Telangana,,2024-02-26,
Zepto,C05842,Hyderabad,Telangana,,2023-11-21,
Zepto,C05843,Jaipur,Rajasthan,,2024-04-12,
Zepto,C05844,Kolkata,West Bengal,,2024-09-24,
Zepto,C05845,Lucknow,Uttar Pradesh,,2023-12-30,
Zepto,C05846,Jaipur,Rajasthan,,2023-05-25,
Zepto,C05847,Lucknow,Uttar Pradesh,,2024-08-20,
Zepto,C05848,Lucknow,Uttar Pradesh,,2023-11-10,
Zepto,C05849,Jaipur,Rajasthan,,2023-10-18,
Zepto,C05850,Ahmedabad,Gujarat,,2024-08-27,
Zepto,C05851,Mumbai,Maharashtra,,2023-04-03,
Zepto,C05852,Mumbai,Maharashtra,,2024-11-26,
Zepto,C05853,Jaipur,Rajasthan,,2024-11-07,
Zepto,C05854,Pune,Maharashtra,,2024-10-14,
Zepto,C05855,Kolkata,West Bengal,,2023-06-25,
Zepto,C05856,Mumbai,Maharashtra,,2023-04-07,
Zepto,C05857,Hyderabad,Telangana,,2024-09-08,
Zepto,C05858,Hyderabad,Telangana,,2023-05-15,
Zepto,C05859,Delhi,Delhi,,2023-10-11,
Zepto,C05860,Pune,Maharashtra,,2024-09-01,
Zepto,C05861,Mumbai,Maharashtra,,2023-05-25,
Zepto,C05862,Mumbai,Maharashtra,,2024-05-14,
Zepto,C05863,Hyderabad,Telangana,,2023-09-10,
Zepto,C05864,Lucknow,Uttar Pradesh,,2024-09-14,
Zepto,C05865,Chennai,Tamil Nadu,,2023-07-27,
Zepto,C05866,Jaipur,Rajasthan,,2023-06-28,
Zepto,C05867,Ahmedabad,Gujarat,,2024-05-01,
Zepto,C05868,Ahmedabad,Gujarat,,2024-02-12,
Zepto,C05869,Hyderabad,Telangana,,2023-12-12,
Zepto,C05870,Ahmedabad,Gujarat,,2023-04-10,
Zepto,C05871,Hyderabad,Telangana,,2024-08-17,
Zepto,C05872,Ahmedabad,Gujarat,,2024-12-25,
Zepto,C05873,Delhi,Delhi,,2023-08-01,
Zepto,C05874,Bengaluru,Karnataka,,2024-04-28,
Zepto,C05875,Ahmedabad,Gujarat,,2024-04-29,
Zepto,C05876,Lucknow,Uttar Pradesh,,2024-09-10,
Zepto,C05877,Delhi,Delhi,,2023-06-01,
Zepto,C05878,Pune,Maharashtra,,2024-04-18,
Zepto,C05879,Kolkata,West Bengal,,2024-11-20,
Zepto,C05880,Pune,Maharashtra,,2024-09-04,
Zepto,C05881,Hyderabad,Telangana,,2024-02-08,
Zepto,C05882,Hyderabad,Telangana,,2023-06-14,
Zepto,C05883,Bengaluru,Karnataka,,2024-12-07,
Zepto,C05884,Ahmedabad,Gujarat,,2024-02-12,
Zepto,C05885,Mumbai,Maharashtra,,2024-10-04,
Zepto,C05886,Delhi,Delhi,,2023-02-27,
Zepto,C05887,Hyderabad,Telangana,,2023-02-10,
Zepto,C05888,Kolkata,West Bengal,,2023-08-05,
Zepto,C05889,Ahmedabad,Gujarat,,2024-04-01,
Zepto,C05890,Delhi,Delhi,,2024-05-05,
Zepto,C05891,Mumbai,Maharashtra,,2023-09-05,
Zepto,C05892,Bengaluru,Karnataka,,2024-12-29,
Zepto,C05893,Kolkata,West Bengal,,2024-06-25,
Zepto,C05894,Hyderabad,Telangana,,2023-12-07,
Zepto,C05895,Delhi,Delhi,,2024-06-11,
Zepto,C05896,Pune,Maharashtra,,2024-12-21,
Zepto,C05897,Mumbai,Maharashtra,,2023-02-12,
Zepto,C05898,Bengaluru,Karnataka,,2024-08-06,
Zepto,C05899,Delhi,Delhi,,2023-01-09,
Zepto,C05900,Pune,Maharashtra,,2023-04-05,
Zepto,C05901,Pune,Maharashtra,,2023-07-22,
Zepto,C05902,Mumbai,Maharashtra,,2023-10-07,
Zepto,C05903,Hyderabad,Telangana,,2023-02-28,
Zepto,C05904,Hyderabad,Telangana,,2024-05-13,
Zepto,C05905,Mumbai,Maharashtra,,2024-09-26,
Zepto,C05906,Hyderabad,Telangana,,2024-09-12,
Zepto,C05907,Delhi,Delhi,,2024-11-20,
Zepto,C05908,Chennai,Tamil Nadu,,2023-01-27,
Zepto,C05909,Lucknow,Uttar Pradesh,,2023-02-25,
Zepto,C05910,Chennai,Tamil Nadu,,2024-05-25,
Zepto,C05911,Jaipur,Rajasthan,,2023-06-09,
Zepto,C05912,Kolkata,West Bengal,,2024-09-14,
Zepto,C05913,Lucknow,Uttar Pradesh,,2024-10-10,
Zepto,C05914,Pune,Maharashtra,,2023-01-17,
Zepto,C05915,Kolkata,West Bengal,,2023-06-19,
Zepto,C05916,Bengaluru,Karnataka,,2023-08-04,
Zepto,C05917,Ahmedabad,Gujarat,,2023-09-08,
Zepto,C05918,Bengaluru,Karnataka,,2024-04-29,
Zepto,C05919,Chennai,Tamil Nadu,,2024-10-15,
Zepto,C05920,Pune,Maharashtra,,2023-04-13,
Zepto,C05921,Kolkata,West Bengal,,2024-06-09,
Zepto,C05922,Jaipur,Rajasthan,,2024-12-13,
Zepto,C05923,Lucknow,Uttar Pradesh,,2023-09-18,
Zepto,C05924,Lucknow,Uttar Pradesh,,2024-12-25,
Zepto,C05925,Chennai,Tamil Nadu,,2023-02-18,
Zepto,C05926,Delhi,Delhi,,2024-07-11,
Zepto,C05927,Hyderabad,Telangana,,2023-10-02,
Zepto,C05928,Hyderabad,Telangana,,2024-05-20,
Zepto,C05929,Jaipur,Rajasthan,,2023-01-03,
Zepto,C05930,Delhi,Delhi,,2024-01-30,
Zepto,C05931,Mumbai,Maharashtra,,2023-01-07,
Zepto,C05932,Hyderabad,Telangana,,2023-03-16,
Zepto,C05933,Delhi,Delhi,,2023-10-26,
Zepto,C05934,Ahmedabad,Gujarat,,2023-02-16,
Zepto,C05935,Ahmedabad,Gujarat,,2023-07-11,
Zepto,C05936,Mumbai,Maharashtra,,2023-09-08,
Zepto,C05937,Lucknow,Uttar Pradesh,,2024-12-15,
Zepto,C05938,Lucknow,Uttar Pradesh,,2024-10-16,
Zepto,C05939,Bengaluru,Karnataka,,2023-10-29,
Zepto,C05940,Jaipur,Rajasthan,,2024-05-07,
Zepto,C05941,Chennai,Tamil Nadu,,2024-03-21,
Zepto,C05942,Mumbai,Maharashtra,,2024-12-07,
Zepto,C05943,Jaipur,Rajasthan,,2023-07-10,
Zepto,C05944,Jaipur,Rajasthan,,2023-01-10,
Zepto,C05945,Delhi,Delhi,,2023-07-03,
Zepto,C05946,Mumbai,Maharashtra,,2024-01-19,
Zepto,C05947,Jaipur,Rajasthan,,2023-08-28,
Zepto,C05948,Bengaluru,Karnataka,,2024-01-05,
Zepto,C05949,Delhi,Delhi,,2024-03-23,
Zepto,C05950,Jaipur,Rajasthan,,2023-08-09,
Zepto,C05951,Delhi,Delhi,,2024-02-15,
Zepto,C05952,Ahmedabad,Gujarat,,2024-07-03,
Zepto,C05953,Delhi,Delhi,,2023-12-08,
Zepto,C05954,Kolkata,West Bengal,,2024-03-29,
Zepto,C05955,Lucknow,Uttar Pradesh,,2023-11-03,
Zepto,C05956,Chennai,Tamil Nadu,,2024-11-20,
Zepto,C05957,Chennai,Tamil Nadu,,2023-03-18,
Zepto,C05958,Mumbai,Maharashtra,,2024-06-24,
Zepto,C05959,Kolkata,West Bengal,,2024-05-16,
Zepto,C05960,Chennai,Tamil Nadu,,2024-03-22,
Zepto,C05961,Jaipur,Rajasthan,,2024-11-01,
Zepto,C05962,Chennai,Tamil Nadu,,2023-02-11,
Zepto,C05963,Delhi,Delhi,,2024-05-24,
Zepto,C05964,Ahmedabad,Gujarat,,2023-09-06,
Zepto,C05965,Jaipur,Rajasthan,,2023-08-30,
Zepto,C05966,Delhi,Delhi,,2023-07-17,
Zepto,C05967,Jaipur,Rajasthan,,2023-02-01,
Zepto,C05968,Bengaluru,Karnataka,,2023-11-07,
Zepto,C05969,Chennai,Tamil Nadu,,2024-05-01,
Zepto,C05970,Chennai,Tamil Nadu,,2024-07-07,
Zepto,C05971,Jaipur,Rajasthan,,2024-02-20,
Zepto,C05972,Mumbai,Maharashtra,,2024-04-03,
Zepto,C05973,Delhi,Delhi,,2023-09-10,
Zepto,C05974,Delhi,Delhi,,2023-10-08,
Zepto,C05975,Ahmedabad,Gujarat,,2024-03-25,
Zepto,C05976,Chennai,Tamil Nadu,,2024-08-01,
Zepto,C05977,Bengaluru,Karnataka,,2023-04-07,
Zepto,C05978,Ahmedabad,Gujarat,,2023-02-11,
Zepto,C05979,Pune,Maharashtra,,2023-08-24,
Zepto,C05980,Ahmedabad,Gujarat,,2024-11-03,
Zepto,C05981,Lucknow,Uttar Pradesh,,2023-12-28,
Zepto,C05982,Jaipur,Rajasthan,,2024-04-30,
Zepto,C05983,Bengaluru,Karnataka,,2024-09-26,
Zepto,C05984,Ahmedabad,Gujarat,,2024-12-01,
Zepto,C05985,Hyderabad,Telangana,,2024-08-12,
Zepto,C05986,Jaipur,Rajasthan,,2023-11-12,
Zepto,C05987,Ahmedabad,Gujarat,,2023-09-12,
Zepto,C05988,Pune,Maharashtra,,2023-05-15,
Zepto,C05989,Kolkata,West Bengal,,2024-11-08,
Zepto,C05990,Ahmedabad,Gujarat,,2023-09-12,
Zepto,C05991,Kolkata,West Bengal,,2024-10-07,
Zepto,C05992,Hyderabad,Telangana,,2023-10-04,
Zepto,C05993,Delhi,Delhi,,2024-01-19,
Zepto,C05994,Bengaluru,Karnataka,,2024-03-01,
Zepto,C05995,Jaipur,Rajasthan,,2024-03-05,
Zepto,C05996,Chennai,Tamil Nadu,,2023-10-10,
Zepto,C05997,Chennai,Tamil Nadu,,2023-07-28,
Zepto,C05998,Ahmedabad,Gujarat,,2023-12-14,
Zepto,C05999,Pune,Maharashtra,,2024-05-04,
Zepto,C06000,Chennai,Tamil Nadu,,2023-07-03,
Zepto,C06001,Delhi,Delhi,,2023-06-15,
Zepto,C06002,Chennai,Tamil Nadu,,2024-05-17,
Zepto,C06003,Bengaluru,Karnataka,,2024-08-23,
Zepto,C06004,Hyderabad,Telangana,,2023-11-27,
Zepto,C06005,Lucknow,Uttar Pradesh,,2023-05-02,
Zepto,C06006,Delhi,Delhi,,2023-09-25,
Zepto,C06007,Ahmedabad,Gujarat,,2024-08-05,
Zepto,C06008,Jaipur,Rajasthan,,2023-06-25,
Zepto,C06009,Jaipur,Rajasthan,,2023-04-04,
Zepto,C06010,Ahmedabad,Gujarat,,2024-07-01,
Zepto,C06011,Delhi,Delhi,,2023-10-03,
Zepto,C06012,Kolkata,West Bengal,,2023-04-27,
Zepto,C06013,Ahmedabad,Gujarat,,2023-11-13,
Zepto,C06014,Jaipur,Rajasthan,,2024-05-17,
Zepto,C06015,Delhi,Delhi,,2023-09-30,
Zepto,C06016,Delhi,Delhi,,2023-06-18,
Zepto,C06017,Delhi,Delhi,,2024-03-01,
Zepto,C06018,Ahmedabad,Gujarat,,2023-06-19,
Zepto,C06019,Hyderabad,Telangana,,2024-10-16,
Zepto,C06020,Delhi,Delhi,,2023-09-28,
Zepto,C06021,Ahmedabad,Gujarat,,2024-09-25,
Zepto,C06022,Jaipur,Rajasthan,,2023-09-25,
Zepto,C06023,Delhi,Delhi,,2023-10-12,
Zepto,C06024,Ahmedabad,Gujarat,,2023-08-17,
Zepto,C06025,Kolkata,West Bengal,,2023-03-11,
Zepto,C06026,Lucknow,Uttar Pradesh,,2024-12-26,
Zepto,C06027,Ahmedabad,Gujarat,,2024-12-15,
Zepto,C06028,Jaipur,Rajasthan,,2023-06-24,
Zepto,C06029,Ahmedabad,Gujarat,,2024-08-11,
Zepto,C06030,Kolkata,West Bengal,,2024-03-30,
Zepto,C06031,Delhi,Delhi,,2023-02-11,
Zepto,C06032,Delhi,Delhi,,2023-11-21,
Zepto,C06033,Pune,Maharashtra,,2024-03-20,
Zepto,C06034,Kolkata,West Bengal,,2024-09-25,
Zepto,C06035,Hyderabad,Telangana,,2024-01-01,
Zepto,C06036,Pune,Maharashtra,,2023-03-25,
Zepto,C06037,Bengaluru,Karnataka,,2024-02-03,
Zepto,C06038,Chennai,Tamil Nadu,,2023-04-17,
Zepto,C06039,Lucknow,Uttar Pradesh,,2023-10-28,
Zepto,C06040,Hyderabad,Telangana,,2023-11-26,
Zepto,C06041,Hyderabad,Telangana,,2024-04-26,
Zepto,C06042,Kolkata,West Bengal,,2024-11-29,
Zepto,C06043,Chennai,Tamil Nadu,,2024-07-27,
Zepto,C06044,Pune,Maharashtra,,2024-07-18,
Zepto,C06045,Mumbai,Maharashtra,,2023-03-26,
Zepto,C06046,Lucknow,Uttar Pradesh,,2024-10-11,
Zepto,C06047,Pune,Maharashtra,,2023-06-15,
Zepto,C06048,Lucknow,Uttar Pradesh,,2024-09-23,
Zepto,C06049,Jaipur,Rajasthan,,2023-12-14,
Zepto,C06050,Chennai,Tamil Nadu,,2023-04-02,
Zepto,C06051,Bengaluru,Karnataka,,2024-02-29,
Zepto,C06052,Jaipur,Rajasthan,,2023-12-15,
Zepto,C06053,Hyderabad,Telangana,,2023-12-08,
Zepto,C06054,Bengaluru,Karnataka,,2024-03-20,
Zepto,C06055,Bengaluru,Karnataka,,2023-01-23,
Zepto,C06056,Delhi,Delhi,,2023-03-12,
Zepto,C06057,Ahmedabad,Gujarat,,2023-05-28,
Zepto,C06058,Hyderabad,Telangana,,2024-11-05,
Zepto,C06059,Delhi,Delhi,,2024-05-07,
Zepto,C06060,Hyderabad,Telangana,,2023-03-04,
Zepto,C06061,Chennai,Tamil Nadu,,2023-09-13,
Zepto,C06062,Lucknow,Uttar Pradesh,,2023-07-23,
Zepto,C06063,Mumbai,Maharashtra,,2023-06-12,
Zepto,C06064,Ahmedabad,Gujarat,,2024-02-28,
Zepto,C06065,Pune,Maharashtra,,2024-04-12,
Zepto,C06066,Lucknow,Uttar Pradesh,,2023-03-01,
Zepto,C06067,Chennai,Tamil Nadu,,2023-07-26,
Zepto,C06068,Kolkata,West Bengal,,2024-10-01,
Zepto,C06069,Mumbai,Maharashtra,,2024-07-04,
Zepto,C06070,Delhi,Delhi,,2023-07-30,
Zepto,C06071,Pune,Maharashtra,,2023-12-11,
Zepto,C06072,Mumbai,Maharashtra,,2024-03-18,
Zepto,C06073,Delhi,Delhi,,2023-11-24,
Zepto,C06074,Kolkata,West Bengal,,2023-06-10,
Zepto,C06075,Chennai,Tamil Nadu,,2024-11-07,
Zepto,C06076,Bengaluru,Karnataka,,2024-08-20,
Zepto,C06077,Bengaluru,Karnataka,,2023-12-20,
Zepto,C06078,Jaipur,Rajasthan,,2024-09-26,
Zepto,C06079,Pune,Maharashtra,,2024-07-13,
Zepto,C06080,Lucknow,Uttar Pradesh,,2023-03-28,
Zepto,C06081,Delhi,Delhi,,2024-01-29,
Zepto,C06082,Chennai,Tamil Nadu,,2023-11-18,
Zepto,C06083,Bengaluru,Karnataka,,2023-09-01,
Zepto,C06084,Bengaluru,Karnataka,,2023-11-07,
Zepto,C06085,Pune,Maharashtra,,2023-09-19,
Zepto,C06086,Ahmedabad,Gujarat,,2024-09-05,
Zepto,C06087,Kolkata,West Bengal,,2024-04-07,
Zepto,C06088,Pune,Maharashtra,,2023-02-15,
Zepto,C06089,Delhi,Delhi,,2024-04-17,
Zepto,C06090,Mumbai,Maharashtra,,2024-11-20,
Zepto,C06091,Chennai,Tamil Nadu,,2023-01-13,
Zepto,C06092,Kolkata,West Bengal,,2023-10-02,
Zepto,C06093,Pune,Maharashtra,,2023-10-23,
Zepto,C06094,Kolkata,West Bengal,,2024-05-16,
Zepto,C06095,Kolkata,West Bengal,,2024-02-05,
Zepto,C06096,Delhi,Delhi,,2024-12-10,
Zepto,C06097,Kolkata,West Bengal,,2024-02-29,
Zepto,C06098,Hyderabad,Telangana,,2024-03-06,
Zepto,C06099,Pune,Maharashtra,,2024-08-05,
Zepto,C06100,Delhi,Delhi,,2023-08-13,
Zepto,C06101,Bengaluru,Karnataka,,2023-05-15,
Zepto,C06102,Kolkata,West Bengal,,2024-09-13,
Zepto,C06103,Kolkata,West Bengal,,2024-08-04,
Zepto,C06104,Lucknow,Uttar Pradesh,,2024-05-12,
Zepto,C06105,Lucknow,Uttar Pradesh,,2024-02-23,
Zepto,C06106,Mumbai,Maharashtra,,2023-12-22,
Zepto,C06107,Kolkata,West Bengal,,2024-08-07,
Zepto,C06108,Kolkata,West Bengal,,2023-09-14,
Zepto,C06109,Ahmedabad,Gujarat,,2023-10-16,
Zepto,C06110,Hyderabad,Telangana,,2023-04-21,
Zepto,C06111,Hyderabad,Telangana,,2024-04-22,
Zepto,C06112,Kolkata,West Bengal,,2023-01-05,
Zepto,C06113,Hyderabad,Telangana,,2023-12-23,
Zepto,C06114,Ahmedabad,Gujarat,,2024-04-10,
Zepto,C06115,Jaipur,Rajasthan,,2023-11-13,
Zepto,C06116,Hyderabad,Telangana,,2023-06-13,
Zepto,C06117,Chennai,Tamil Nadu,,2024-06-20,
Zepto,C06118,Hyderabad,Telangana,,2023-11-29,
Zepto,C06119,Delhi,Delhi,,2024-07-24,
Zepto,C06120,Mumbai,Maharashtra,,2024-12-04,
Zepto,C06121,Bengaluru,Karnataka,,2024-11-08,
Zepto,C06122,Delhi,Delhi,,2024-12-28,
Zepto,C06123,Ahmedabad,Gujarat,,2024-05-11,
Zepto,C06124,Kolkata,West Bengal,,2024-02-07,
Zepto,C06125,Delhi,Delhi,,2024-10-27,
Zepto,C06126,Lucknow,Uttar Pradesh,,2024-06-11,
Zepto,C06127,Lucknow,Uttar Pradesh,,2023-02-20,
Zepto,C06128,Hyderabad,Telangana,,2024-05-17,
Zepto,C06129,Delhi,Delhi,,2024-11-06,
Zepto,C06130,Ahmedabad,Gujarat,,2024-12-06,
Zepto,C06131,Pune,Maharashtra,,2023-02-18,
Zepto,C06132,Jaipur,Rajasthan,,2023-03-05,
Zepto,C06133,Pune,Maharashtra,,2023-06-05,
Zepto,C06134,Delhi,Delhi,,2024-05-27,
Zepto,C06135,Jaipur,Rajasthan,,2024-05-29,
Zepto,C06136,Lucknow,Uttar Pradesh,,2024-04-23,
Zepto,C06137,Hyderabad,Telangana,,2024-02-14,
Zepto,C06138,Bengaluru,Karnataka,,2024-06-04,
Zepto,C06139,Pune,Maharashtra,,2024-11-03,
Zepto,C06140,Lucknow,Uttar Pradesh,,2023-11-09,
Zepto,C06141,Chennai,Tamil Nadu,,2023-11-24,
Zepto,C06142,Hyderabad,Telangana,,2024-07-09,
Zepto,C06143,Mumbai,Maharashtra,,2024-12-25,
Zepto,C06144,Ahmedabad,Gujarat,,2024-06-11,
Zepto,C06145,Pune,Maharashtra,,2024-08-28,
Zepto,C06146,Chennai,Tamil Nadu,,2023-03-31,
Zepto,C06147,Jaipur,Rajasthan,,2023-12-02,
Zepto,C06148,Jaipur,Rajasthan,,2023-02-12,
Zepto,C06149,Hyderabad,Telangana,,2024-10-11,
Zepto,C06150,Bengaluru,Karnataka,,2023-01-12,
Zepto,C06151,Kolkata,West Bengal,,2023-08-14,
Zepto,C06152,Hyderabad,Telangana,,2023-10-30,
Zepto,C06153,Pune,Maharashtra,,2024-03-06,
Zepto,C06154,Mumbai,Maharashtra,,2023-12-22,
Zepto,C06155,Lucknow,Uttar Pradesh,,2024-02-22,
Zepto,C06156,Ahmedabad,Gujarat,,2023-07-26,
Zepto,C06157,Mumbai,Maharashtra,,2024-08-27,
Zepto,C06158,Jaipur,Rajasthan,,2024-05-22,
Zepto,C06159,Kolkata,West Bengal,,2024-06-30,
Zepto,C06160,Bengaluru,Karnataka,,2024-08-26,
Zepto,C06161,Ahmedabad,Gujarat,,2024-06-04,
Zepto,C06162,Chennai,Tamil Nadu,,2023-01-15,
Zepto,C06163,Lucknow,Uttar Pradesh,,2024-04-23,
Zepto,C06164,Mumbai,Maharashtra,,2023-02-05,
Zepto,C06165,Chennai,Tamil Nadu,,2024-02-06,
Zepto,C06166,Hyderabad,Telangana,,2024-02-16,
Zepto,C06167,Jaipur,Rajasthan,,2024-09-10,
Zepto,C06168,Pune,Maharashtra,,2024-08-12,
Zepto,C06169,Delhi,Delhi,,2023-07-25,
Zepto,C06170,Jaipur,Rajasthan,,2024-10-14,
Zepto,C06171,Delhi,Delhi,,2024-08-19,
Zepto,C06172,Lucknow,Uttar Pradesh,,2023-10-28,
Zepto,C06173,Pune,Maharashtra,,2024-08-01,
Zepto,C06174,Bengaluru,Karnataka,,2023-09-10,
Zepto,C06175,Kolkata,West Bengal,,2024-03-16,
Zepto,C06176,Lucknow,Uttar Pradesh,,2023-11-24,
Zepto,C06177,Lucknow,Uttar Pradesh,,2024-09-18,
Zepto,C06178,Chennai,Tamil Nadu,,2024-11-16,
Zepto,C06179,Kolkata,West Bengal,,2023-09-02,
Zepto,C06180,Mumbai,Maharashtra,,2023-07-04,
Zepto,C06181,Ahmedabad,Gujarat,,2023-05-06,
Zepto,C06182,Delhi,Delhi,,2023-08-16,
Zepto,C06183,Kolkata,West Bengal,,2023-02-27,
Zepto,C06184,Ahmedabad,Gujarat,,2023-03-15,
Zepto,C06185,Mumbai,Maharashtra,,2023-08-22,
Zepto,C06186,Pune,Maharashtra,,2024-03-24,
Zepto,C06187,Hyderabad,Telangana,,2024-11-26,
Zepto,C06188,Ahmedabad,Gujarat,,2024-06-26,
Zepto,C06189,Chennai,Tamil Nadu,,2024-09-03,
Zepto,C06190,Delhi,Delhi,,2023-07-13,
Zepto,C06191,Chennai,Tamil Nadu,,2024-12-15,
Zepto,C06192,Pune,Maharashtra,,2023-07-01,
Zepto,C06193,Jaipur,Rajasthan,,2024-06-28,
Zepto,C06194,Lucknow,Uttar Pradesh,,2024-08-10,
Zepto,C06195,Delhi,Delhi,,2023-04-25,
Zepto,C06196,Jaipur,Rajasthan,,2023-12-19,
Zepto,C06197,Ahmedabad,Gujarat,,2023-02-07,
Zepto,C06198,Mumbai,Maharashtra,,2024-09-15,
Zepto,C06199,Lucknow,Uttar Pradesh,,2023-08-17,
Zepto,C06200,Ahmedabad,Gujarat,,2023-11-24,
Zepto,C06201,Chennai,Tamil Nadu,,2023-12-19,
Zepto,C06202,Lucknow,Uttar Pradesh,,2023-06-04,
Zepto,C06203,Ahmedabad,Gujarat,,2023-02-24,
Zepto,C06204,Ahmedabad,Gujarat,,2024-06-27,
Zepto,C06205,Hyderabad,Telangana,,2023-06-20,
Zepto,C06206,Jaipur,Rajasthan,,2024-11-18,
Zepto,C06207,Lucknow,Uttar Pradesh,,2024-04-18,
Zepto,C06208,Hyderabad,Telangana,,2024-10-09,
Zepto,C06209,Chennai,Tamil Nadu,,2024-04-25,
Zepto,C06210,Lucknow,Uttar Pradesh,,2023-07-13,
Zepto,C06211,Chennai,Tamil Nadu,,2023-04-03,
Zepto,C06212,Kolkata,West Bengal,,2023-07-09,
Zepto,C06213,Jaipur,Rajasthan,,2024-01-05,
Zepto,C06214,Lucknow,Uttar Pradesh,,2023-06-18,
Zepto,C06215,Delhi,Delhi,,2023-09-25,
Zepto,C06216,Mumbai,Maharashtra,,2023-07-27,
Zepto,C06217,Pune,Maharashtra,,2024-11-14,
Zepto,C06218,Lucknow,Uttar Pradesh,,2024-07-13,
Zepto,C06219,Lucknow,Uttar Pradesh,,2024-12-31,
Zepto,C06220,Mumbai,Maharashtra,,2024-06-21,
Zepto,C06221,Pune,Maharashtra,,2024-01-31,
Zepto,C06222,Jaipur,Rajasthan,,2024-07-05,
Zepto,C06223,Jaipur,Rajasthan,,2024-03-25,
Zepto,C06224,Chennai,Tamil Nadu,,2024-02-09,
Zepto,C06225,Hyderabad,Telangana,,2023-09-07,
Zepto,C06226,Ahmedabad,Gujarat,,2023-06-11,
Zepto,C06227,Hyderabad,Telangana,,2024-12-18,
Zepto,C06228,Ahmedabad,Gujarat,,2023-10-16,
Zepto,C06229,Chennai,Tamil Nadu,,2024-10-29,
Zepto,C06230,Delhi,Delhi,,2024-02-02,
Zepto,C06231,Jaipur,Rajasthan,,2023-10-08,
Zepto,C06232,Jaipur,Rajasthan,,2024-10-12,
Zepto,C06233,Pune,Maharashtra,,2023-03-19,
Zepto,C06234,Delhi,Delhi,,2023-02-07,
Zepto,C06235,Bengaluru,Karnataka,,2024-02-03,
Zepto,C06236,Delhi,Delhi,,2024-03-28,
Zepto,C06237,Lucknow,Uttar Pradesh,,2023-04-19,
Zepto,C06238,Kolkata,West Bengal,,2024-02-03,
Zepto,C06239,Hyderabad,Telangana,,2023-06-01,
Zepto,C06240,Chennai,Tamil Nadu,,2023-06-06,
Zepto,C06241,Chennai,Tamil Nadu,,2023-01-15,
Zepto,C06242,Ahmedabad,Gujarat,,2023-06-25,
Zepto,C06243,Mumbai,Maharashtra,,2023-12-21,
Zepto,C06244,Jaipur,Rajasthan,,2023-12-14,
Zepto,C06245,Delhi,Delhi,,2023-09-18,
Zepto,C06246,Bengaluru,Karnataka,,2024-07-30,
Zepto,C06247,Bengaluru,Karnataka,,2023-06-10,
Zepto,C06248,Delhi,Delhi,,2024-01-01,
Zepto,C06249,Bengaluru,Karnataka,,2023-04-24,
Zepto,C06250,Kolkata,West Bengal,,2024-09-13,
Zepto,C06251,Mumbai,Maharashtra,,2024-05-03,
Zepto,C06252,Delhi,Delhi,,2023-08-26,
Zepto,C06253,Pune,Maharashtra,,2023-02-16,
Zepto,C06254,Hyderabad,Telangana,,2024-07-28,
Zepto,C06255,Ahmedabad,Gujarat,,2024-10-19,
Zepto,C06256,Lucknow,Uttar Pradesh,,2023-09-30,
Zepto,C06257,Hyderabad,Telangana,,2023-08-19,
Zepto,C06258,Chennai,Tamil Nadu,,2024-07-23,
Zepto,C06259,Jaipur,Rajasthan,,2023-11-23,
Zepto,C06260,Jaipur,Rajasthan,,2024-05-22,
Zepto,C06261,Delhi,Delhi,,2024-07-24,
Zepto,C06262,Mumbai,Maharashtra,,2024-09-21,
Zepto,C06263,Lucknow,Uttar Pradesh,,2024-12-08,
Zepto,C06264,Delhi,Delhi,,2024-05-11,
Zepto,C06265,Pune,Maharashtra,,2024-02-08,
Zepto,C06266,Kolkata,West Bengal,,2023-12-04,
Zepto,C06267,Lucknow,Uttar Pradesh,,2024-01-23,
Zepto,C06268,Kolkata,West Bengal,,2024-01-23,
Zepto,C06269,Mumbai,Maharashtra,,2024-07-25,
Zepto,C06270,Lucknow,Uttar Pradesh,,2023-08-04,
Zepto,C06271,Jaipur,Rajasthan,,2024-11-25,
Zepto,C06272,Hyderabad,Telangana,,2024-01-09,
Zepto,C06273,Pune,Maharashtra,,2024-05-09,
Zepto,C06274,Kolkata,West Bengal,,2024-07-28,
Zepto,C06275,Kolkata,West Bengal,,2023-07-21,
Zepto,C06276,Bengaluru,Karnataka,,2023-09-25,
Zepto,C06277,Kolkata,West Bengal,,2023-10-02,
Zepto,C06278,Hyderabad,Telangana,,2023-01-12,
Zepto,C06279,Bengaluru,Karnataka,,2024-12-15,
Zepto,C06280,Hyderabad,Telangana,,2023-07-05,
Zepto,C06281,Mumbai,Maharashtra,,2023-04-06,
Zepto,C06282,Ahmedabad,Gujarat,,2023-12-03,
Zepto,C06283,Ahmedabad,Gujarat,,2024-04-19,
Zepto,C06284,Lucknow,Uttar Pradesh,,2024-03-03,
Zepto,C06285,Kolkata,West Bengal,,2023-12-11,
Zepto,C06286,Delhi,Delhi,,2023-02-02,
Zepto,C06287,Kolkata,West Bengal,,2024-07-08,
Zepto,C06288,Chennai,Tamil Nadu,,2023-04-23,
Zepto,C06289,Hyderabad,Telangana,,2023-02-02,
Zepto,C06290,Jaipur,Rajasthan,,2024-04-12,
Zepto,C06291,Lucknow,Uttar Pradesh,,2023-04-14,
Zepto,C06292,Kolkata,West Bengal,,2023-09-11,
Zepto,C06293,Pune,Maharashtra,,2024-03-26,
Zepto,C06294,Bengaluru,Karnataka,,2024-01-30,
Zepto,C06295,Jaipur,Rajasthan,,2023-05-28,
Zepto,C06296,Lucknow,Uttar Pradesh,,2024-10-18,
Zepto,C06297,Chennai,Tamil Nadu,,2024-08-14,
Zepto,C06298,Chennai,Tamil Nadu,,2023-04-13,
Zepto,C06299,Ahmedabad,Gujarat,,2024-12-31,
Zepto,C06300,Hyderabad,Telangana,,2023-05-07,
Zepto,C06301,Mumbai,Maharashtra,,2024-05-19,
Zepto,C06302,Chennai,Tamil Nadu,,2023-11-09,
Zepto,C06303,Mumbai,Maharashtra,,2024-03-31,
Zepto,C06304,Mumbai,Maharashtra,,2024-03-08,
Zepto,C06305,Ahmedabad,Gujarat,,2023-06-12,
Zepto,C06306,Jaipur,Rajasthan,,2024-05-30,
Zepto,C06307,Chennai,Tamil Nadu,,2023-09-22,
Zepto,C06308,Bengaluru,Karnataka,,2024-01-19,
Zepto,C06309,Kolkata,West Bengal,,2024-10-08,
Zepto,C06310,Jaipur,Rajasthan,,2024-04-17,
Zepto,C06311,Pune,Maharashtra,,2023-07-12,
Zepto,C06312,Mumbai,Maharashtra,,2024-03-16,
Zepto,C06313,Kolkata,West Bengal,,2023-01-03,
Zepto,C06314,Chennai,Tamil Nadu,,2023-03-04,
Zepto,C06315,Mumbai,Maharashtra,,2023-10-28,
Zepto,C06316,Ahmedabad,Gujarat,,2024-04-21,
Zepto,C06317,Ahmedabad,Gujarat,,2023-04-24,
Zepto,C06318,Delhi,Delhi,,2024-03-25,
Zepto,C06319,Bengaluru,Karnataka,,2024-12-14,
Zepto,C06320,Chennai,Tamil Nadu,,2023-08-04,
Zepto,C06321,Ahmedabad,Gujarat,,2024-02-12,
Zepto,C06322,Chennai,Tamil Nadu,,2023-09-10,
Zepto,C06323,Jaipur,Rajasthan,,2023-11-13,
Zepto,C06324,Mumbai,Maharashtra,,2023-10-17,
Zepto,C06325,Mumbai,Maharashtra,,2024-11-29,
Zepto,C06326,Pune,Maharashtra,,2024-12-28,
Zepto,C06327,Hyderabad,Telangana,,2023-09-21,
Zepto,C06328,Bengaluru,Karnataka,,2024-11-19,
Zepto,C06329,Pune,Maharashtra,,2023-10-21,
Zepto,C06330,Chennai,Tamil Nadu,,2023-06-10,
Zepto,C06331,Hyderabad,Telangana,,2024-12-19,
Zepto,C06332,Jaipur,Rajasthan,,2024-11-12,
Zepto,C06333,Jaipur,Rajasthan,,2023-02-02,
Zepto,C06334,Kolkata,West Bengal,,2024-03-30,
Zepto,C06335,Pune,Maharashtra,,2023-05-17,
Zepto,C06336,Mumbai,Maharashtra,,2023-12-23,
Zepto,C06337,Lucknow,Uttar Pradesh,,2024-01-18,
Zepto,C06338,Chennai,Tamil Nadu,,2023-04-05,
Zepto,C06339,Lucknow,Uttar Pradesh,,2024-12-16,
Zepto,C06340,Jaipur,Rajasthan,,2024-02-11,
Zepto,C06341,Mumbai,Maharashtra,,2023-02-05,
Zepto,C06342,Pune,Maharashtra,,2023-03-31,
Zepto,C06343,Delhi,Delhi,,2024-08-22,
Zepto,C06344,Hyderabad,Telangana,,2023-03-10,
Zepto,C06345,Pune,Maharashtra,,2024-06-26,
Zepto,C06346,Delhi,Delhi,,2023-07-22,
Zepto,C06347,Delhi,Delhi,,2023-11-24,
Zepto,C06348,Bengaluru,Karnataka,,2024-11-22,
Zepto,C06349,Delhi,Delhi,,2023-01-03,
Zepto,C06350,Lucknow,Uttar Pradesh,,2024-03-29,
Zepto,C06351,Jaipur,Rajasthan,,2024-09-07,
Zepto,C06352,Jaipur,Rajasthan,,2024-11-13,
Zepto,C06353,Lucknow,Uttar Pradesh,,2023-09-13,
Zepto,C06354,Jaipur,Rajasthan,,2024-07-08,
Zepto,C06355,Jaipur,Rajasthan,,2023-02-12,
Zepto,C06356,Chennai,Tamil Nadu,,2024-12-30,
Zepto,C06357,Mumbai,Maharashtra,,2023-12-14,
Zepto,C06358,Kolkata,West Bengal,,2024-08-28,
Zepto,C06359,Delhi,Delhi,,2023-04-10,
Zepto,C06360,Bengaluru,Karnataka,,2024-10-13,
Zepto,C06361,Kolkata,West Bengal,,2023-09-22,
Zepto,C06362,Lucknow,Uttar Pradesh,,2024-06-20,
Zepto,C06363,Lucknow,Uttar Pradesh,,2024-06-05,
Zepto,C06364,Lucknow,Uttar Pradesh,,2023-03-18,
Zepto,C06365,Mumbai,Maharashtra,,2023-09-08,
Zepto,C06366,Kolkata,West Bengal,,2024-12-04,
Zepto,C06367,Pune,Maharashtra,,2024-05-17,
Zepto,C06368,Lucknow,Uttar Pradesh,,2023-12-20,
Zepto,C06369,Kolkata,West Bengal,,2023-10-25,
Zepto,C06370,Kolkata,West Bengal,,2023-05-28,
Zepto,C06371,Bengaluru,Karnataka,,2023-08-20,
Zepto,C06372,Ahmedabad,Gujarat,,2024-01-30,
Zepto,C06373,Lucknow,Uttar Pradesh,,2024-01-08,
Zepto,C06374,Delhi,Delhi,,2024-05-31,
Zepto,C06375,Chennai,Tamil Nadu,,2023-02-07,
Zepto,C06376,Bengaluru,Karnataka,,2024-11-22,
Zepto,C06377,Jaipur,Rajasthan,,2023-05-08,
Zepto,C06378,Pune,Maharashtra,,2024-01-26,
Zepto,C06379,Kolkata,West Bengal,,2023-05-26,
Zepto,C06380,Jaipur,Rajasthan,,2023-08-30,
Zepto,C06381,Delhi,Delhi,,2024-06-29,
Zepto,C06382,Pune,Maharashtra,,2024-10-12,
Zepto,C06383,Jaipur,Rajasthan,,2023-01-19,
Zepto,C06384,Kolkata,West Bengal,,2023-05-14,
Zepto,C06385,Bengaluru,Karnataka,,2024-01-31,
Zepto,C06386,Hyderabad,Telangana,,2023-10-12,
Zepto,C06387,Hyderabad,Telangana,,2023-07-10,
Zepto,C06388,Kolkata,West Bengal,,2024-04-24,
Zepto,C06389,Chennai,Tamil Nadu,,2024-04-26,
Zepto,C06390,Delhi,Delhi,,2024-11-08,
Zepto,C06391,Chennai,Tamil Nadu,,2023-09-10,
Zepto,C06392,Jaipur,Rajasthan,,2024-04-02,
Zepto,C06393,Chennai,Tamil Nadu,,2023-05-26,
Zepto,C06394,Bengaluru,Karnataka,,2023-05-18,
Zepto,C06395,Ahmedabad,Gujarat,,2024-04-06,
Zepto,C06396,Pune,Maharashtra,,2023-02-19,
Zepto,C06397,Bengaluru,Karnataka,,2023-04-06,
Zepto,C06398,Hyderabad,Telangana,,2024-12-29,
Zepto,C06399,Jaipur,Rajasthan,,2024-05-15,
Zepto,C06400,Chennai,Tamil Nadu,,2024-04-18,
Zepto,C06401,Jaipur,Rajasthan,,2024-08-31,
Zepto,C06402,Lucknow,Uttar Pradesh,,2024-12-19,
Zepto,C06403,Bengaluru,Karnataka,,2024-10-22,
Zepto,C06404,Kolkata,West Bengal,,2024-12-30,
Zepto,C06405,Ahmedabad,Gujarat,,2024-06-21,
Zepto,C06406,Hyderabad,Telangana,,2024-02-29,
Zepto,C06407,Pune,Maharashtra,,2024-08-22,
Zepto,C06408,Ahmedabad,Gujarat,,2023-06-27,
Zepto,C06409,Ahmedabad,Gujarat,,2023-08-07,
Zepto,C06410,Hyderabad,Telangana,,2024-06-01,
Zepto,C06411,Lucknow,Uttar Pradesh,,2024-05-20,
Zepto,C06412,Bengaluru,Karnataka,,2023-05-19,
Zepto,C06413,Mumbai,Maharashtra,,2023-01-31,
Zepto,C06414,Kolkata,West Bengal,,2024-09-02,
Zepto,C06415,Ahmedabad,Gujarat,,2023-11-28,
Zepto,C06416,Mumbai,Maharashtra,,2024-08-01,
Zepto,C06417,Mumbai,Maharashtra,,2024-11-10,
Zepto,C06418,Pune,Maharashtra,,2024-06-11,
Zepto,C06419,Ahmedabad,Gujarat,,2024-11-20,
Zepto,C06420,Bengaluru,Karnataka,,2024-09-26,
Zepto,C06421,Delhi,Delhi,,2024-04-12,
Zepto,C06422,Delhi,Delhi,,2023-07-04,
Zepto,C06423,Pune,Maharashtra,,2023-08-26,
Zepto,C06424,Ahmedabad,Gujarat,,2024-03-30,
Zepto,C06425,Jaipur,Rajasthan,,2024-05-08,
Zepto,C06426,Chennai,Tamil Nadu,,2024-12-26,
Zepto,C06427,Ahmedabad,Gujarat,,2024-05-03,
Zepto,C06428,Delhi,Delhi,,2024-11-07,
Zepto,C06429,Kolkata,West Bengal,,2024-02-07,
Zepto,C06430,Ahmedabad,Gujarat,,2023-06-05,
Zepto,C06431,Chennai,Tamil Nadu,,2023-08-24,
Zepto,C06432,Mumbai,Maharashtra,,2023-08-12,
Zepto,C06433,Pune,Maharashtra,,2023-05-28,
Zepto,C06434,Ahmedabad,Gujarat,,2023-07-31,
Zepto,C06435,Mumbai,Maharashtra,,2024-11-08,
Zepto,C06436,Lucknow,Uttar Pradesh,,2023-11-01,
Zepto,C06437,Delhi,Delhi,,2023-07-07,
Zepto,C06438,Lucknow,Uttar Pradesh,,2023-07-29,
Zepto,C06439,Bengaluru,Karnataka,,2024-03-27,
Zepto,C06440,Mumbai,Maharashtra,,2024-08-20,
Zepto,C06441,Kolkata,West Bengal,,2023-08-11,
Zepto,C06442,Delhi,Delhi,,2023-02-25,
Zepto,C06443,Jaipur,Rajasthan,,2024-04-18,
Zepto,C06444,Pune,Maharashtra,,2023-07-20,
Zepto,C06445,Ahmedabad,Gujarat,,2024-10-05,
Zepto,C06446,Kolkata,West Bengal,,2024-03-27,
Zepto,C06447,Jaipur,Rajasthan,,2024-08-29,
Zepto,C06448,Lucknow,Uttar Pradesh,,2024-09-11,
Zepto,C06449,Chennai,Tamil Nadu,,2024-12-21,
Zepto,C06450,Bengaluru,Karnataka,,2024-08-10,
Zepto,C06451,Kolkata,West Bengal,,2024-06-05,
Zepto,C06452,Mumbai,Maharashtra,,2023-06-10,
Zepto,C06453,Chennai,Tamil Nadu,,2023-03-19,
Zepto,C06454,Lucknow,Uttar Pradesh,,2023-03-11,
Zepto,C06455,Pune,Maharashtra,,2023-03-06,
Zepto,C06456,Kolkata,West Bengal,,2024-11-13,
Zepto,C06457,Hyderabad,Telangana,,2024-12-10,
Zepto,C06458,Jaipur,Rajasthan,,2024-05-17,
Zepto,C06459,Bengaluru,Karnataka,,2023-06-01,
Zepto,C06460,Pune,Maharashtra,,2023-05-28,
Zepto,C06461,Pune,Maharashtra,,2023-07-18,
Zepto,C06462,Kolkata,West Bengal,,2024-06-22,
Zepto,C06463,Pune,Maharashtra,,2023-02-04,
Zepto,C06464,Delhi,Delhi,,2024-07-17,
Zepto,C06465,Ahmedabad,Gujarat,,2023-11-20,
Zepto,C06466,Jaipur,Rajasthan,,2023-04-24,
Zepto,C06467,Jaipur,Rajasthan,,2024-10-19,
Zepto,C06468,Chennai,Tamil Nadu,,2024-05-26,
Zepto,C06469,Jaipur,Rajasthan,,2024-03-13,
Zepto,C06470,Kolkata,West Bengal,,2023-12-05,
Zepto,C06471,Ahmedabad,Gujarat,,2023-10-11,
Zepto,C06472,Lucknow,Uttar Pradesh,,2023-06-01,
Zepto,C06473,Delhi,Delhi,,2023-12-20,
Zepto,C06474,Jaipur,Rajasthan,,2024-10-16,
Zepto,C06475,Pune,Maharashtra,,2023-06-18,
Zepto,C06476,Mumbai,Maharashtra,,2023-09-16,
Zepto,C06477,Lucknow,Uttar Pradesh,,2024-03-13,
Zepto,C06478,Ahmedabad,Gujarat,,2024-04-06,
Zepto,C06479,Pune,Maharashtra,,2024-08-17,
Zepto,C06480,Ahmedabad,Gujarat,,2023-08-26,
Zepto,C06481,Jaipur,Rajasthan,,2024-06-23,
Zepto,C06482,Lucknow,Uttar Pradesh,,2024-11-30,
Zepto,C06483,Lucknow,Uttar Pradesh,,2024-07-02,
Zepto,C06484,Kolkata,West Bengal,,2023-03-08,
Zepto,C06485,Ahmedabad,Gujarat,,2023-09-14,
Zepto,C06486,Bengaluru,Karnataka,,2023-03-23,
Zepto,C06487,Ahmedabad,Gujarat,,2024-01-14,
Zepto,C06488,Jaipur,Rajasthan,,2024-04-25,
Zepto,C06489,Jaipur,Rajasthan,,2023-08-15,
Zepto,C06490,Mumbai,Maharashtra,,2023-11-28,
Zepto,C06491,Ahmedabad,Gujarat,,2023-08-24,
Zepto,C06492,Pune,Maharashtra,,2024-08-03,
Zepto,C06493,Chennai,Tamil Nadu,,2024-02-23,
Zepto,C06494,Lucknow,Uttar Pradesh,,2023-08-28,
Zepto,C06495,Pune,Maharashtra,,2023-07-19,
Zepto,C06496,Jaipur,Rajasthan,,2023-01-21,
Zepto,C06497,Lucknow,Uttar Pradesh,,2024-02-18,
Zepto,C06498,Pune,Maharashtra,,2024-10-10,
Zepto,C06499,Hyderabad,Telangana,,2024-04-21,
Zepto,C06500,Ahmedabad,Gujarat,,2023-08-13,
Zepto,C06501,Kolkata,West Bengal,,2023-01-28,
Zepto,C06502,Pune,Maharashtra,,2023-12-10,
Zepto,C06503,Mumbai,Maharashtra,,2024-03-30,
Zepto,C06504,Mumbai,Maharashtra,,2024-12-03,
Zepto,C06505,Bengaluru,Karnataka,,2024-02-19,
Zepto,C06506,Chennai,Tamil Nadu,,2024-01-31,
Zepto,C06507,Delhi,Delhi,,2023-12-26,
Zepto,C06508,Pune,Maharashtra,,2023-07-28,
Zepto,C06509,Pune,Maharashtra,,2024-07-20,
Zepto,C06510,Jaipur,Rajasthan,,2024-11-18,
Zepto,C06511,Hyderabad,Telangana,,2024-12-08,
Zepto,C06512,Pune,Maharashtra,,2024-09-25,
Zepto,C06513,Pune,Maharashtra,,2023-02-04,
Zepto,C06514,Mumbai,Maharashtra,,2024-02-23,
Zepto,C06515,Jaipur,Rajasthan,,2023-04-20,
Zepto,C06516,Mumbai,Maharashtra,,2023-07-07,
Zepto,C06517,Jaipur,Rajasthan,,2023-06-09,
Zepto,C06518,Hyderabad,Telangana,,2024-04-29,
Zepto,C06519,Hyderabad,Telangana,,2024-08-02,
Zepto,C06520,Kolkata,West Bengal,,2024-07-26,
Zepto,C06521,Jaipur,Rajasthan,,2023-05-07,
Zepto,C06522,Kolkata,West Bengal,,2023-12-11,
Zepto,C06523,Pune,Maharashtra,,2024-07-31,
Zepto,C06524,Chennai,Tamil Nadu,,2023-04-13,
Zepto,C06525,Bengaluru,Karnataka,,2023-12-29,
Zepto,C06526,Lucknow,Uttar Pradesh,,2024-05-29,
Zepto,C06527,Pune,Maharashtra,,2024-06-25,
Zepto,C06528,Chennai,Tamil Nadu,,2024-01-04,
Zepto,C06529,Chennai,Tamil Nadu,,2023-04-27,
Zepto,C06530,Chennai,Tamil Nadu,,2024-08-16,
Zepto,C06531,Delhi,Delhi,,2024-03-14,
Zepto,C06532,Kolkata,West Bengal,,2024-03-23,
Zepto,C06533,Ahmedabad,Gujarat,,2024-11-10,
Zepto,C06534,Pune,Maharashtra,,2024-07-19,
Zepto,C06535,Ahmedabad,Gujarat,,2023-01-24,
Zepto,C06536,Chennai,Tamil Nadu,,2024-09-13,
Zepto,C06537,Pune,Maharashtra,,2024-12-13,
Zepto,C06538,Hyderabad,Telangana,,2024-07-29,
Zepto,C06539,Chennai,Tamil Nadu,,2024-01-07,
Zepto,C06540,Hyderabad,Telangana,,2023-08-30,
Zepto,C06541,Bengaluru,Karnataka,,2023-09-24,
Zepto,C06542,Lucknow,Uttar Pradesh,,2023-02-06,
Zepto,C06543,Jaipur,Rajasthan,,2023-01-19,
Zepto,C06544,Ahmedabad,Gujarat,,2024-10-09,
Zepto,C06545,Kolkata,West Bengal,,2023-04-23,
Zepto,C06546,Hyderabad,Telangana,,2023-03-17,
Zepto,C06547,Kolkata,West Bengal,,2024-02-21,
Zepto,C06548,Hyderabad,Telangana,,2024-10-03,
Zepto,C06549,Jaipur,Rajasthan,,2023-04-09,
Zepto,C06550,Chennai,Tamil Nadu,,2024-02-23,
Zepto,C06551,Bengaluru,Karnataka,,2023-12-24,
Zepto,C06552,Lucknow,Uttar Pradesh,,2024-05-27,
Zepto,C06553,Lucknow,Uttar Pradesh,,2023-12-30,
Zepto,C06554,Mumbai,Maharashtra,,2024-07-22,
Zepto,C06555,Delhi,Delhi,,2024-04-22,
Zepto,C06556,Delhi,Delhi,,2024-03-10,
Zepto,C06557,Chennai,Tamil Nadu,,2023-09-16,
Zepto,C06558,Chennai,Tamil Nadu,,2023-04-18,
Zepto,C06559,Jaipur,Rajasthan,,2024-10-10,
Zepto,C06560,Pune,Maharashtra,,2023-09-21,
Zepto,C06561,Jaipur,Rajasthan,,2023-02-15,
Zepto,C06562,Bengaluru,Karnataka,,2023-01-22,
Zepto,C06563,Hyderabad,Telangana,,2024-08-31,
Zepto,C06564,Ahmedabad,Gujarat,,2024-11-17,
Zepto,C06565,Chennai,Tamil Nadu,,2024-03-23,
Zepto,C06566,Delhi,Delhi,,2023-07-14,
Zepto,C06567,Pune,Maharashtra,,2024-01-30,
Zepto,C06568,Bengaluru,Karnataka,,2023-04-01,
Zepto,C06569,Pune,Maharashtra,,2023-03-16,
Zepto,C06570,Pune,Maharashtra,,2023-05-25,
Zepto,C06571,Jaipur,Rajasthan,,2024-10-15,
Zepto,C06572,Bengaluru,Karnataka,,2024-12-14,
Zepto,C06573,Kolkata,West Bengal,,2023-07-12,
Zepto,C06574,Lucknow,Uttar Pradesh,,2023-08-05,
Zepto,C06575,Bengaluru,Karnataka,,2024-02-21,
Zepto,C06576,Kolkata,West Bengal,,2023-05-09,
Zepto,C06577,Lucknow,Uttar Pradesh,,2023-12-10,
Zepto,C06578,Kolkata,West Bengal,,2024-07-04,
Zepto,C06579,Lucknow,Uttar Pradesh,,2023-10-24,
Zepto,C06580,Kolkata,West Bengal,,2024-05-15,
Zepto,C06581,Kolkata,West Bengal,,2024-05-31,
Zepto,C06582,Hyderabad,Telangana,,2024-02-19,
Zepto,C06583,Mumbai,Maharashtra,,2023-07-15,
Zepto,C06584,Delhi,Delhi,,2024-05-10,
Zepto,C06585,Mumbai,Maharashtra,,2023-08-01,
Zepto,C06586,Pune,Maharashtra,,2024-11-11,
Zepto,C06587,Chennai,Tamil Nadu,,2024-07-07,
Zepto,C06588,Mumbai,Maharashtra,,2023-05-03,
Zepto,C06589,Pune,Maharashtra,,2023-07-18,
Zepto,C06590,Hyderabad,Telangana,,2024-07-30,
Zepto,C06591,Chennai,Tamil Nadu,,2023-03-30,
Zepto,C06592,Kolkata,West Bengal,,2023-01-13,
Zepto,C06593,Pune,Maharashtra,,2023-03-03,
Zepto,C06594,Bengaluru,Karnataka,,2023-05-27,
Zepto,C06595,Bengaluru,Karnataka,,2023-12-11,
Zepto,C06596,Delhi,Delhi,,2023-09-08,
Zepto,C06597,Jaipur,Rajasthan,,2023-10-24,
Zepto,C06598,Lucknow,Uttar Pradesh,,2024-05-23,
Zepto,C06599,Delhi,Delhi,,2023-02-08,
Zepto,C06600,Kolkata,West Bengal,,2024-06-27,
Zepto,C06601,Hyderabad,Telangana,,2024-03-04,
Zepto,C06602,Delhi,Delhi,,2023-10-25,
Zepto,C06603,Mumbai,Maharashtra,,2024-06-22,
Zepto,C06604,Mumbai,Maharashtra,,2023-07-19,
Zepto,C06605,Mumbai,Maharashtra,,2023-02-23,
Zepto,C06606,Ahmedabad,Gujarat,,2023-01-08,
Zepto,C06607,Ahmedabad,Gujarat,,2024-09-30,
Zepto,C06608,Hyderabad,Telangana,,2023-06-22,
Zepto,C06609,Bengaluru,Karnataka,,2023-06-06,
Zepto,C06610,Bengaluru,Karnataka,,2023-12-02,
Zepto,C06611,Hyderabad,Telangana,,2024-07-17,
Zepto,C06612,Delhi,Delhi,,2024-06-02,
Zepto,C06613,Ahmedabad,Gujarat,,2024-07-13,
Zepto,C06614,Bengaluru,Karnataka,,2023-10-04,
Zepto,C06615,Jaipur,Rajasthan,,2023-09-05,
Zepto,C06616,Pune,Maharashtra,,2024-10-25,
Zepto,C06617,Ahmedabad,Gujarat,,2024-01-05,
Zepto,C06618,Lucknow,Uttar Pradesh,,2024-08-18,
Zepto,C06619,Delhi,Delhi,,2024-10-07,
Zepto,C06620,Mumbai,Maharashtra,,2023-10-17,
Zepto,C06621,Kolkata,West Bengal,,2024-08-17,
Zepto,C06622,Chennai,Tamil Nadu,,2024-02-20,
Zepto,C06623,Pune,Maharashtra,,2023-07-10,
Zepto,C06624,Mumbai,Maharashtra,,2024-12-04,
Zepto,C06625,Bengaluru,Karnataka,,2024-01-31,
Zepto,C06626,Chennai,Tamil Nadu,,2023-02-23,
Zepto,C06627,Ahmedabad,Gujarat,,2023-03-29,
Zepto,C06628,Pune,Maharashtra,,2024-04-21,
Zepto,C06629,Lucknow,Uttar Pradesh,,2024-01-06,
Zepto,C06630,Mumbai,Maharashtra,,2023-12-07,
Zepto,C06631,Kolkata,West Bengal,,2023-08-20,
Zepto,C06632,Hyderabad,Telangana,,2024-01-06,
Zepto,C06633,Bengaluru,Karnataka,,2024-12-22,
Zepto,C06634,Mumbai,Maharashtra,,2024-02-11,
Zepto,C06635,Lucknow,Uttar Pradesh,,2023-06-21,
Zepto,C06636,Delhi,Delhi,,2024-11-11,
Zepto,C06637,Ahmedabad,Gujarat,,2023-12-12,
Zepto,C06638,Lucknow,Uttar Pradesh,,2024-05-20,
Zepto,C06639,Jaipur,Rajasthan,,2024-04-20,
Zepto,C06640,Kolkata,West Bengal,,2024-07-21,
Zepto,C06641,Delhi,Delhi,,2023-04-06,
Zepto,C06642,Bengaluru,Karnataka,,2023-10-27,
Zepto,C06643,Ahmedabad,Gujarat,,2023-08-11,
Zepto,C06644,Chennai,Tamil Nadu,,2023-04-05,
Zepto,C06645,Chennai,Tamil Nadu,,2023-11-22,
Zepto,C06646,Hyderabad,Telangana,,2023-09-18,
Zepto,C06647,Delhi,Delhi,,2024-04-17,
Zepto,C06648,Delhi,Delhi,,2023-04-17,
Zepto,C06649,Jaipur,Rajasthan,,2024-10-08,
Zepto,C06650,Pune,Maharashtra,,2024-04-26,
Zepto,C06651,Chennai,Tamil Nadu,,2023-01-13,
Zepto,C06652,Pune,Maharashtra,,2023-10-25,
Zepto,C06653,Jaipur,Rajasthan,,2023-06-02,
Zepto,C06654,Hyderabad,Telangana,,2023-10-05,
Zepto,C06655,Ahmedabad,Gujarat,,2023-11-21,
Zepto,C06656,Bengaluru,Karnataka,,2023-05-10,
Zepto,C06657,Bengaluru,Karnataka,,2023-03-17,
Zepto,C06658,Hyderabad,Telangana,,2024-06-14,
Zepto,C06659,Lucknow,Uttar Pradesh,,2023-06-02,
Zepto,C06660,Delhi,Delhi,,2024-05-22,
Zepto,C06661,Delhi,Delhi,,2024-03-19,
Zepto,C06662,Pune,Maharashtra,,2024-10-23,
Zepto,C06663,Ahmedabad,Gujarat,,2024-10-30,
Zepto,C06664,Delhi,Delhi,,2024-12-01,
Zepto,C06665,Ahmedabad,Gujarat,,2024-07-02,
Zepto,C06666,Mumbai,Maharashtra,,2023-04-25,
Zepto,C06667,Delhi,Delhi,,2024-12-13,
Zepto,C06668,Hyderabad,Telangana,,2023-09-01,
Zepto,C06669,Lucknow,Uttar Pradesh,,2024-04-25,
Zepto,C06670,Kolkata,West Bengal,,2024-05-29,
Zepto,C06671,Ahmedabad,Gujarat,,2023-11-24,
Zepto,C06672,Ahmedabad,Gujarat,,2023-01-19,
Zepto,C06673,Jaipur,Rajasthan,,2024-08-09,
Zepto,C06674,Bengaluru,Karnataka,,2024-08-01,
Zepto,C06675,Ahmedabad,Gujarat,,2024-08-07,
Zepto,C06676,Bengaluru,Karnataka,,2024-02-04,
Zepto,C06677,Lucknow,Uttar Pradesh,,2024-09-12,
Zepto,C06678,Delhi,Delhi,,2023-04-03,
Zepto,C06679,Kolkata,West Bengal,,2023-07-01,
Zepto,C06680,Mumbai,Maharashtra,,2024-02-08,
Zepto,C06681,Delhi,Delhi,,2024-04-16,
Zepto,C06682,Bengaluru,Karnataka,,2023-06-14,
Zepto,C06683,Ahmedabad,Gujarat,,2024-05-25,
Zepto,C06684,Jaipur,Rajasthan,,2023-12-19,
Zepto,C06685,Delhi,Delhi,,2023-09-25,
Zepto,C06686,Ahmedabad,Gujarat,,2023-07-13,
Zepto,C06687,Ahmedabad,Gujarat,,2023-09-18,
Zepto,C06688,Lucknow,Uttar Pradesh,,2023-09-16,
Zepto,C06689,Chennai,Tamil Nadu,,2023-04-25,
Zepto,C06690,Chennai,Tamil Nadu,,2023-05-27,
Zepto,C06691,Pune,Maharashtra,,2023-08-20,
Zepto,C06692,Ahmedabad,Gujarat,,2024-05-21,
Zepto,C06693,Bengaluru,Karnataka,,2024-05-15,
Zepto,C06694,Hyderabad,Telangana,,2024-06-17,
Zepto,C06695,Delhi,Delhi,,2023-09-03,
Zepto,C06696,Delhi,Delhi,,2023-09-03,
Zepto,C06697,Hyderabad,Telangana,,2024-01-17,
Zepto,C06698,Chennai,Tamil Nadu,,2024-06-21,
Zepto,C06699,Bengaluru,Karnataka,,2023-08-22,
Zepto,C06700,Jaipur,Rajasthan,,2023-11-26,
Zepto,C06701,Delhi,Delhi,,2023-09-12,
Zepto,C06702,Ahmedabad,Gujarat,,2024-06-15,
Zepto,C06703,Kolkata,West Bengal,,2024-07-21,
Zepto,C06704,Mumbai,Maharashtra,,2024-09-24,
Zepto,C06705,Lucknow,Uttar Pradesh,,2023-08-26,
Zepto,C06706,Jaipur,Rajasthan,,2024-07-26,
Zepto,C06707,Chennai,Tamil Nadu,,2024-10-27,
Zepto,C06708,Hyderabad,Telangana,,2024-04-01,
Zepto,C06709,Chennai,Tamil Nadu,,2024-01-11,
Zepto,C06710,Mumbai,Maharashtra,,2023-01-16,
Zepto,C06711,Jaipur,Rajasthan,,2023-05-14,
Zepto,C06712,Delhi,Delhi,,2024-06-07,
Zepto,C06713,Jaipur,Rajasthan,,2023-11-26,
Zepto,C06714,Lucknow,Uttar Pradesh,,2024-07-20,
Zepto,C06715,Hyderabad,Telangana,,2024-04-20,
Zepto,C06716,Pune,Maharashtra,,2023-08-29,
Zepto,C06717,Kolkata,West Bengal,,2024-03-02,
Zepto,C06718,Delhi,Delhi,,2023-04-13,
Zepto,C06719,Lucknow,Uttar Pradesh,,2023-12-07,
Zepto,C06720,Hyderabad,Telangana,,2023-04-27,
Zepto,C06721,Lucknow,Uttar Pradesh,,2023-03-21,
Zepto,C06722,Hyderabad,Telangana,,2023-01-29,
Zepto,C06723,Mumbai,Maharashtra,,2023-10-21,
Zepto,C06724,Delhi,Delhi,,2024-02-05,
Zepto,C06725,Bengaluru,Karnataka,,2023-11-02,
Zepto,C06726,Bengaluru,Karnataka,,2024-01-04,
Zepto,C06727,Lucknow,Uttar Pradesh,,2024-11-07,
Zepto,C06728,Kolkata,West Bengal,,2024-03-27,
Zepto,C06729,Bengaluru,Karnataka,,2023-02-05,
Zepto,C06730,Lucknow,Uttar Pradesh,,2023-01-24,
Zepto,C06731,Delhi,Delhi,,2024-08-05,
Zepto,C06732,Chennai,Tamil Nadu,,2023-11-26,
Zepto,C06733,Delhi,Delhi,,2024-04-02,
Zepto,C06734,Chennai,Tamil Nadu,,2023-02-26,
Zepto,C06735,Pune,Maharashtra,,2024-03-05,
Zepto,C06736,Mumbai,Maharashtra,,2023-04-30,
Zepto,C06737,Hyderabad,Telangana,,2023-02-06,
Zepto,C06738,Delhi,Delhi,,2023-11-07,
Zepto,C06739,Ahmedabad,Gujarat,,2023-01-20,
Zepto,C06740,Kolkata,West Bengal,,2024-01-03,
Zepto,C06741,Mumbai,Maharashtra,,2023-02-11,
Zepto,C06742,Chennai,Tamil Nadu,,2024-01-03,
Zepto,C06743,Chennai,Tamil Nadu,,2024-07-02,
Zepto,C06744,Chennai,Tamil Nadu,,2024-07-18,
Zepto,C06745,Kolkata,West Bengal,,2023-05-18,
Zepto,C06746,Jaipur,Rajasthan,,2023-02-10,
Zepto,C06747,Jaipur,Rajasthan,,2023-04-25,
Zepto,C06748,Pune,Maharashtra,,2023-03-03,
Zepto,C06749,Mumbai,Maharashtra,,2023-11-12,
Zepto,C06750,Delhi,Delhi,,2024-05-24,
Zepto,C06751,Ahmedabad,Gujarat,,2024-11-08,
Zepto,C06752,Bengaluru,Karnataka,,2024-12-18,
Zepto,C06753,Mumbai,Maharashtra,,2023-06-16,
Zepto,C06754,Chennai,Tamil Nadu,,2023-10-27,
Zepto,C06755,Jaipur,Rajasthan,,2024-09-13,
Zepto,C06756,Jaipur,Rajasthan,,2023-08-22,
Zepto,C06757,Ahmedabad,Gujarat,,2024-10-09,
Zepto,C06758,Bengaluru,Karnataka,,2024-08-15,
Zepto,C06759,Chennai,Tamil Nadu,,2024-06-26,
Zepto,C06760,Chennai,Tamil Nadu,,2024-01-29,
Zepto,C06761,Lucknow,Uttar Pradesh,,2023-06-08,
Zepto,C06762,Ahmedabad,Gujarat,,2023-09-07,
Zepto,C06763,Lucknow,Uttar Pradesh,,2024-04-26,
Zepto,C06764,Chennai,Tamil Nadu,,2023-06-01,
Zepto,C06765,Ahmedabad,Gujarat,,2023-05-06,
Zepto,C06766,Ahmedabad,Gujarat,,2024-03-21,
Zepto,C06767,Mumbai,Maharashtra,,2024-12-09,
Zepto,C06768,Pune,Maharashtra,,2023-06-17,
Zepto,C06769,Lucknow,Uttar Pradesh,,2023-08-04,
Zepto,C06770,Mumbai,Maharashtra,,2024-06-27,
Zepto,C06771,Mumbai,Maharashtra,,2024-10-05,
Zepto,C06772,Kolkata,West Bengal,,2024-05-11,
Zepto,C06773,Ahmedabad,Gujarat,,2023-04-24,
Zepto,C06774,Mumbai,Maharashtra,,2023-05-19,
Zepto,C06775,Chennai,Tamil Nadu,,2024-09-24,
Zepto,C06776,Bengaluru,Karnataka,,2024-01-15,
Zepto,C06777,Jaipur,Rajasthan,,2023-10-03,
Zepto,C06778,Ahmedabad,Gujarat,,2024-02-04,
Zepto,C06779,Bengaluru,Karnataka,,2023-01-04,
Zepto,C06780,Mumbai,Maharashtra,,2024-12-03,
Zepto,C06781,Bengaluru,Karnataka,,2024-06-24,
Zepto,C06782,Jaipur,Rajasthan,,2024-05-24,
Zepto,C06783,Kolkata,West Bengal,,2024-02-17,
Zepto,C06784,Jaipur,Rajasthan,,2023-02-01,
Zepto,C06785,Chennai,Tamil Nadu,,2024-07-07,
Zepto,C06786,Mumbai,Maharashtra,,2023-02-27,
Zepto,C06787,Pune,Maharashtra,,2023-08-18,
Zepto,C06788,Bengaluru,Karnataka,,2023-10-12,
Zepto,C06789,Delhi,Delhi,,2024-08-23,
Zepto,C06790,Lucknow,Uttar Pradesh,,2023-12-08,
Zepto,C06791,Pune,Maharashtra,,2023-02-06,
Zepto,C06792,Lucknow,Uttar Pradesh,,2024-05-02,
Zepto,C06793,Hyderabad,Telangana,,2023-02-24,
Zepto,C06794,Hyderabad,Telangana,,2023-11-12,
Zepto,C06795,Chennai,Tamil Nadu,,2023-08-26,
Zepto,C06796,Chennai,Tamil Nadu,,2024-09-30,
Zepto,C06797,Lucknow,Uttar Pradesh,,2024-10-16,
Zepto,C06798,Lucknow,Uttar Pradesh,,2023-11-04,
Zepto,C06799,Jaipur,Rajasthan,,2023-06-09,
Zepto,C06800,Kolkata,West Bengal,,2024-01-01,
Zepto,C06801,Bengaluru,Karnataka,,2023-01-29,
Zepto,C06802,Pune,Maharashtra,,2024-09-09,
Zepto,C06803,Bengaluru,Karnataka,,2023-08-11,
Zepto,C06804,Ahmedabad,Gujarat,,2024-01-01,
Zepto,C06805,Hyderabad,Telangana,,2024-04-30,
Zepto,C06806,Pune,Maharashtra,,2023-02-24,
Zepto,C06807,Bengaluru,Karnataka,,2024-12-01,
Zepto,C06808,Kolkata,West Bengal,,2023-06-12,
Zepto,C06809,Kolkata,West Bengal,,2024-03-30,
Zepto,C06810,Chennai,Tamil Nadu,,2024-11-22,
Zepto,C06811,Ahmedabad,Gujarat,,2024-12-25,
Zepto,C06812,Jaipur,Rajasthan,,2024-08-06,
Zepto,C06813,Kolkata,West Bengal,,2024-03-29,
Zepto,C06814,Jaipur,Rajasthan,,2024-01-28,
Zepto,C06815,Kolkata,West Bengal,,2024-12-22,
Zepto,C06816,Pune,Maharashtra,,2023-07-07,
Zepto,C06817,Jaipur,Rajasthan,,2023-02-21,
Zepto,C06818,Mumbai,Maharashtra,,2024-04-16,
Zepto,C06819,Hyderabad,Telangana,,2024-12-05,
Zepto,C06820,Kolkata,West Bengal,,2024-01-09,
Zepto,C06821,Hyderabad,Telangana,,2024-01-02,
Zepto,C06822,Hyderabad,Telangana,,2023-03-06,
Zepto,C06823,Chennai,Tamil Nadu,,2024-01-14,
Zepto,C06824,Hyderabad,Telangana,,2024-05-03,
Zepto,C06825,Chennai,Tamil Nadu,,2024-08-03,
Zepto,C06826,Ahmedabad,Gujarat,,2023-08-27,
Zepto,C06827,Hyderabad,Telangana,,2024-04-09,
Zepto,C06828,Mumbai,Maharashtra,,2023-03-27,
Zepto,C06829,Bengaluru,Karnataka,,2023-03-20,
Zepto,C06830,Chennai,Tamil Nadu,,2023-01-16,
Zepto,C06831,Pune,Maharashtra,,2023-10-04,
Zepto,C06832,Pune,Maharashtra,,2023-03-29,
Zepto,C06833,Chennai,Tamil Nadu,,2024-04-27,
Zepto,C06834,Mumbai,Maharashtra,,2023-11-07,
Zepto,C06835,Delhi,Delhi,,2024-12-25,
Zepto,C06836,Kolkata,West Bengal,,2023-03-01,
Zepto,C06837,Chennai,Tamil Nadu,,2024-05-21,
Zepto,C06838,Chennai,Tamil Nadu,,2024-05-29,
Zepto,C06839,Mumbai,Maharashtra,,2023-10-07,
Zepto,C06840,Mumbai,Maharashtra,,2024-02-01,
Zepto,C06841,Ahmedabad,Gujarat,,2023-12-12,
Zepto,C06842,Delhi,Delhi,,2023-04-29,
Zepto,C06843,Kolkata,West Bengal,,2023-02-26,
Zepto,C06844,Ahmedabad,Gujarat,,2024-11-18,
Zepto,C06845,Kolkata,West Bengal,,2024-05-18,
Zepto,C06846,Chennai,Tamil Nadu,,2023-10-24,
Zepto,C06847,Chennai,Tamil Nadu,,2023-05-29,
Zepto,C06848,Pune,Maharashtra,,2023-02-14,
Zepto,C06849,Jaipur,Rajasthan,,2024-11-04,
Zepto,C06850,Ahmedabad,Gujarat,,2023-02-14,
Zepto,C06851,Jaipur,Rajasthan,,2023-04-30,
Zepto,C06852,Jaipur,Rajasthan,,2023-03-22,
Zepto,C06853,Chennai,Tamil Nadu,,2023-08-14,
Zepto,C06854,Hyderabad,Telangana,,2024-09-02,
Zepto,C06855,Pune,Maharashtra,,2023-09-15,
Zepto,C06856,Ahmedabad,Gujarat,,2024-03-18,
Zepto,C06857,Jaipur,Rajasthan,,2023-01-07,
Zepto,C06858,Jaipur,Rajasthan,,2023-10-18,
Zepto,C06859,Kolkata,West Bengal,,2024-05-09,
Zepto,C06860,Delhi,Delhi,,2024-09-10,
Zepto,C06861,Lucknow,Uttar Pradesh,,2023-05-01,
Zepto,C06862,Bengaluru,Karnataka,,2023-04-24,
Zepto,C06863,Lucknow,Uttar Pradesh,,2024-05-11,
Zepto,C06864,Chennai,Tamil Nadu,,2024-12-05,
Zepto,C06865,Pune,Maharashtra,,2024-08-30,
Zepto,C06866,Kolkata,West Bengal,,2024-08-28,
Zepto,C06867,Bengaluru,Karnataka,,2023-12-17,
Zepto,C06868,Delhi,Delhi,,2023-01-15,
Zepto,C06869,Mumbai,Maharashtra,,2023-03-13,
Zepto,C06870,Hyderabad,Telangana,,2024-04-13,
Zepto,C06871,Pune,Maharashtra,,2024-09-29,
Zepto,C06872,Delhi,Delhi,,2024-03-22,
Zepto,C06873,Jaipur,Rajasthan,,2024-02-11,
Zepto,C06874,Hyderabad,Telangana,,2024-01-20,
Zepto,C06875,Lucknow,Uttar Pradesh,,2023-06-01,
Zepto,C06876,Mumbai,Maharashtra,,2024-02-01,
Zepto,C06877,Ahmedabad,Gujarat,,2023-07-29,
Zepto,C06878,Hyderabad,Telangana,,2024-10-13,
Zepto,C06879,Mumbai,Maharashtra,,2024-03-23,
Zepto,C06880,Hyderabad,Telangana,,2024-12-29,
Zepto,C06881,Kolkata,West Bengal,,2023-03-05,
Zepto,C06882,Lucknow,Uttar Pradesh,,2024-12-14,
Zepto,C06883,Ahmedabad,Gujarat,,2024-01-17,
Zepto,C06884,Mumbai,Maharashtra,,2024-10-12,
Zepto,C06885,Mumbai,Maharashtra,,2023-05-10,
Zepto,C06886,Kolkata,West Bengal,,2023-09-27,
Zepto,C06887,Pune,Maharashtra,,2024-10-07,
Zepto,C06888,Ahmedabad,Gujarat,,2023-12-03,
Zepto,C06889,Mumbai,Maharashtra,,2024-07-08,
Zepto,C06890,Bengaluru,Karnataka,,2024-06-06,
Zepto,C06891,Bengaluru,Karnataka,,2023-12-19,
Zepto,C06892,Jaipur,Rajasthan,,2024-01-05,
Zepto,C06893,Hyderabad,Telangana,,2023-12-04,
Zepto,C06894,Jaipur,Rajasthan,,2024-06-06,
Zepto,C06895,Hyderabad,Telangana,,2024-09-29,
Zepto,C06896,Pune,Maharashtra,,2023-04-05,
Zepto,C06897,Ahmedabad,Gujarat,,2023-09-22,
Zepto,C06898,Lucknow,Uttar Pradesh,,2024-09-10,
Zepto,C06899,Bengaluru,Karnataka,,2024-01-27,
Zepto,C06900,Jaipur,Rajasthan,,2024-04-21,
Zepto,C06901,Pune,Maharashtra,,2023-07-02,
Zepto,C06902,Pune,Maharashtra,,2024-02-27,
Zepto,C06903,Chennai,Tamil Nadu,,2023-05-07,
Zepto,C06904,Lucknow,Uttar Pradesh,,2023-03-30,
Zepto,C06905,Lucknow,Uttar Pradesh,,2023-08-16,
Zepto,C06906,Kolkata,West Bengal,,2023-11-01,
Zepto,C06907,Delhi,Delhi,,2024-11-04,
Zepto,C06908,Pune,Maharashtra,,2024-03-06,
Zepto,C06909,Lucknow,Uttar Pradesh,,2023-11-24,
Zepto,C06910,Delhi,Delhi,,2024-06-30,
Zepto,C06911,Hyderabad,Telangana,,2023-09-03,
Zepto,C06912,Hyderabad,Telangana,,2023-09-04,
Zepto,C06913,Delhi,Delhi,,2024-11-08,
Zepto,C06914,Mumbai,Maharashtra,,2024-09-17,
Zepto,C06915,Chennai,Tamil Nadu,,2023-09-09,
Zepto,C06916,Ahmedabad,Gujarat,,2023-02-11,
Zepto,C06917,Ahmedabad,Gujarat,,2023-11-19,
Zepto,C06918,Hyderabad,Telangana,,2024-02-28,
Zepto,C06919,Hyderabad,Telangana,,2024-06-26,
Zepto,C06920,Hyderabad,Telangana,,2023-07-14,
Zepto,C06921,Lucknow,Uttar Pradesh,,2024-07-09,
Zepto,C06922,Ahmedabad,Gujarat,,2024-01-06,
Zepto,C06923,Lucknow,Uttar Pradesh,,2024-06-03,
Zepto,C06924,Jaipur,Rajasthan,,2024-10-26,
Zepto,C06925,Mumbai,Maharashtra,,2023-01-15,
Zepto,C06926,Delhi,Delhi,,2023-06-13,
Zepto,C06927,Pune,Maharashtra,,2023-06-25,
Zepto,C06928,Kolkata,West Bengal,,2024-07-13,
Zepto,C06929,Chennai,Tamil Nadu,,2023-04-14,
Zepto,C06930,Mumbai,Maharashtra,,2023-08-11,
Zepto,C06931,Chennai,Tamil Nadu,,2024-07-26,
Zepto,C06932,Chennai,Tamil Nadu,,2023-09-21,
Zepto,C06933,Jaipur,Rajasthan,,2023-09-10,
Zepto,C06934,Jaipur,Rajasthan,,2024-01-22,
Zepto,C06935,Hyderabad,Telangana,,2023-03-13,
Zepto,C06936,Chennai,Tamil Nadu,,2023-02-27,
Zepto,C06937,Hyderabad,Telangana,,2024-10-17,
Zepto,C06938,Hyderabad,Telangana,,2024-03-31,
Zepto,C06939,Ahmedabad,Gujarat,,2023-04-20,
Zepto,C06940,Chennai,Tamil Nadu,,2023-03-24,
Zepto,C06941,Delhi,Delhi,,2023-08-29,
Zepto,C06942,Delhi,Delhi,,2024-05-04,
Zepto,C06943,Lucknow,Uttar Pradesh,,2023-10-10,
Zepto,C06944,Jaipur,Rajasthan,,2023-06-12,
Zepto,C06945,Ahmedabad,Gujarat,,2024-02-23,
Zepto,C06946,Ahmedabad,Gujarat,,2024-06-17,
Zepto,C06947,Pune,Maharashtra,,2024-03-28,
Zepto,C06948,Delhi,Delhi,,2024-09-06,
Zepto,C06949,Pune,Maharashtra,,2024-10-08,
Zepto,C06950,Bengaluru,Karnataka,,2023-09-27,
Zepto,C06951,Lucknow,Uttar Pradesh,,2023-07-02,
Zepto,C06952,Bengaluru,Karnataka,,2024-03-06,
Zepto,C06953,Mumbai,Maharashtra,,2023-04-12,
Zepto,C06954,Ahmedabad,Gujarat,,2023-08-27,
Zepto,C06955,Lucknow,Uttar Pradesh,,2023-05-19,
Zepto,C06956,Bengaluru,Karnataka,,2024-01-02,
Zepto,C06957,Lucknow,Uttar Pradesh,,2024-02-27,
Zepto,C06958,Pune,Maharashtra,,2024-05-24,
Zepto,C06959,Hyderabad,Telangana,,2024-05-17,
Zepto,C06960,Ahmedabad,Gujarat,,2023-08-26,
Zepto,C06961,Bengaluru,Karnataka,,2024-03-14,
Zepto,C06962,Lucknow,Uttar Pradesh,,2024-03-20,
Zepto,C06963,Delhi,Delhi,,2023-01-07,
Zepto,C06964,Lucknow,Uttar Pradesh,,2023-11-27,
Zepto,C06965,Mumbai,Maharashtra,,2023-02-25,
Zepto,C06966,Bengaluru,Karnataka,,2024-11-01,
Zepto,C06967,Pune,Maharashtra,,2023-07-05,
Zepto,C06968,Hyderabad,Telangana,,2023-02-27,
Zepto,C06969,Pune,Maharashtra,,2024-02-14,
Zepto,C06970,Jaipur,Rajasthan,,2024-11-26,
Zepto,C06971,Hyderabad,Telangana,,2024-11-16,
Zepto,C06972,Kolkata,West Bengal,,2023-10-04,
Zepto,C06973,Hyderabad,Telangana,,2023-11-14,
Zepto,C06974,Pune,Maharashtra,,2023-03-04,
Zepto,C06975,Chennai,Tamil Nadu,,2023-03-23,
Zepto,C06976,Lucknow,Uttar Pradesh,,2023-12-27,
Zepto,C06977,Pune,Maharashtra,,2024-09-05,
Zepto,C06978,Mumbai,Maharashtra,,2023-09-24,
Zepto,C06979,Bengaluru,Karnataka,,2023-08-22,
Zepto,C06980,Hyderabad,Telangana,,2023-01-21,
Zepto,C06981,Chennai,Tamil Nadu,,2023-10-29,
Zepto,C06982,Lucknow,Uttar Pradesh,,2024-12-20,
Zepto,C06983,Chennai,Tamil Nadu,,2024-12-25,
Zepto,C06984,Chennai,Tamil Nadu,,2024-10-13,
Zepto,C06985,Hyderabad,Telangana,,2024-11-08,
Zepto,C06986,Ahmedabad,Gujarat,,2024-10-04,
Zepto,C06987,Jaipur,Rajasthan,,2023-10-26,
Zepto,C06988,Hyderabad,Telangana,,2023-03-09,
Zepto,C06989,Bengaluru,Karnataka,,2024-03-09,
Zepto,C06990,Mumbai,Maharashtra,,2023-07-04,
Zepto,C06991,Pune,Maharashtra,,2024-04-25,
Zepto,C06992,Chennai,Tamil Nadu,,2023-08-23,
Zepto,C06993,Bengaluru,Karnataka,,2023-08-17,
Zepto,C06994,Mumbai,Maharashtra,,2024-06-10,
Zepto,C06995,Lucknow,Uttar Pradesh,,2023-12-03,
Zepto,C06996,Jaipur,Rajasthan,,2024-11-02,
Zepto,C06997,Delhi,Delhi,,2023-06-09,
Zepto,C06998,Bengaluru,Karnataka,,2024-02-07,
Zepto,C06999,Delhi,Delhi,,2023-11-24,
Zepto,C07000,Lucknow,Uttar Pradesh,,2023-08-11,
Zepto,C07001,Mumbai,Maharashtra,,2024-03-30,
Zepto,C07002,Kolkata,West Bengal,,2023-05-14,
Zepto,C07003,Chennai,Tamil Nadu,,2024-12-31,
Zepto,C07004,Mumbai,Maharashtra,,2024-05-22,
Zepto,C07005,Mumbai,Maharashtra,,2024-05-07,
Zepto,C07006,Ahmedabad,Gujarat,,2024-05-21,
Zepto,C07007,Kolkata,West Bengal,,2023-07-19,
Zepto,C07008,Pune,Maharashtra,,2023-10-11,
Zepto,C07009,Jaipur,Rajasthan,,2024-01-07,
Zepto,C07010,Bengaluru,Karnataka,,2024-09-11,
Zepto,C07011,Delhi,Delhi,,2023-11-20,
Zepto,C07012,Ahmedabad,Gujarat,,2024-07-10,
Zepto,C07013,Hyderabad,Telangana,,2023-07-29,
Zepto,C07014,Delhi,Delhi,,2024-11-12,
Zepto,C07015,Delhi,Delhi,,2024-09-23,
Zepto,C07016,Mumbai,Maharashtra,,2023-05-26,
Zepto,C07017,Ahmedabad,Gujarat,,2024-06-25,
Zepto,C07018,Ahmedabad,Gujarat,,2023-02-27,
Zepto,C07019,Hyderabad,Telangana,,2024-06-09,
Zepto,C07020,Pune,Maharashtra,,2023-08-09,
Zepto,C07021,Ahmedabad,Gujarat,,2024-10-10,
Zepto,C07022,Bengaluru,Karnataka,,2023-07-03,
Zepto,C07023,Delhi,Delhi,,2023-12-23,
Zepto,C07024,Mumbai,Maharashtra,,2024-03-31,
Zepto,C07025,Chennai,Tamil Nadu,,2024-10-28,
Zepto,C07026,Lucknow,Uttar Pradesh,,2024-12-24,
Zepto,C07027,Kolkata,West Bengal,,2023-06-30,
Zepto,C07028,Bengaluru,Karnataka,,2024-05-19,
Zepto,C07029,Kolkata,West Bengal,,2024-06-24,
Zepto,C07030,Jaipur,Rajasthan,,2023-06-09,
Zepto,C07031,Delhi,Delhi,,2024-10-30,
Zepto,C07032,Ahmedabad,Gujarat,,2023-12-30,
Zepto,C07033,Kolkata,West Bengal,,2024-03-15,
Zepto,C07034,Kolkata,West Bengal,,2023-01-10,
Zepto,C07035,Chennai,Tamil Nadu,,2023-01-02,
Zepto,C07036,Pune,Maharashtra,,2024-04-09,
Zepto,C07037,Kolkata,West Bengal,,2024-01-07,
Zepto,C07038,Ahmedabad,Gujarat,,2023-11-05,
Zepto,C07039,Pune,Maharashtra,,2024-09-21,
Zepto,C07040,Chennai,Tamil Nadu,,2024-03-12,
Zepto,C07041,Mumbai,Maharashtra,,2024-03-04,
Zepto,C07042,Hyderabad,Telangana,,2023-01-13,
Zepto,C07043,Mumbai,Maharashtra,,2024-05-17,
Zepto,C07044,Mumbai,Maharashtra,,2024-08-12,
Zepto,C07045,Delhi,Delhi,,2023-02-21,
Zepto,C07046,Hyderabad,Telangana,,2024-03-19,
Zepto,C07047,Delhi,Delhi,,2023-05-03,
Zepto,C07048,Hyderabad,Telangana,,2023-04-17,
Zepto,C07049,Lucknow,Uttar Pradesh,,2024-09-28,
Zepto,C07050,Kolkata,West Bengal,,2023-03-12,
Zepto,C07051,Hyderabad,Telangana,,2023-01-19,
Zepto,C07052,Ahmedabad,Gujarat,,2024-07-30,
Zepto,C07053,Ahmedabad,Gujarat,,2023-12-23,
Zepto,C07054,Kolkata,West Bengal,,2023-07-01,
Zepto,C07055,Mumbai,Maharashtra,,2023-02-06,
Zepto,C07056,Ahmedabad,Gujarat,,2023-12-07,
Zepto,C07057,Hyderabad,Telangana,,2024-01-29,
Zepto,C07058,Kolkata,West Bengal,,2024-04-01,
Zepto,C07059,Jaipur,Rajasthan,,2023-07-06,
Zepto,C07060,Delhi,Delhi,,2024-10-18,
Zepto,C07061,Mumbai,Maharashtra,,2024-08-04,
Zepto,C07062,Lucknow,Uttar Pradesh,,2024-02-23,
Zepto,C07063,Delhi,Delhi,,2024-10-31,
Zepto,C07064,Hyderabad,Telangana,,2024-01-26,
Zepto,C07065,Lucknow,Uttar Pradesh,,2023-02-19,
Zepto,C07066,Mumbai,Maharashtra,,2023-12-22,
Zepto,C07067,Lucknow,Uttar Pradesh,,2023-09-19,
Zepto,C07068,Delhi,Delhi,,2024-09-29,
Zepto,C07069,Lucknow,Uttar Pradesh,,2024-05-27,
Zepto,C07070,Delhi,Delhi,,2023-10-26,
Zepto,C07071,Kolkata,West Bengal,,2023-04-09,
Zepto,C07072,Chennai,Tamil Nadu,,2023-06-17,
Zepto,C07073,Pune,Maharashtra,,2024-06-15,
Zepto,C07074,Chennai,Tamil Nadu,,2024-09-30,
Zepto,C07075,Ahmedabad,Gujarat,,2023-06-30,
Zepto,C07076,Delhi,Delhi,,2024-01-10,
Zepto,C07077,Lucknow,Uttar Pradesh,,2024-07-25,
Zepto,C07078,Lucknow,Uttar Pradesh,,2023-11-08,
Zepto,C07079,Lucknow,Uttar Pradesh,,2023-10-04,
Zepto,C07080,Pune,Maharashtra,,2023-03-19,
Zepto,C07081,Kolkata,West Bengal,,2023-08-26,
Zepto,C07082,Ahmedabad,Gujarat,,2024-12-15,
Zepto,C07083,Bengaluru,Karnataka,,2024-03-08,
Zepto,C07084,Pune,Maharashtra,,2023-09-28,
Zepto,C07085,Delhi,Delhi,,2023-09-04,
Zepto,C07086,Pune,Maharashtra,,2024-05-03,
Zepto,C07087,Delhi,Delhi,,2023-08-04,
Zepto,C07088,Bengaluru,Karnataka,,2023-07-29,
Zepto,C07089,Lucknow,Uttar Pradesh,,2024-05-21,
Zepto,C07090,Pune,Maharashtra,,2023-06-03,
Zepto,C07091,Delhi,Delhi,,2023-07-29,
Zepto,C07092,Pune,Maharashtra,,2024-03-23,
Zepto,C07093,Pune,Maharashtra,,2023-01-20,
Zepto,C07094,Pune,Maharashtra,,2024-06-19,
Zepto,C07095,Mumbai,Maharashtra,,2024-05-02,
Zepto,C07096,Pune,Maharashtra,,2024-06-18,
Zepto,C07097,Mumbai,Maharashtra,,2024-03-14,
Zepto,C07098,Kolkata,West Bengal,,2023-01-20,
Zepto,C07099,Bengaluru,Karnataka,,2024-03-04,
Zepto,C07100,Pune,Maharashtra,,2023-01-21,
Zepto,C07101,Ahmedabad,Gujarat,,2023-01-26,
Zepto,C07102,Ahmedabad,Gujarat,,2024-05-03,
Zepto,C07103,Hyderabad,Telangana,,2024-05-14,
Zepto,C07104,Jaipur,Rajasthan,,2024-04-28,
Zepto,C07105,Hyderabad,Telangana,,2024-06-02,
Zepto,C07106,Bengaluru,Karnataka,,2024-12-22,
Zepto,C07107,Ahmedabad,Gujarat,,2024-12-05,
Zepto,C07108,Chennai,Tamil Nadu,,2023-10-23,
Zepto,C07109,Bengaluru,Karnataka,,2023-06-23,
Zepto,C07110,Hyderabad,Telangana,,2023-10-15,
Zepto,C07111,Lucknow,Uttar Pradesh,,2024-08-02,
Zepto,C07112,Delhi,Delhi,,2024-07-26,
Zepto,C07113,Hyderabad,Telangana,,2024-09-11,
Zepto,C07114,Jaipur,Rajasthan,,2023-07-24,
Zepto,C07115,Lucknow,Uttar Pradesh,,2024-06-12,
Zepto,C07116,Jaipur,Rajasthan,,2024-01-18,
Zepto,C07117,Hyderabad,Telangana,,2024-10-11,
Zepto,C07118,Kolkata,West Bengal,,2023-06-30,
Zepto,C07119,Delhi,Delhi,,2023-05-24,
Zepto,C07120,Lucknow,Uttar Pradesh,,2024-08-19,
Zepto,C07121,Kolkata,West Bengal,,2023-02-01,
Zepto,C07122,Ahmedabad,Gujarat,,2023-04-12,
Zepto,C07123,Kolkata,West Bengal,,2023-01-27,
Zepto,C07124,Pune,Maharashtra,,2024-07-25,
Zepto,C07125,Hyderabad,Telangana,,2024-05-14,
Zepto,C07126,Ahmedabad,Gujarat,,2024-03-02,
Zepto,C07127,Lucknow,Uttar Pradesh,,2023-03-19,
Zepto,C07128,Hyderabad,Telangana,,2023-02-17,
Zepto,C07129,Kolkata,West Bengal,,2024-06-08,
Zepto,C07130,Mumbai,Maharashtra,,2023-03-09,
Zepto,C07131,Delhi,Delhi,,2024-12-31,
Zepto,C07132,Pune,Maharashtra,,2024-09-25,
Zepto,C07133,Bengaluru,Karnataka,,2024-12-03,
Zepto,C07134,Delhi,Delhi,,2024-04-03,
Zepto,C07135,Ahmedabad,Gujarat,,2023-11-19,
Zepto,C07136,Jaipur,Rajasthan,,2023-11-22,
Zepto,C07137,Chennai,Tamil Nadu,,2023-04-30,
Zepto,C07138,Kolkata,West Bengal,,2023-04-02,
Zepto,C07139,Hyderabad,Telangana,,2023-04-10,
Zepto,C07140,Bengaluru,Karnataka,,2023-11-28,
Zepto,C07141,Bengaluru,Karnataka,,2023-07-19,
Zepto,C07142,Mumbai,Maharashtra,,2023-06-30,
Zepto,C07143,Lucknow,Uttar Pradesh,,2023-11-16,
Zepto,C07144,Delhi,Delhi,,2024-12-22,
Zepto,C07145,Bengaluru,Karnataka,,2024-05-17,
Zepto,C07146,Jaipur,Rajasthan,,2023-01-08,
Zepto,C07147,Pune,Maharashtra,,2023-01-28,
Zepto,C07148,Delhi,Delhi,,2023-02-06,
Zepto,C07149,Ahmedabad,Gujarat,,2023-09-08,
Zepto,C07150,Delhi,Delhi,,2023-07-31,
Zepto,C07151,Hyderabad,Telangana,,2023-02-26,
Zepto,C07152,Chennai,Tamil Nadu,,2023-04-06,
Zepto,C07153,Kolkata,West Bengal,,2023-12-12,
Zepto,C07154,Hyderabad,Telangana,,2024-11-07,
Zepto,C07155,Lucknow,Uttar Pradesh,,2023-04-14,
Zepto,C07156,Mumbai,Maharashtra,,2024-07-19,
Zepto,C07157,Ahmedabad,Gujarat,,2024-01-05,
Zepto,C07158,Delhi,Delhi,,2023-10-02,
Zepto,C07159,Hyderabad,Telangana,,2024-08-14,
Zepto,C07160,Kolkata,West Bengal,,2023-10-22,
Zepto,C07161,Lucknow,Uttar Pradesh,,2023-01-22,
Zepto,C07162,Pune,Maharashtra,,2023-04-18,
Zepto,C07163,Kolkata,West Bengal,,2023-01-17,
Zepto,C07164,Ahmedabad,Gujarat,,2023-12-18,
Zepto,C07165,Ahmedabad,Gujarat,,2024-10-11,
Zepto,C07166,Bengaluru,Karnataka,,2024-11-08,
Zepto,C07167,Kolkata,West Bengal,,2023-12-21,
Zepto,C07168,Ahmedabad,Gujarat,,2023-06-18,
Zepto,C07169,Ahmedabad,Gujarat,,2023-03-24,
Zepto,C07170,Hyderabad,Telangana,,2023-10-19,
Zepto,C07171,Bengaluru,Karnataka,,2024-12-28,
Zepto,C07172,Pune,Maharashtra,,2023-08-12,
Zepto,C07173,Mumbai,Maharashtra,,2024-07-27,
Zepto,C07174,Kolkata,West Bengal,,2024-08-19,
Zepto,C07175,Kolkata,West Bengal,,2023-09-18,
Zepto,C07176,Kolkata,West Bengal,,2024-10-06,
Zepto,C07177,Bengaluru,Karnataka,,2023-09-25,
Zepto,C07178,Chennai,Tamil Nadu,,2024-03-28,
Zepto,C07179,Chennai,Tamil Nadu,,2023-04-26,
Zepto,C07180,Pune,Maharashtra,,2023-06-23,
Zepto,C07181,Hyderabad,Telangana,,2023-09-18,
Zepto,C07182,Jaipur,Rajasthan,,2023-01-29,
Zepto,C07183,Pune,Maharashtra,,2023-09-30,
Zepto,C07184,Lucknow,Uttar Pradesh,,2023-02-07,
Zepto,C07185,Delhi,Delhi,,2024-04-01,
Zepto,C07186,Kolkata,West Bengal,,2024-09-25,
Zepto,C07187,Kolkata,West Bengal,,2024-10-29,
Zepto,C07188,Kolkata,West Bengal,,2023-10-19,
Zepto,C07189,Kolkata,West Bengal,,2023-09-23,
Zepto,C07190,Mumbai,Maharashtra,,2024-07-22,
Zepto,C07191,Chennai,Tamil Nadu,,2023-09-11,
Zepto,C07192,Mumbai,Maharashtra,,2024-08-17,
Zepto,C07193,Bengaluru,Karnataka,,2024-06-17,
Zepto,C07194,Bengaluru,Karnataka,,2023-11-27,
Zepto,C07195,Kolkata,West Bengal,,2023-12-12,
Zepto,C07196,Lucknow,Uttar Pradesh,,2024-06-25,
Zepto,C07197,Lucknow,Uttar Pradesh,,2023-02-13,
Zepto,C07198,Hyderabad,Telangana,,2023-01-16,
Zepto,C07199,Chennai,Tamil Nadu,,2023-01-20,
Zepto,C07200,Lucknow,Uttar Pradesh,,2023-05-26,
Zepto,C07201,Mumbai,Maharashtra,,2024-05-16,
Zepto,C07202,Ahmedabad,Gujarat,,2023-10-28,
Zepto,C07203,Lucknow,Uttar Pradesh,,2023-04-30,
Zepto,C07204,Ahmedabad,Gujarat,,2023-08-01,
Zepto,C07205,Pune,Maharashtra,,2024-01-17,
Zepto,C07206,Ahmedabad,Gujarat,,2024-10-01,
Zepto,C07207,Hyderabad,Telangana,,2023-06-18,
Zepto,C07208,Ahmedabad,Gujarat,,2023-02-13,
Zepto,C07209,Pune,Maharashtra,,2024-02-23,
Zepto,C07210,Delhi,Delhi,,2024-12-02,
Zepto,C07211,Kolkata,West Bengal,,2024-06-14,
Zepto,C07212,Kolkata,West Bengal,,2024-12-12,
Zepto,C07213,Delhi,Delhi,,2024-08-20,
Zepto,C07214,Bengaluru,Karnataka,,2023-09-01,
Zepto,C07215,Hyderabad,Telangana,,2024-04-18,
Zepto,C07216,Jaipur,Rajasthan,,2023-09-27,
Zepto,C07217,Delhi,Delhi,,2024-03-23,
Zepto,C07218,Chennai,Tamil Nadu,,2024-04-17,
Zepto,C07219,Ahmedabad,Gujarat,,2024-07-05,
Zepto,C07220,Pune,Maharashtra,,2023-12-24,
Zepto,C07221,Delhi,Delhi,,2024-10-29,
Zepto,C07222,Bengaluru,Karnataka,,2024-02-19,
Zepto,C07223,Mumbai,Maharashtra,,2024-07-12,
Zepto,C07224,Mumbai,Maharashtra,,2023-05-08,
Zepto,C07225,Kolkata,West Bengal,,2024-01-18,
Zepto,C07226,Chennai,Tamil Nadu,,2023-03-12,
Zepto,C07227,Bengaluru,Karnataka,,2023-10-16,
Zepto,C07228,Kolkata,West Bengal,,2023-03-09,
Zepto,C07229,Jaipur,Rajasthan,,2024-04-13,
Zepto,C07230,Hyderabad,Telangana,,2024-12-07,
Zepto,C07231,Bengaluru,Karnataka,,2024-08-26,
Zepto,C07232,Hyderabad,Telangana,,2023-01-04,
Zepto,C07233,Delhi,Delhi,,2024-02-16,
Zepto,C07234,Ahmedabad,Gujarat,,2023-07-22,
Zepto,C07235,Hyderabad,Telangana,,2024-05-01,
Zepto,C07236,Delhi,Delhi,,2024-07-25,
Zepto,C07237,Lucknow,Uttar Pradesh,,2023-07-09,
Zepto,C07238,Delhi,Delhi,,2023-07-24,
Zepto,C07239,Hyderabad,Telangana,,2023-09-08,
Zepto,C07240,Jaipur,Rajasthan,,2024-04-10,
Zepto,C07241,Lucknow,Uttar Pradesh,,2023-01-15,
Zepto,C07242,Jaipur,Rajasthan,,2024-06-05,
Zepto,C07243,Lucknow,Uttar Pradesh,,2023-04-01,
Zepto,C07244,Jaipur,Rajasthan,,2024-11-16,
Zepto,C07245,Jaipur,Rajasthan,,2023-12-03,
Zepto,C07246,Bengaluru,Karnataka,,2024-04-03,
Zepto,C07247,Hyderabad,Telangana,,2024-08-30,
Zepto,C07248,Hyderabad,Telangana,,2023-06-28,
Zepto,C07249,Kolkata,West Bengal,,2023-04-12,
Zepto,C07250,Hyderabad,Telangana,,2023-02-23,
Zepto,C07251,Chennai,Tamil Nadu,,2024-01-30,
Zepto,C07252,Bengaluru,Karnataka,,2024-07-28,
Zepto,C07253,Mumbai,Maharashtra,,2024-07-29,
Zepto,C07254,Chennai,Tamil Nadu,,2024-05-30,
Zepto,C07255,Jaipur,Rajasthan,,2024-10-24,
Zepto,C07256,Bengaluru,Karnataka,,2024-04-07,
Zepto,C07257,Lucknow,Uttar Pradesh,,2024-10-27,
Zepto,C07258,Lucknow,Uttar Pradesh,,2023-02-20,
Zepto,C07259,Lucknow,Uttar Pradesh,,2024-07-15,
Zepto,C07260,Hyderabad,Telangana,,2024-05-02,
Zepto,C07261,Chennai,Tamil Nadu,,2023-12-29,
Zepto,C07262,Jaipur,Rajasthan,,2024-01-06,
Zepto,C07263,Jaipur,Rajasthan,,2023-08-28,
Zepto,C07264,Hyderabad,Telangana,,2024-03-26,
Zepto,C07265,Hyderabad,Telangana,,2024-09-26,
Zepto,C07266,Pune,Maharashtra,,2023-01-05,
Zepto,C07267,Bengaluru,Karnataka,,2023-05-04,
Zepto,C07268,Jaipur,Rajasthan,,2024-07-13,
Zepto,C07269,Ahmedabad,Gujarat,,2024-02-25,
Zepto,C07270,Jaipur,Rajasthan,,2023-02-01,
Zepto,C07271,Bengaluru,Karnataka,,2024-03-23,
Zepto,C07272,Pune,Maharashtra,,2023-11-23,
Zepto,C07273,Lucknow,Uttar Pradesh,,2024-08-30,
Zepto,C07274,Hyderabad,Telangana,,2024-10-01,
Zepto,C07275,Mumbai,Maharashtra,,2023-06-20,
Zepto,C07276,Mumbai,Maharashtra,,2023-03-09,
Zepto,C07277,Ahmedabad,Gujarat,,2023-11-05,
Zepto,C07278,Delhi,Delhi,,2023-01-12,
Zepto,C07279,Pune,Maharashtra,,2024-05-05,
Zepto,C07280,Kolkata,West Bengal,,2023-01-07,
Zepto,C07281,Delhi,Delhi,,2024-11-06,
Zepto,C07282,Mumbai,Maharashtra,,2024-12-10,
Zepto,C07283,Lucknow,Uttar Pradesh,,2024-04-19,
Zepto,C07284,Hyderabad,Telangana,,2024-12-08,
Zepto,C07285,Pune,Maharashtra,,2023-09-27,
Zepto,C07286,Bengaluru,Karnataka,,2024-03-03,
Zepto,C07287,Jaipur,Rajasthan,,2023-06-11,
Zepto,C07288,Kolkata,West Bengal,,2024-01-22,
Zepto,C07289,Jaipur,Rajasthan,,2024-07-23,
Zepto,C07290,Hyderabad,Telangana,,2024-03-05,
Zepto,C07291,Delhi,Delhi,,2023-05-22,
Zepto,C07292,Lucknow,Uttar Pradesh,,2023-02-27,
Zepto,C07293,Lucknow,Uttar Pradesh,,2024-10-24,
Zepto,C07294,Bengaluru,Karnataka,,2023-03-28,
Zepto,C07295,Lucknow,Uttar Pradesh,,2024-09-17,
Zepto,C07296,Kolkata,West Bengal,,2024-02-01,
Zepto,C07297,Kolkata,West Bengal,,2024-10-18,
Zepto,C07298,Hyderabad,Telangana,,2024-03-28,
Zepto,C07299,Chennai,Tamil Nadu,,2023-04-12,
Zepto,C07300,Ahmedabad,Gujarat,,2024-09-12,
Zepto,C07301,Chennai,Tamil Nadu,,2024-09-07,
Zepto,C07302,Kolkata,West Bengal,,2024-04-27,
Zepto,C07303,Bengaluru,Karnataka,,2023-01-31,
Zepto,C07304,Bengaluru,Karnataka,,2024-07-05,
Zepto,C07305,Bengaluru,Karnataka,,2024-01-22,
Zepto,C07306,Hyderabad,Telangana,,2024-11-22,
Zepto,C07307,Jaipur,Rajasthan,,2024-03-12,
Zepto,C07308,Jaipur,Rajasthan,,2024-05-05,
Zepto,C07309,Chennai,Tamil Nadu,,2023-05-06,
Zepto,C07310,Chennai,Tamil Nadu,,2024-09-16,
Zepto,C07311,Bengaluru,Karnataka,,2024-04-14,
Zepto,C07312,Pune,Maharashtra,,2023-06-04,
Zepto,C07313,Pune,Maharashtra,,2023-09-16,
Zepto,C07314,Ahmedabad,Gujarat,,2023-11-22,
Zepto,C07315,Kolkata,West Bengal,,2023-01-08,
Zepto,C07316,Mumbai,Maharashtra,,2023-08-22,
Zepto,C07317,Delhi,Delhi,,2024-11-23,
Zepto,C07318,Ahmedabad,Gujarat,,2023-01-01,
Zepto,C07319,Lucknow,Uttar Pradesh,,2023-08-09,
Zepto,C07320,Lucknow,Uttar Pradesh,,2024-05-04,
Zepto,C07321,Ahmedabad,Gujarat,,2023-03-10,
Zepto,C07322,Jaipur,Rajasthan,,2024-02-26,
Zepto,C07323,Kolkata,West Bengal,,2023-08-01,
Zepto,C07324,Bengaluru,Karnataka,,2024-02-24,
Zepto,C07325,Lucknow,Uttar Pradesh,,2023-09-16,
Zepto,C07326,Lucknow,Uttar Pradesh,,2024-05-13,
Zepto,C07327,Chennai,Tamil Nadu,,2023-09-12,
Zepto,C07328,Delhi,Delhi,,2024-10-30,
Zepto,C07329,Mumbai,Maharashtra,,2023-03-20,
Zepto,C07330,Bengaluru,Karnataka,,2024-06-29,
Zepto,C07331,Pune,Maharashtra,,2023-09-10,
Zepto,C07332,Kolkata,West Bengal,,2024-06-21,
Zepto,C07333,Delhi,Delhi,,2024-09-07,
Zepto,C07334,Bengaluru,Karnataka,,2023-11-04,
Zepto,C07335,Ahmedabad,Gujarat,,2023-12-01,
Zepto,C07336,Kolkata,West Bengal,,2023-04-06,
Zepto,C07337,Hyderabad,Telangana,,2023-09-05,
Zepto,C07338,Chennai,Tamil Nadu,,2023-06-08,
Zepto,C07339,Ahmedabad,Gujarat,,2024-02-08,
Zepto,C07340,Bengaluru,Karnataka,,2024-08-12,
Zepto,C07341,Hyderabad,Telangana,,2023-03-21,
Zepto,C07342,Hyderabad,Telangana,,2024-11-15,
Zepto,C07343,Chennai,Tamil Nadu,,2024-10-11,
Zepto,C07344,Bengaluru,Karnataka,,2024-11-05,
Zepto,C07345,Ahmedabad,Gujarat,,2024-11-22,
Zepto,C07346,Delhi,Delhi,,2024-09-08,
Zepto,C07347,Lucknow,Uttar Pradesh,,2023-04-28,
Zepto,C07348,Chennai,Tamil Nadu,,2023-07-04,
Zepto,C07349,Kolkata,West Bengal,,2024-10-24,
Zepto,C07350,Jaipur,Rajasthan,,2023-10-18,
Zepto,C07351,Mumbai,Maharashtra,,2024-04-19,
Zepto,C07352,Mumbai,Maharashtra,,2024-01-19,
Zepto,C07353,Pune,Maharashtra,,2023-10-03,
Zepto,C07354,Lucknow,Uttar Pradesh,,2023-01-24,
Zepto,C07355,Lucknow,Uttar Pradesh,,2024-04-10,
Zepto,C07356,Hyderabad,Telangana,,2023-05-02,
Zepto,C07357,Lucknow,Uttar Pradesh,,2023-09-14,
Zepto,C07358,Chennai,Tamil Nadu,,2024-11-19,
Zepto,C07359,Delhi,Delhi,,2024-08-11,
Zepto,C07360,Mumbai,Maharashtra,,2023-12-17,
Zepto,C07361,Chennai,Tamil Nadu,,2024-10-11,
Zepto,C07362,Mumbai,Maharashtra,,2023-12-05,
Zepto,C07363,Bengaluru,Karnataka,,2024-06-01,
Zepto,C07364,Ahmedabad,Gujarat,,2024-07-13,
Zepto,C07365,Chennai,Tamil Nadu,,2023-08-01,
Zepto,C07366,Jaipur,Rajasthan,,2024-05-31,
Zepto,C07367,Bengaluru,Karnataka,,2024-06-26,
Zepto,C07368,Hyderabad,Telangana,,2024-09-10,
Zepto,C07369,Jaipur,Rajasthan,,2024-09-08,
Zepto,C07370,Jaipur,Rajasthan,,2023-10-27,
Zepto,C07371,Kolkata,West Bengal,,2023-06-11,
Zepto,C07372,Bengaluru,Karnataka,,2024-04-03,
Zepto,C07373,Ahmedabad,Gujarat,,2023-12-03,
Zepto,C07374,Bengaluru,Karnataka,,2023-02-05,
Zepto,C07375,Lucknow,Uttar Pradesh,,2023-02-18,
Zepto,C07376,Kolkata,West Bengal,,2023-09-23,
Zepto,C07377,Lucknow,Uttar Pradesh,,2023-06-21,
Zepto,C07378,Chennai,Tamil Nadu,,2023-01-14,
Zepto,C07379,Jaipur,Rajasthan,,2024-10-30,
Zepto,C07380,Hyderabad,Telangana,,2024-02-12,
Zepto,C07381,Chennai,Tamil Nadu,,2023-05-09,
Zepto,C07382,Chennai,Tamil Nadu,,2024-05-10,
Zepto,C07383,Pune,Maharashtra,,2023-07-07,
Zepto,C07384,Jaipur,Rajasthan,,2023-09-11,
Zepto,C07385,Kolkata,West Bengal,,2023-03-23,
Zepto,C07386,Lucknow,Uttar Pradesh,,2023-02-17,
Zepto,C07387,Kolkata,West Bengal,,2024-12-29,
Zepto,C07388,Chennai,Tamil Nadu,,2023-06-01,
Zepto,C07389,Hyderabad,Telangana,,2023-05-14,
Zepto,C07390,Delhi,Delhi,,2023-02-09,
Zepto,C07391,Hyderabad,Telangana,,2024-05-18,
Zepto,C07392,Delhi,Delhi,,2023-09-19,
Zepto,C07393,Bengaluru,Karnataka,,2024-09-14,
Zepto,C07394,Mumbai,Maharashtra,,2023-04-18,
Zepto,C07395,Chennai,Tamil Nadu,,2024-04-21,
Zepto,C07396,Pune,Maharashtra,,2024-04-05,
Zepto,C07397,Kolkata,West Bengal,,2024-10-05,
Zepto,C07398,Ahmedabad,Gujarat,,2024-09-09,
Zepto,C07399,Lucknow,Uttar Pradesh,,2024-10-02,
Zepto,C07400,Pune,Maharashtra,,2023-06-16,
Zepto,C07401,Hyderabad,Telangana,,2023-07-18,
Zepto,C07402,Bengaluru,Karnataka,,2023-01-27,
Zepto,C07403,Ahmedabad,Gujarat,,2023-12-24,
Zepto,C07404,Kolkata,West Bengal,,2023-10-25,
Zepto,C07405,Delhi,Delhi,,2023-04-17,
Zepto,C07406,Jaipur,Rajasthan,,2023-06-17,
Zepto,C07407,Hyderabad,Telangana,,2023-01-30,
Zepto,C07408,Mumbai,Maharashtra,,2024-07-02,
Zepto,C07409,Jaipur,Rajasthan,,2023-01-22,
Zepto,C07410,Ahmedabad,Gujarat,,2024-05-10,
Zepto,C07411,Kolkata,West Bengal,,2024-06-12,
Zepto,C07412,Ahmedabad,Gujarat,,2024-03-01,
Zepto,C07413,Bengaluru,Karnataka,,2024-03-04,
Zepto,C07414,Ahmedabad,Gujarat,,2023-01-07,
Zepto,C07415,Chennai,Tamil Nadu,,2024-03-05,
Zepto,C07416,Pune,Maharashtra,,2024-09-13,
Zepto,C07417,Ahmedabad,Gujarat,,2023-10-26,
Zepto,C07418,Kolkata,West Bengal,,2024-07-05,
Zepto,C07419,Lucknow,Uttar Pradesh,,2024-01-18,
Zepto,C07420,Hyderabad,Telangana,,2024-11-03,
Zepto,C07421,Lucknow,Uttar Pradesh,,2023-12-28,
Zepto,C07422,Lucknow,Uttar Pradesh,,2024-09-16,
Zepto,C07423,Chennai,Tamil Nadu,,2024-05-14,
Zepto,C07424,Delhi,Delhi,,2024-12-19,
Zepto,C07425,Hyderabad,Telangana,,2023-08-24,
Zepto,C07426,Mumbai,Maharashtra,,2024-03-20,
Zepto,C07427,Kolkata,West Bengal,,2023-02-24,
Zepto,C07428,Delhi,Delhi,,2024-10-16,
Zepto,C07429,Lucknow,Uttar Pradesh,,2023-07-29,
Zepto,C07430,Jaipur,Rajasthan,,2024-05-25,
Zepto,C07431,Chennai,Tamil Nadu,,2024-12-19,
Zepto,C07432,Delhi,Delhi,,2024-07-03,
Zepto,C07433,Chennai,Tamil Nadu,,2024-05-26,
Zepto,C07434,Kolkata,West Bengal,,2024-06-24,
Zepto,C07435,Bengaluru,Karnataka,,2024-08-20,
Zepto,C07436,Lucknow,Uttar Pradesh,,2023-02-11,
Zepto,C07437,Kolkata,West Bengal,,2023-05-24,
Zepto,C07438,Pune,Maharashtra,,2024-06-17,
Zepto,C07439,Kolkata,West Bengal,,2023-08-17,
Zepto,C07440,Ahmedabad,Gujarat,,2023-09-16,
Zepto,C07441,Bengaluru,Karnataka,,2023-11-07,
Zepto,C07442,Delhi,Delhi,,2024-02-27,
Zepto,C07443,Ahmedabad,Gujarat,,2023-04-17,
Zepto,C07444,Pune,Maharashtra,,2023-09-24,
Zepto,C07445,Pune,Maharashtra,,2024-03-26,
Zepto,C07446,Kolkata,West Bengal,,2024-03-05,
Zepto,C07447,Hyderabad,Telangana,,2024-07-12,
Zepto,C07448,Ahmedabad,Gujarat,,2024-07-02,
Zepto,C07449,Bengaluru,Karnataka,,2024-10-14,
Zepto,C07450,Jaipur,Rajasthan,,2023-05-02,
Zepto,C07451,Chennai,Tamil Nadu,,2023-04-21,
Zepto,C07452,Chennai,Tamil Nadu,,2023-04-12,
Zepto,C07453,Chennai,Tamil Nadu,,2024-11-20,
Zepto,C07454,Bengaluru,Karnataka,,2024-08-13,
Zepto,C07455,Jaipur,Rajasthan,,2024-12-28,
Zepto,C07456,Bengaluru,Karnataka,,2024-03-29,
Zepto,C07457,Pune,Maharashtra,,2023-07-19,
Zepto,C07458,Chennai,Tamil Nadu,,2023-10-05,
Zepto,C07459,Mumbai,Maharashtra,,2024-11-03,
Zepto,C07460,Bengaluru,Karnataka,,2024-08-02,
Zepto,C07461,Lucknow,Uttar Pradesh,,2024-02-03,
Zepto,C07462,Hyderabad,Telangana,,2024-04-20,
Zepto,C07463,Pune,Maharashtra,,2024-07-22,
Zepto,C07464,Hyderabad,Telangana,,2024-07-17,
Zepto,C07465,Mumbai,Maharashtra,,2023-01-14,
Zepto,C07466,Delhi,Delhi,,2024-06-22,
Zepto,C07467,Mumbai,Maharashtra,,2023-01-01,
Zepto,C07468,Kolkata,West Bengal,,2024-06-20,
Zepto,C07469,Mumbai,Maharashtra,,2024-04-10,
Zepto,C07470,Lucknow,Uttar Pradesh,,2023-06-24,
Zepto,C07471,Kolkata,West Bengal,,2023-06-21,
Zepto,C07472,Lucknow,Uttar Pradesh,,2024-07-28,
Zepto,C07473,Ahmedabad,Gujarat,,2023-05-18,
Zepto,C07474,Jaipur,Rajasthan,,2024-02-23,
Zepto,C07475,Chennai,Tamil Nadu,,2024-08-20,
Zepto,C07476,Jaipur,Rajasthan,,2024-05-14,
Zepto,C07477,Mumbai,Maharashtra,,2024-09-16,
Zepto,C07478,Jaipur,Rajasthan,,2023-12-23,
Zepto,C07479,Kolkata,West Bengal,,2024-11-01,
Zepto,C07480,Delhi,Delhi,,2024-11-09,
Zepto,C07481,Ahmedabad,Gujarat,,2024-01-10,
Zepto,C07482,Chennai,Tamil Nadu,,2024-08-22,
Zepto,C07483,Ahmedabad,Gujarat,,2024-08-02,
Zepto,C07484,Jaipur,Rajasthan,,2024-09-21,
Zepto,C07485,Delhi,Delhi,,2023-03-14,
Zepto,C07486,Jaipur,Rajasthan,,2023-10-14,
Zepto,C07487,Chennai,Tamil Nadu,,2024-08-23,
Zepto,C07488,Kolkata,West Bengal,,2023-07-08,
Zepto,C07489,Mumbai,Maharashtra,,2024-05-20,
Zepto,C07490,Mumbai,Maharashtra,,2023-12-31,
Zepto,C07491,Chennai,Tamil Nadu,,2023-08-04,
Zepto,C07492,Lucknow,Uttar Pradesh,,2023-05-12,
Zepto,C07493,Jaipur,Rajasthan,,2023-01-26,
Zepto,C07494,Mumbai,Maharashtra,,2023-04-17,
Zepto,C07495,Kolkata,West Bengal,,2023-06-06,
Zepto,C07496,Ahmedabad,Gujarat,,2024-11-25,
Zepto,C07497,Delhi,Delhi,,2024-08-08,
Zepto,C07498,Chennai,Tamil Nadu,,2024-03-11,
Zepto,C07499,Ahmedabad,Gujarat,,2023-06-13,
Zepto,C07500,Kolkata,West Bengal,,2023-09-06,
Zepto,C07501,Jaipur,Rajasthan,,2024-09-09,
Zepto,C07502,Mumbai,Maharashtra,,2024-12-08,
Zepto,C07503,Delhi,Delhi,,2024-06-01,
Zepto,C07504,Bengaluru,Karnataka,,2023-07-19,
Zepto,C07505,Ahmedabad,Gujarat,,2023-09-13,
Zepto,C07506,Jaipur,Rajasthan,,2024-05-06,
Zepto,C07507,Pune,Maharashtra,,2023-05-23,
Zepto,C07508,Jaipur,Rajasthan,,2024-01-04,
Zepto,C07509,Ahmedabad,Gujarat,,2024-06-21,
Zepto,C07510,Ahmedabad,Gujarat,,2023-04-25,
Zepto,C07511,Pune,Maharashtra,,2023-09-25,
Zepto,C07512,Chennai,Tamil Nadu,,2024-03-31,
Zepto,C07513,Jaipur,Rajasthan,,2023-10-21,
Zepto,C07514,Chennai,Tamil Nadu,,2024-01-16,
Zepto,C07515,Ahmedabad,Gujarat,,2023-02-11,
Zepto,C07516,Jaipur,Rajasthan,,2023-04-17,
Zepto,C07517,Ahmedabad,Gujarat,,2024-01-08,
Zepto,C07518,Bengaluru,Karnataka,,2024-08-11,
Zepto,C07519,Bengaluru,Karnataka,,2023-10-23,
Zepto,C07520,Delhi,Delhi,,2023-03-24,
Zepto,C07521,Ahmedabad,Gujarat,,2024-12-14,
Zepto,C07522,Jaipur,Rajasthan,,2024-09-30,
Zepto,C07523,Ahmedabad,Gujarat,,2023-04-12,
Zepto,C07524,Ahmedabad,Gujarat,,2023-09-16,
Zepto,C07525,Jaipur,Rajasthan,,2024-06-30,
Zepto,C07526,Delhi,Delhi,,2024-12-18,
Zepto,C07527,Jaipur,Rajasthan,,2024-11-21,
Zepto,C07528,Kolkata,West Bengal,,2024-10-11,
Zepto,C07529,Lucknow,Uttar Pradesh,,2023-02-07,
Zepto,C07530,Kolkata,West Bengal,,2023-01-21,
Zepto,C07531,Jaipur,Rajasthan,,2023-11-06,
Zepto,C07532,Kolkata,West Bengal,,2024-08-09,
Zepto,C07533,Bengaluru,Karnataka,,2024-03-01,
Zepto,C07534,Hyderabad,Telangana,,2024-04-06,
Zepto,C07535,Pune,Maharashtra,,2024-08-18,
Zepto,C07536,Pune,Maharashtra,,2024-08-19,
Zepto,C07537,Mumbai,Maharashtra,,2023-07-05,
Zepto,C07538,Delhi,Delhi,,2024-01-28,
Zepto,C07539,Delhi,Delhi,,2023-10-17,
Zepto,C07540,Bengaluru,Karnataka,,2024-05-22,
Zepto,C07541,Mumbai,Maharashtra,,2023-05-13,
Zepto,C07542,Ahmedabad,Gujarat,,2024-02-02,
Zepto,C07543,Kolkata,West Bengal,,2023-01-03,
Zepto,C07544,Kolkata,West Bengal,,2023-10-12,
Zepto,C07545,Ahmedabad,Gujarat,,2023-02-08,
Zepto,C07546,Chennai,Tamil Nadu,,2024-11-25,
Zepto,C07547,Hyderabad,Telangana,,2024-11-15,
Zepto,C07548,Chennai,Tamil Nadu,,2024-07-02,
Zepto,C07549,Hyderabad,Telangana,,2023-12-08,
Zepto,C07550,Mumbai,Maharashtra,,2023-11-24,
Zepto,C07551,Delhi,Delhi,,2023-08-20,
Zepto,C07552,Jaipur,Rajasthan,,2024-09-10,
Zepto,C07553,Hyderabad,Telangana,,2023-10-02,
Zepto,C07554,Kolkata,West Bengal,,2024-07-29,
Zepto,C07555,Kolkata,West Bengal,,2023-09-03,
Zepto,C07556,Bengaluru,Karnataka,,2024-07-23,
Zepto,C07557,Jaipur,Rajasthan,,2024-02-03,
Zepto,C07558,Pune,Maharashtra,,2024-05-15,
Zepto,C07559,Bengaluru,Karnataka,,2024-02-20,
Zepto,C07560,Chennai,Tamil Nadu,,2023-09-15,
Zepto,C07561,Mumbai,Maharashtra,,2023-12-08,
Zepto,C07562,Lucknow,Uttar Pradesh,,2024-09-18,
Zepto,C07563,Lucknow,Uttar Pradesh,,2024-05-23,
Zepto,C07564,Mumbai,Maharashtra,,2023-09-16,
Zepto,C07565,Lucknow,Uttar Pradesh,,2023-04-18,
Zepto,C07566,Hyderabad,Telangana,,2024-01-26,
Zepto,C07567,Delhi,Delhi,,2023-11-05,
Zepto,C07568,Bengaluru,Karnataka,,2023-05-28,
Zepto,C07569,Chennai,Tamil Nadu,,2023-01-03,
Zepto,C07570,Chennai,Tamil Nadu,,2024-08-31,
Zepto,C07571,Hyderabad,Telangana,,2024-12-08,
Zepto,C07572,Bengaluru,Karnataka,,2024-04-03,
Zepto,C07573,Chennai,Tamil Nadu,,2024-11-09,
Zepto,C07574,Lucknow,Uttar Pradesh,,2023-04-09,
Zepto,C07575,Pune,Maharashtra,,2024-01-25,
Zepto,C07576,Jaipur,Rajasthan,,2023-10-09,
Zepto,C07577,Lucknow,Uttar Pradesh,,2024-04-10,
Zepto,C07578,Chennai,Tamil Nadu,,2023-01-04,
Zepto,C07579,Lucknow,Uttar Pradesh,,2023-02-25,
Zepto,C07580,Ahmedabad,Gujarat,,2023-07-12,
Zepto,C07581,Kolkata,West Bengal,,2023-03-12,
Zepto,C07582,Chennai,Tamil Nadu,,2023-11-25,
Zepto,C07583,Ahmedabad,Gujarat,,2023-07-20,
Zepto,C07584,Bengaluru,Karnataka,,2023-03-07,
Zepto,C07585,Bengaluru,Karnataka,,2023-06-14,
Zepto,C07586,Hyderabad,Telangana,,2024-05-27,
Zepto,C07587,Mumbai,Maharashtra,,2024-01-30,
Zepto,C07588,Mumbai,Maharashtra,,2024-12-04,
Zepto,C07589,Pune,Maharashtra,,2023-06-14,
Zepto,C07590,Kolkata,West Bengal,,2024-03-29,
Zepto,C07591,Pune,Maharashtra,,2023-02-05,
Zepto,C07592,Hyderabad,Telangana,,2023-07-21,
Zepto,C07593,Pune,Maharashtra,,2024-07-20,
Zepto,C07594,Lucknow,Uttar Pradesh,,2024-01-09,
Zepto,C07595,Mumbai,Maharashtra,,2024-08-16,
Zepto,C07596,Pune,Maharashtra,,2023-03-02,
Zepto,C07597,Bengaluru,Karnataka,,2023-08-19,
Zepto,C07598,Jaipur,Rajasthan,,2024-03-07,
Zepto,C07599,Jaipur,Rajasthan,,2023-11-02,
Zepto,C07600,Pune,Maharashtra,,2023-06-22,
Zepto,C07601,Kolkata,West Bengal,,2024-01-07,
Zepto,C07602,Bengaluru,Karnataka,,2024-04-14,
Zepto,C07603,Chennai,Tamil Nadu,,2024-10-02,
Zepto,C07604,Pune,Maharashtra,,2024-02-25,
Zepto,C07605,Kolkata,West Bengal,,2024-04-01,
Zepto,C07606,Chennai,Tamil Nadu,,2023-02-20,
Zepto,C07607,Hyderabad,Telangana,,2023-07-25,
Zepto,C07608,Hyderabad,Telangana,,2023-06-09,
Zepto,C07609,Bengaluru,Karnataka,,2024-02-22,
Zepto,C07610,Hyderabad,Telangana,,2024-05-04,
Zepto,C07611,Hyderabad,Telangana,,2023-05-03,
Zepto,C07612,Jaipur,Rajasthan,,2023-09-11,
Zepto,C07613,Bengaluru,Karnataka,,2023-06-17,
Zepto,C07614,Chennai,Tamil Nadu,,2024-03-24,
Zepto,C07615,Kolkata,West Bengal,,2023-10-25,
Zepto,C07616,Mumbai,Maharashtra,,2024-04-22,
Zepto,C07617,Delhi,Delhi,,2023-02-07,
Zepto,C07618,Jaipur,Rajasthan,,2023-01-10,
Zepto,C07619,Delhi,Delhi,,2023-04-26,
Zepto,C07620,Mumbai,Maharashtra,,2023-01-27,
Zepto,C07621,Mumbai,Maharashtra,,2024-03-25,
Zepto,C07622,Lucknow,Uttar Pradesh,,2023-06-27,
Zepto,C07623,Kolkata,West Bengal,,2023-10-24,
Zepto,C07624,Ahmedabad,Gujarat,,2023-02-11,
Zepto,C07625,Pune,Maharashtra,,2023-01-10,
Zepto,C07626,Ahmedabad,Gujarat,,2024-07-16,
Zepto,C07627,Ahmedabad,Gujarat,,2024-01-02,
Zepto,C07628,Pune,Maharashtra,,2023-03-15,
Zepto,C07629,Chennai,Tamil Nadu,,2023-05-15,
Zepto,C07630,Pune,Maharashtra,,2023-08-24,
Zepto,C07631,Delhi,Delhi,,2023-05-01,
Zepto,C07632,Delhi,Delhi,,2023-09-20,
Zepto,C07633,Kolkata,West Bengal,,2023-04-18,
Zepto,C07634,Bengaluru,Karnataka,,2023-11-22,
Zepto,C07635,Ahmedabad,Gujarat,,2023-07-24,
Zepto,C07636,Bengaluru,Karnataka,,2023-11-26,
Zepto,C07637,Chennai,Tamil Nadu,,2023-01-21,
Zepto,C07638,Lucknow,Uttar Pradesh,,2024-03-14,
Zepto,C07639,Hyderabad,Telangana,,2024-02-22,
Zepto,C07640,Lucknow,Uttar Pradesh,,2024-08-11,
Zepto,C07641,Mumbai,Maharashtra,,2023-01-27,
Zepto,C07642,Ahmedabad,Gujarat,,2024-12-25,
Zepto,C07643,Bengaluru,Karnataka,,2024-06-12,
Zepto,C07644,Lucknow,Uttar Pradesh,,2023-09-21,
Zepto,C07645,Chennai,Tamil Nadu,,2024-12-25,
Zepto,C07646,Bengaluru,Karnataka,,2024-05-05,
Zepto,C07647,Kolkata,West Bengal,,2023-10-13,
Zepto,C07648,Bengaluru,Karnataka,,2024-08-02,
Zepto,C07649,Mumbai,Maharashtra,,2024-03-12,
Zepto,C07650,Kolkata,West Bengal,,2024-04-11,
Zepto,C07651,Jaipur,Rajasthan,,2024-12-08,
Zepto,C07652,Pune,Maharashtra,,2023-03-27,
Zepto,C07653,Lucknow,Uttar Pradesh,,2023-07-02,
Zepto,C07654,Kolkata,West Bengal,,2023-03-27,
Zepto,C07655,Lucknow,Uttar Pradesh,,2023-11-30,
Zepto,C07656,Mumbai,Maharashtra,,2024-11-29,
Zepto,C07657,Delhi,Delhi,,2023-01-21,
Zepto,C07658,Mumbai,Maharashtra,,2024-08-04,
Zepto,C07659,Kolkata,West Bengal,,2023-01-22,
Zepto,C07660,Hyderabad,Telangana,,2024-08-20,
Zepto,C07661,Ahmedabad,Gujarat,,2024-03-14,
Zepto,C07662,Mumbai,Maharashtra,,2024-10-26,
Zepto,C07663,Jaipur,Rajasthan,,2023-08-12,
Zepto,C07664,Jaipur,Rajasthan,,2023-02-06,
Zepto,C07665,Delhi,Delhi,,2024-08-22,
Zepto,C07666,Hyderabad,Telangana,,2024-03-03,
Zepto,C07667,Lucknow,Uttar Pradesh,,2024-10-12,
Zepto,C07668,Lucknow,Uttar Pradesh,,2023-05-01,
Zepto,C07669,Hyderabad,Telangana,,2024-02-27,
Zepto,C07670,Bengaluru,Karnataka,,2023-04-06,
Zepto,C07671,Delhi,Delhi,,2024-05-04,
Zepto,C07672,Mumbai,Maharashtra,,2023-10-13,
Zepto,C07673,Delhi,Delhi,,2023-12-07,
Zepto,C07674,Pune,Maharashtra,,2023-02-23,
Zepto,C07675,Lucknow,Uttar Pradesh,,2023-03-02,
Zepto,C07676,Ahmedabad,Gujarat,,2024-01-04,
Zepto,C07677,Delhi,Delhi,,2023-11-20,
Zepto,C07678,Bengaluru,Karnataka,,2024-05-23,
Zepto,C07679,Jaipur,Rajasthan,,2023-02-15,
Zepto,C07680,Delhi,Delhi,,2023-01-04,
Zepto,C07681,Chennai,Tamil Nadu,,2023-04-10,
Zepto,C07682,Lucknow,Uttar Pradesh,,2024-04-20,
Zepto,C07683,Delhi,Delhi,,2024-02-15,
Zepto,C07684,Chennai,Tamil Nadu,,2023-11-16,
Zepto,C07685,Chennai,Tamil Nadu,,2024-11-18,
Zepto,C07686,Bengaluru,Karnataka,,2024-12-07,
Zepto,C07687,Mumbai,Maharashtra,,2023-12-15,
Zepto,C07688,Bengaluru,Karnataka,,2024-06-19,
Zepto,C07689,Bengaluru,Karnataka,,2023-04-04,
Zepto,C07690,Kolkata,West Bengal,,2023-09-14,
Zepto,C07691,Lucknow,Uttar Pradesh,,2024-04-05,
Zepto,C07692,Jaipur,Rajasthan,,2023-02-13,
Zepto,C07693,Kolkata,West Bengal,,2023-03-28,
Zepto,C07694,Ahmedabad,Gujarat,,2023-08-26,
Zepto,C07695,Pune,Maharashtra,,2023-08-17,
Zepto,C07696,Delhi,Delhi,,2024-06-25,
Zepto,C07697,Mumbai,Maharashtra,,2023-06-12,
Zepto,C07698,Pune,Maharashtra,,2023-06-10,
Zepto,C07699,Delhi,Delhi,,2023-11-21,
Zepto,C07700,Ahmedabad,Gujarat,,2024-02-17,
Zepto,C07701,Mumbai,Maharashtra,,2024-01-23,
Zepto,C07702,Jaipur,Rajasthan,,2024-11-24,
Zepto,C07703,Pune,Maharashtra,,2024-07-19,
Zepto,C07704,Chennai,Tamil Nadu,,2024-12-20,
Zepto,C07705,Hyderabad,Telangana,,2024-08-11,
Zepto,C07706,Chennai,Tamil Nadu,,2024-01-22,
Zepto,C07707,Chennai,Tamil Nadu,,2024-09-13,
Zepto,C07708,Pune,Maharashtra,,2023-08-19,
Zepto,C07709,Hyderabad,Telangana,,2023-01-23,
Zepto,C07710,Lucknow,Uttar Pradesh,,2023-02-13,
Zepto,C07711,Delhi,Delhi,,2024-01-03,
Zepto,C07712,Chennai,Tamil Nadu,,2023-11-23,
Zepto,C07713,Chennai,Tamil Nadu,,2023-12-22,
Zepto,C07714,Jaipur,Rajasthan,,2024-06-17,
Zepto,C07715,Bengaluru,Karnataka,,2023-12-25,
Zepto,C07716,Mumbai,Maharashtra,,2023-07-24,
Zepto,C07717,Ahmedabad,Gujarat,,2024-06-04,
Zepto,C07718,Mumbai,Maharashtra,,2023-02-05,
Zepto,C07719,Kolkata,West Bengal,,2024-12-31,
Zepto,C07720,Hyderabad,Telangana,,2024-02-03,
Zepto,C07721,Chennai,Tamil Nadu,,2023-03-28,
Zepto,C07722,Lucknow,Uttar Pradesh,,2023-11-20,
Zepto,C07723,Bengaluru,Karnataka,,2024-12-17,
Zepto,C07724,Delhi,Delhi,,2024-03-30,
Zepto,C07725,Ahmedabad,Gujarat,,2023-07-27,
Zepto,C07726,Mumbai,Maharashtra,,2023-03-23,
Zepto,C07727,Mumbai,Maharashtra,,2023-03-03,
Zepto,C07728,Hyderabad,Telangana,,2024-11-24,
Zepto,C07729,Jaipur,Rajasthan,,2023-09-13,
Zepto,C07730,Chennai,Tamil Nadu,,2023-01-01,
Zepto,C07731,Delhi,Delhi,,2023-10-17,
Zepto,C07732,Mumbai,Maharashtra,,2023-05-11,
Zepto,C07733,Kolkata,West Bengal,,2023-12-17,
Zepto,C07734,Ahmedabad,Gujarat,,2024-01-06,
Zepto,C07735,Pune,Maharashtra,,2024-11-21,
Zepto,C07736,Jaipur,Rajasthan,,2024-08-09,
Zepto,C07737,Pune,Maharashtra,,2023-08-31,
Zepto,C07738,Lucknow,Uttar Pradesh,,2023-09-26,
Zepto,C07739,Ahmedabad,Gujarat,,2024-02-12,
Zepto,C07740,Delhi,Delhi,,2024-07-29,
Zepto,C07741,Mumbai,Maharashtra,,2023-10-07,
Zepto,C07742,Jaipur,Rajasthan,,2024-04-06,
Zepto,C07743,Chennai,Tamil Nadu,,2023-08-19,
Zepto,C07744,Ahmedabad,Gujarat,,2023-09-03,
Zepto,C07745,Chennai,Tamil Nadu,,2023-03-04,
Zepto,C07746,Mumbai,Maharashtra,,2023-11-05,
Zepto,C07747,Lucknow,Uttar Pradesh,,2024-12-29,
Zepto,C07748,Kolkata,West Bengal,,2023-07-24,
Zepto,C07749,Ahmedabad,Gujarat,,2023-04-17,
Zepto,C07750,Ahmedabad,Gujarat,,2024-07-03,
Zepto,C07751,Bengaluru,Karnataka,,2023-03-08,
Zepto,C07752,Hyderabad,Telangana,,2024-06-24,
Zepto,C07753,Hyderabad,Telangana,,2023-03-19,
Zepto,C07754,Kolkata,West Bengal,,2023-06-23,
Zepto,C07755,Kolkata,West Bengal,,2024-05-06,
Zepto,C07756,Chennai,Tamil Nadu,,2024-04-20,
Zepto,C07757,Jaipur,Rajasthan,,2024-03-09,
Zepto,C07758,Delhi,Delhi,,2024-10-15,
Zepto,C07759,Bengaluru,Karnataka,,2023-12-08,
Zepto,C07760,Pune,Maharashtra,,2023-06-04,
Zepto,C07761,Lucknow,Uttar Pradesh,,2023-07-13,
Zepto,C07762,Chennai,Tamil Nadu,,2023-12-16,
Zepto,C07763,Delhi,Delhi,,2023-12-21,
Zepto,C07764,Jaipur,Rajasthan,,2023-04-26,
Zepto,C07765,Mumbai,Maharashtra,,2024-04-06,
Zepto,C07766,Lucknow,Uttar Pradesh,,2023-07-22,
Zepto,C07767,Chennai,Tamil Nadu,,2023-11-17,
Zepto,C07768,Bengaluru,Karnataka,,2023-12-24,
Zepto,C07769,Hyderabad,Telangana,,2024-12-12,
Zepto,C07770,Chennai,Tamil Nadu,,2024-12-15,
Zepto,C07771,Delhi,Delhi,,2023-10-27,
Zepto,C07772,Ahmedabad,Gujarat,,2024-04-27,
Zepto,C07773,Mumbai,Maharashtra,,2024-01-05,
Zepto,C07774,Bengaluru,Karnataka,,2023-02-12,
Zepto,C07775,Kolkata,West Bengal,,2023-07-17,
Zepto,C07776,Kolkata,West Bengal,,2024-05-27,
Zepto,C07777,Chennai,Tamil Nadu,,2023-11-13,
Zepto,C07778,Hyderabad,Telangana,,2023-05-16,
Zepto,C07779,Mumbai,Maharashtra,,2024-01-22,
Zepto,C07780,Chennai,Tamil Nadu,,2023-05-31,
Zepto,C07781,Lucknow,Uttar Pradesh,,2023-06-29,
Zepto,C07782,Pune,Maharashtra,,2023-02-21,
Zepto,C07783,Mumbai,Maharashtra,,2024-08-12,
Zepto,C07784,Delhi,Delhi,,2023-05-22,
Zepto,C07785,Lucknow,Uttar Pradesh,,2024-06-01,
Zepto,C07786,Delhi,Delhi,,2024-01-13,
Zepto,C07787,Kolkata,West Bengal,,2023-03-22,
Zepto,C07788,Jaipur,Rajasthan,,2023-02-05,
Zepto,C07789,Mumbai,Maharashtra,,2023-12-01,
Zepto,C07790,Delhi,Delhi,,2023-10-08,
Zepto,C07791,Ahmedabad,Gujarat,,2023-09-26,
Zepto,C07792,Delhi,Delhi,,2023-12-19,
Zepto,C07793,Lucknow,Uttar Pradesh,,2023-05-14,
Zepto,C07794,Lucknow,Uttar Pradesh,,2024-01-24,
Zepto,C07795,Kolkata,West Bengal,,2023-10-27,
Zepto,C07796,Bengaluru,Karnataka,,2023-01-19,
Zepto,C07797,Kolkata,West Bengal,,2023-01-26,
Zepto,C07798,Mumbai,Maharashtra,,2023-04-20,
Zepto,C07799,Mumbai,Maharashtra,,2024-10-01,
Zepto,C07800,Hyderabad,Telangana,,2024-11-01,
Zepto,C07801,Mumbai,Maharashtra,,2024-08-20,
Zepto,C07802,Hyderabad,Telangana,,2024-10-07,
Zepto,C07803,Kolkata,West Bengal,,2023-06-26,
Zepto,C07804,Jaipur,Rajasthan,,2023-01-18,
Zepto,C07805,Chennai,Tamil Nadu,,2024-07-18,
Zepto,C07806,Kolkata,West Bengal,,2024-08-06,
Zepto,C07807,Ahmedabad,Gujarat,,2024-11-19,
Zepto,C07808,Hyderabad,Telangana,,2024-01-14,
Zepto,C07809,Jaipur,Rajasthan,,2024-10-21,
Zepto,C07810,Ahmedabad,Gujarat,,2024-03-27,
Zepto,C07811,Pune,Maharashtra,,2024-11-23,
Zepto,C07812,Chennai,Tamil Nadu,,2024-12-12,
Zepto,C07813,Mumbai,Maharashtra,,2024-06-11,
Zepto,C07814,Pune,Maharashtra,,2024-05-10,
Zepto,C07815,Mumbai,Maharashtra,,2023-07-16,
Zepto,C07816,Delhi,Delhi,,2023-06-07,
Zepto,C07817,Lucknow,Uttar Pradesh,,2024-10-19,
Zepto,C07818,Ahmedabad,Gujarat,,2023-09-16,
Zepto,C07819,Chennai,Tamil Nadu,,2023-01-23,
Zepto,C07820,Pune,Maharashtra,,2023-02-28,
Zepto,C07821,Delhi,Delhi,,2024-05-21,
Zepto,C07822,Pune,Maharashtra,,2023-11-08,
Zepto,C07823,Delhi,Delhi,,2023-01-09,
Zepto,C07824,Hyderabad,Telangana,,2024-12-17,
Zepto,C07825,Kolkata,West Bengal,,2023-03-22,
Zepto,C07826,Lucknow,Uttar Pradesh,,2024-07-09,
Zepto,C07827,Lucknow,Uttar Pradesh,,2023-07-15,
Zepto,C07828,Delhi,Delhi,,2024-05-23,
Zepto,C07829,Jaipur,Rajasthan,,2023-08-28,
Zepto,C07830,Bengaluru,Karnataka,,2024-11-24,
Zepto,C07831,Lucknow,Uttar Pradesh,,2023-11-02,
Zepto,C07832,Bengaluru,Karnataka,,2024-12-27,
Zepto,C07833,Lucknow,Uttar Pradesh,,2024-01-26,
Zepto,C07834,Bengaluru,Karnataka,,2023-08-15,
Zepto,C07835,Chennai,Tamil Nadu,,2023-09-04,
Zepto,C07836,Jaipur,Rajasthan,,2023-01-24,
Zepto,C07837,Hyderabad,Telangana,,2024-06-08,
Zepto,C07838,Mumbai,Maharashtra,,2024-09-21,
Zepto,C07839,Jaipur,Rajasthan,,2023-08-25,
Zepto,C07840,Bengaluru,Karnataka,,2023-03-29,
Zepto,C07841,Delhi,Delhi,,2023-02-21,
Zepto,C07842,Ahmedabad,Gujarat,,2024-08-09,
Zepto,C07843,Jaipur,Rajasthan,,2023-11-16,
Zepto,C07844,Chennai,Tamil Nadu,,2023-09-10,
Zepto,C07845,Bengaluru,Karnataka,,2024-07-18,
Zepto,C07846,Bengaluru,Karnataka,,2024-08-03,
Zepto,C07847,Lucknow,Uttar Pradesh,,2023-03-19,
Zepto,C07848,Hyderabad,Telangana,,2023-09-27,
Zepto,C07849,Jaipur,Rajasthan,,2023-04-24,
Zepto,C07850,Bengaluru,Karnataka,,2024-01-17,
Zepto,C07851,Chennai,Tamil Nadu,,2023-03-08,
Zepto,C07852,Delhi,Delhi,,2023-10-16,
Zepto,C07853,Hyderabad,Telangana,,2024-04-21,
Zepto,C07854,Pune,Maharashtra,,2024-11-10,
Zepto,C07855,Mumbai,Maharashtra,,2024-11-07,
Zepto,C07856,Ahmedabad,Gujarat,,2024-02-14,
Zepto,C07857,Ahmedabad,Gujarat,,2024-12-13,
Zepto,C07858,Chennai,Tamil Nadu,,2023-03-21,
Zepto,C07859,Kolkata,West Bengal,,2023-10-24,
Zepto,C07860,Kolkata,West Bengal,,2023-07-14,
Zepto,C07861,Ahmedabad,Gujarat,,2023-04-26,
Zepto,C07862,Pune,Maharashtra,,2024-10-12,
Zepto,C07863,Ahmedabad,Gujarat,,2023-01-09,
Zepto,C07864,Lucknow,Uttar Pradesh,,2023-08-17,
Zepto,C07865,Chennai,Tamil Nadu,,2023-08-26,
Zepto,C07866,Kolkata,West Bengal,,2024-02-20,
Zepto,C07867,Lucknow,Uttar Pradesh,,2024-05-13,
Zepto,C07868,Lucknow,Uttar Pradesh,,2023-12-05,
Zepto,C07869,Ahmedabad,Gujarat,,2023-05-12,
Zepto,C07870,Delhi,Delhi,,2023-11-26,
Zepto,C07871,Chennai,Tamil Nadu,,2023-05-14,
Zepto,C07872,Pune,Maharashtra,,2024-06-05,
Zepto,C07873,Ahmedabad,Gujarat,,2023-03-12,
Zepto,C07874,Jaipur,Rajasthan,,2024-11-17,
Zepto,C07875,Ahmedabad,Gujarat,,2024-06-25,
Zepto,C07876,Ahmedabad,Gujarat,,2023-09-24,
Zepto,C07877,Hyderabad,Telangana,,2024-03-28,
Zepto,C07878,Chennai,Tamil Nadu,,2023-11-13,
Zepto,C07879,Jaipur,Rajasthan,,2023-03-19,
Zepto,C07880,Ahmedabad,Gujarat,,2024-10-22,
Zepto,C07881,Kolkata,West Bengal,,2024-03-24,
Zepto,C07882,Hyderabad,Telangana,,2024-12-09,
Zepto,C07883,Delhi,Delhi,,2023-11-22,
Zepto,C07884,Hyderabad,Telangana,,2023-12-10,
Zepto,C07885,Ahmedabad,Gujarat,,2024-10-14,
Zepto,C07886,Ahmedabad,Gujarat,,2024-03-28,
Zepto,C07887,Mumbai,Maharashtra,,2023-01-21,
Zepto,C07888,Delhi,Delhi,,2023-06-04,
Zepto,C07889,Bengaluru,Karnataka,,2024-08-11,
Zepto,C07890,Chennai,Tamil Nadu,,2023-02-23,
Zepto,C07891,Bengaluru,Karnataka,,2023-12-01,
Zepto,C07892,Pune,Maharashtra,,2024-03-17,
Zepto,C07893,Chennai,Tamil Nadu,,2023-08-10,
Zepto,C07894,Bengaluru,Karnataka,,2023-01-25,
Zepto,C07895,Kolkata,West Bengal,,2023-10-27,
Zepto,C07896,Pune,Maharashtra,,2023-06-10,
Zepto,C07897,Mumbai,Maharashtra,,2024-09-29,
Zepto,C07898,Mumbai,Maharashtra,,2023-02-26,
Zepto,C07899,Pune,Maharashtra,,2024-02-04,
Zepto,C07900,Kolkata,West Bengal,,2023-12-22,
Zepto,C07901,Delhi,Delhi,,2024-11-20,
Zepto,C07902,Pune,Maharashtra,,2023-05-10,
Zepto,C07903,Delhi,Delhi,,2023-04-16,
Zepto,C07904,Kolkata,West Bengal,,2024-05-18,
Zepto,C07905,Bengaluru,Karnataka,,2023-09-08,
Zepto,C07906,Pune,Maharashtra,,2023-05-08,
Zepto,C07907,Lucknow,Uttar Pradesh,,2024-02-22,
Zepto,C07908,Delhi,Delhi,,2023-10-05,
Zepto,C07909,Mumbai,Maharashtra,,2023-10-21,
Zepto,C07910,Bengaluru,Karnataka,,2023-06-19,
Zepto,C07911,Pune,Maharashtra,,2024-06-02,
Zepto,C07912,Bengaluru,Karnataka,,2024-07-07,
Zepto,C07913,Ahmedabad,Gujarat,,2024-11-14,
Zepto,C07914,Mumbai,Maharashtra,,2023-05-01,
Zepto,C07915,Bengaluru,Karnataka,,2024-12-04,
Zepto,C07916,Bengaluru,Karnataka,,2023-06-01,
Zepto,C07917,Chennai,Tamil Nadu,,2024-06-20,
Zepto,C07918,Chennai,Tamil Nadu,,2024-07-17,
Zepto,C07919,Chennai,Tamil Nadu,,2023-04-23,
Zepto,C07920,Pune,Maharashtra,,2024-10-08,
Zepto,C07921,Lucknow,Uttar Pradesh,,2024-08-07,
Zepto,C07922,Kolkata,West Bengal,,2023-03-21,
Zepto,C07923,Kolkata,West Bengal,,2023-03-16,
Zepto,C07924,Pune,Maharashtra,,2023-09-27,
Zepto,C07925,Hyderabad,Telangana,,2024-05-16,
Zepto,C07926,Ahmedabad,Gujarat,,2023-02-03,
Zepto,C07927,Hyderabad,Telangana,,2024-04-06,
Zepto,C07928,Kolkata,West Bengal,,2023-01-10,
Zepto,C07929,Lucknow,Uttar Pradesh,,2024-08-30,
Zepto,C07930,Bengaluru,Karnataka,,2023-07-10,
Zepto,C07931,Delhi,Delhi,,2024-05-18,
Zepto,C07932,Bengaluru,Karnataka,,2024-11-28,
Zepto,C07933,Chennai,Tamil Nadu,,2023-05-23,
Zepto,C07934,Hyderabad,Telangana,,2024-07-13,
Zepto,C07935,Kolkata,West Bengal,,2023-03-30,
Zepto,C07936,Bengaluru,Karnataka,,2024-11-16,
Zepto,C07937,Hyderabad,Telangana,,2024-03-22,
Zepto,C07938,Hyderabad,Telangana,,2024-11-09,
Zepto,C07939,Ahmedabad,Gujarat,,2024-06-07,
Zepto,C07940,Lucknow,Uttar Pradesh,,2023-07-06,
Zepto,C07941,Jaipur,Rajasthan,,2023-01-25,
Zepto,C07942,Pune,Maharashtra,,2023-09-02,
Zepto,C07943,Ahmedabad,Gujarat,,2024-01-09,
Zepto,C07944,Mumbai,Maharashtra,,2023-10-15,
Zepto,C07945,Hyderabad,Telangana,,2024-04-08,
Zepto,C07946,Ahmedabad,Gujarat,,2023-10-23,
Zepto,C07947,Lucknow,Uttar Pradesh,,2023-06-29,
Zepto,C07948,Pune,Maharashtra,,2023-09-24,
Zepto,C07949,Lucknow,Uttar Pradesh,,2023-09-10,
Zepto,C07950,Hyderabad,Telangana,,2023-05-25,
Zepto,C07951,Delhi,Delhi,,2024-09-23,
Zepto,C07952,Kolkata,West Bengal,,2023-03-19,
Zepto,C07953,Lucknow,Uttar Pradesh,,2024-07-01,
Zepto,C07954,Hyderabad,Telangana,,2024-02-08,
Zepto,C07955,Pune,Maharashtra,,2023-05-11,
Zepto,C07956,Kolkata,West Bengal,,2024-05-15,
Zepto,C07957,Delhi,Delhi,,2023-11-19,
Zepto,C07958,Kolkata,West Bengal,,2024-09-25,
Zepto,C07959,Chennai,Tamil Nadu,,2024-01-06,
Zepto,C07960,Kolkata,West Bengal,,2023-01-05,
Zepto,C07961,Lucknow,Uttar Pradesh,,2023-11-29,
Zepto,C07962,Mumbai,Maharashtra,,2023-12-16,
Zepto,C07963,Kolkata,West Bengal,,2023-11-09,
Zepto,C07964,Bengaluru,Karnataka,,2024-11-05,
Zepto,C07965,Delhi,Delhi,,2024-08-19,
Zepto,C07966,Pune,Maharashtra,,2023-02-25,
Zepto,C07967,Jaipur,Rajasthan,,2023-12-15,
Zepto,C07968,Pune,Maharashtra,,2023-12-30,
Zepto,C07969,Kolkata,West Bengal,,2024-02-27,
Zepto,C07970,Bengaluru,Karnataka,,2023-07-22,
Zepto,C07971,Pune,Maharashtra,,2024-12-03,
Zepto,C07972,Chennai,Tamil Nadu,,2023-07-21,
Zepto,C07973,Bengaluru,Karnataka,,2024-03-16,
Zepto,C07974,Chennai,Tamil Nadu,,2023-06-01,
Zepto,C07975,Bengaluru,Karnataka,,2024-10-23,
Zepto,C07976,Delhi,Delhi,,2024-11-15,
Zepto,C07977,Delhi,Delhi,,2024-04-09,
Zepto,C07978,Pune,Maharashtra,,2024-07-07,
Zepto,C07979,Hyderabad,Telangana,,2023-06-22,
Zepto,C07980,Pune,Maharashtra,,2023-03-31,
Zepto,C07981,Hyderabad,Telangana,,2023-03-09,
Zepto,C07982,Delhi,Delhi,,2024-01-25,
Zepto,C07983,Delhi,Delhi,,2024-12-19,
Zepto,C07984,Jaipur,Rajasthan,,2023-06-20,
Zepto,C07985,Jaipur,Rajasthan,,2024-08-08,
Zepto,C07986,Bengaluru,Karnataka,,2024-08-06,
Zepto,C07987,Bengaluru,Karnataka,,2024-06-08,
Zepto,C07988,Kolkata,West Bengal,,2024-08-09,
Zepto,C07989,Bengaluru,Karnataka,,2024-01-14,
Zepto,C07990,Pune,Maharashtra,,2023-09-12,
Zepto,C07991,Kolkata,West Bengal,,2023-04-24,
Zepto,C07992,Delhi,Delhi,,2024-03-17,
Zepto,C07993,Hyderabad,Telangana,,2024-04-08,
Zepto,C07994,Bengaluru,Karnataka,,2024-05-25,
Zepto,C07995,Hyderabad,Telangana,,2023-03-21,
Zepto,C07996,Chennai,Tamil Nadu,,2023-01-01,
Zepto,C07997,Kolkata,West Bengal,,2024-04-02,
Zepto,C07998,Bengaluru,Karnataka,,2024-09-19,
Zepto,C07999,Jaipur,Rajasthan,,2024-10-09,
Zepto,C08000,Ahmedabad,Gujarat,,2023-09-22,
Zepto,C08001,Pune,Maharashtra,,2023-12-19,
Zepto,C08002,Mumbai,Maharashtra,,2023-09-24,
Zepto,C08003,Jaipur,Rajasthan,,2023-10-06,
Zepto,C08004,Kolkata,West Bengal,,2024-05-03,
Zepto,C08005,Mumbai,Maharashtra,,2024-08-18,
Zepto,C08006,Mumbai,Maharashtra,,2024-09-23,
Zepto,C08007,Hyderabad,Telangana,,2024-06-05,
Zepto,C08008,Bengaluru,Karnataka,,2023-07-14,
Zepto,C08009,Ahmedabad,Gujarat,,2024-06-08,
Zepto,C08010,Pune,Maharashtra,,2024-09-24,
Zepto,C08011,Kolkata,West Bengal,,2023-09-11,
Zepto,C08012,Lucknow,Uttar Pradesh,,2023-06-01,
Zepto,C08013,Hyderabad,Telangana,,2024-03-07,
Zepto,C08014,Ahmedabad,Gujarat,,2023-04-29,
Zepto,C08015,Lucknow,Uttar Pradesh,,2023-12-07,
Zepto,C08016,Mumbai,Maharashtra,,2024-03-11,
Zepto,C08017,Bengaluru,Karnataka,,2024-09-13,
Zepto,C08018,Lucknow,Uttar Pradesh,,2024-08-10,
Zepto,C08019,Chennai,Tamil Nadu,,2023-05-05,
Zepto,C08020,Chennai,Tamil Nadu,,2023-08-13,
Zepto,C08021,Bengaluru,Karnataka,,2023-03-14,
Zepto,C08022,Lucknow,Uttar Pradesh,,2024-02-16,
Zepto,C08023,Jaipur,Rajasthan,,2024-01-05,
Zepto,C08024,Bengaluru,Karnataka,,2024-11-16,
Zepto,C08025,Ahmedabad,Gujarat,,2024-03-17,
Zepto,C08026,Ahmedabad,Gujarat,,2024-08-07,
Zepto,C08027,Mumbai,Maharashtra,,2024-08-19,
Zepto,C08028,Lucknow,Uttar Pradesh,,2023-10-17,
Zepto,C08029,Chennai,Tamil Nadu,,2024-02-22,
Zepto,C08030,Ahmedabad,Gujarat,,2023-02-21,
Zepto,C08031,Lucknow,Uttar Pradesh,,2023-05-27,
Zepto,C08032,Bengaluru,Karnataka,,2024-08-22,
Zepto,C08033,Chennai,Tamil Nadu,,2024-03-27,
Zepto,C08034,Pune,Maharashtra,,2024-01-15,
Zepto,C08035,Lucknow,Uttar Pradesh,,2023-01-29,
Zepto,C08036,Pune,Maharashtra,,2024-01-21,
Zepto,C08037,Hyderabad,Telangana,,2023-07-20,
Zepto,C08038,Kolkata,West Bengal,,2023-12-17,
Zepto,C08039,Jaipur,Rajasthan,,2023-07-24,
Zepto,C08040,Mumbai,Maharashtra,,2023-05-01,
Zepto,C08041,Chennai,Tamil Nadu,,2024-08-18,
Zepto,C08042,Hyderabad,Telangana,,2023-10-25,
Zepto,C08043,Hyderabad,Telangana,,2023-07-28,
Zepto,C08044,Delhi,Delhi,,2024-07-14,
Zepto,C08045,Mumbai,Maharashtra,,2024-03-20,
Zepto,C08046,Jaipur,Rajasthan,,2024-01-21,
Zepto,C08047,Mumbai,Maharashtra,,2024-07-11,
Zepto,C08048,Hyderabad,Telangana,,2024-02-13,
Zepto,C08049,Pune,Maharashtra,,2024-04-05,
Zepto,C08050,Chennai,Tamil Nadu,,2023-10-04,
Zepto,C08051,Pune,Maharashtra,,2023-10-26,
Zepto,C08052,Lucknow,Uttar Pradesh,,2024-12-19,
Zepto,C08053,Bengaluru,Karnataka,,2023-08-26,
Zepto,C08054,Ahmedabad,Gujarat,,2024-10-10,
Zepto,C08055,Lucknow,Uttar Pradesh,,2023-02-15,
Zepto,C08056,Ahmedabad,Gujarat,,2023-05-22,
Zepto,C08057,Lucknow,Uttar Pradesh,,2024-10-16,
Zepto,C08058,Hyderabad,Telangana,,2023-08-14,
Zepto,C08059,Hyderabad,Telangana,,2023-10-30,
Zepto,C08060,Kolkata,West Bengal,,2024-02-05,
Zepto,C08061,Jaipur,Rajasthan,,2024-01-06,
Zepto,C08062,Delhi,Delhi,,2023-01-02,
Zepto,C08063,Jaipur,Rajasthan,,2023-11-14,
Zepto,C08064,Mumbai,Maharashtra,,2024-01-11,
Zepto,C08065,Bengaluru,Karnataka,,2023-06-24,
Zepto,C08066,Mumbai,Maharashtra,,2023-05-18,
Zepto,C08067,Hyderabad,Telangana,,2024-08-10,
Zepto,C08068,Delhi,Delhi,,2023-02-23,
Zepto,C08069,Mumbai,Maharashtra,,2023-06-03,
Zepto,C08070,Pune,Maharashtra,,2024-01-01,
Zepto,C08071,Mumbai,Maharashtra,,2024-05-20,
Zepto,C08072,Bengaluru,Karnataka,,2023-06-12,
Zepto,C08073,Jaipur,Rajasthan,,2024-09-29,
Zepto,C08074,Chennai,Tamil Nadu,,2024-03-03,
Zepto,C08075,Lucknow,Uttar Pradesh,,2023-12-22,
Zepto,C08076,Kolkata,West Bengal,,2023-06-13,
Zepto,C08077,Lucknow,Uttar Pradesh,,2023-02-03,
Zepto,C08078,Chennai,Tamil Nadu,,2024-05-25,
Zepto,C08079,Ahmedabad,Gujarat,,2024-07-22,
Zepto,C08080,Pune,Maharashtra,,2024-07-10,
Zepto,C08081,Pune,Maharashtra,,2024-11-10,
Zepto,C08082,Delhi,Delhi,,2024-07-28,
Zepto,C08083,Lucknow,Uttar Pradesh,,2024-02-28,
Zepto,C08084,Mumbai,Maharashtra,,2023-11-17,
Zepto,C08085,Mumbai,Maharashtra,,2023-11-14,
Zepto,C08086,Ahmedabad,Gujarat,,2024-09-24,
Zepto,C08087,Kolkata,West Bengal,,2024-02-22,
Zepto,C08088,Jaipur,Rajasthan,,2024-01-16,
Zepto,C08089,Pune,Maharashtra,,2023-01-01,
Zepto,C08090,Delhi,Delhi,,2023-07-08,
Zepto,C08091,Chennai,Tamil Nadu,,2024-12-17,
Zepto,C08092,Delhi,Delhi,,2023-10-28,
Zepto,C08093,Delhi,Delhi,,2023-11-19,
Zepto,C08094,Pune,Maharashtra,,2024-07-27,
Zepto,C08095,Hyderabad,Telangana,,2023-12-06,
Zepto,C08096,Lucknow,Uttar Pradesh,,2023-03-10,
Zepto,C08097,Lucknow,Uttar Pradesh,,2024-12-30,
Zepto,C08098,Pune,Maharashtra,,2023-03-23,
Zepto,C08099,Jaipur,Rajasthan,,2023-04-02,
Zepto,C08100,Delhi,Delhi,,2023-03-23,
Zepto,C08101,Mumbai,Maharashtra,,2024-08-01,
Zepto,C08102,Pune,Maharashtra,,2024-11-16,
Zepto,C08103,Delhi,Delhi,,2024-09-25,
Zepto,C08104,Lucknow,Uttar Pradesh,,2024-05-17,
Zepto,C08105,Pune,Maharashtra,,2024-09-06,
Zepto,C08106,Bengaluru,Karnataka,,2023-01-18,
Zepto,C08107,Jaipur,Rajasthan,,2024-10-04,
Zepto,C08108,Jaipur,Rajasthan,,2024-03-29,
Zepto,C08109,Chennai,Tamil Nadu,,2023-05-03,
Zepto,C08110,Ahmedabad,Gujarat,,2024-01-14,
Zepto,C08111,Lucknow,Uttar Pradesh,,2024-01-24,
Zepto,C08112,Lucknow,Uttar Pradesh,,2023-10-10,
Zepto,C08113,Jaipur,Rajasthan,,2023-09-26,
Zepto,C08114,Pune,Maharashtra,,2024-08-25,
Zepto,C08115,Kolkata,West Bengal,,2024-08-20,
Zepto,C08116,Delhi,Delhi,,2024-01-19,
Zepto,C08117,Mumbai,Maharashtra,,2024-06-20,
Zepto,C08118,Bengaluru,Karnataka,,2024-12-29,
Zepto,C08119,Lucknow,Uttar Pradesh,,2023-09-23,
Zepto,C08120,Ahmedabad,Gujarat,,2023-07-30,
Zepto,C08121,Pune,Maharashtra,,2024-10-12,
Zepto,C08122,Jaipur,Rajasthan,,2024-12-12,
Zepto,C08123,Ahmedabad,Gujarat,,2024-12-24,
Zepto,C08124,Delhi,Delhi,,2024-10-06,
Zepto,C08125,Lucknow,Uttar Pradesh,,2023-11-30,
Zepto,C08126,Bengaluru,Karnataka,,2023-10-10,
Zepto,C08127,Bengaluru,Karnataka,,2024-05-16,
Zepto,C08128,Jaipur,Rajasthan,,2024-05-11,
Zepto,C08129,Bengaluru,Karnataka,,2023-06-26,
Zepto,C08130,Chennai,Tamil Nadu,,2023-10-16,
Zepto,C08131,Lucknow,Uttar Pradesh,,2024-05-17,
Zepto,C08132,Lucknow,Uttar Pradesh,,2023-12-28,
Zepto,C08133,Pune,Maharashtra,,2024-09-29,
Zepto,C08134,Bengaluru,Karnataka,,2024-06-07,
Zepto,C08135,Ahmedabad,Gujarat,,2023-02-14,
Zepto,C08136,Hyderabad,Telangana,,2024-05-21,
Zepto,C08137,Mumbai,Maharashtra,,2023-12-16,
Zepto,C08138,Delhi,Delhi,,2024-05-24,
Zepto,C08139,Delhi,Delhi,,2023-08-27,
Zepto,C08140,Delhi,Delhi,,2024-10-05,
Zepto,C08141,Pune,Maharashtra,,2023-10-22,
Zepto,C08142,Mumbai,Maharashtra,,2024-10-11,
Zepto,C08143,Delhi,Delhi,,2023-05-16,
Zepto,C08144,Kolkata,West Bengal,,2024-03-19,
Zepto,C08145,Bengaluru,Karnataka,,2023-04-30,
Zepto,C08146,Delhi,Delhi,,2023-09-03,
Zepto,C08147,Pune,Maharashtra,,2023-01-28,
Zepto,C08148,Chennai,Tamil Nadu,,2024-06-04,
Zepto,C08149,Lucknow,Uttar Pradesh,,2023-10-12,
Zepto,C08150,Bengaluru,Karnataka,,2024-11-05,
Zepto,C08151,Bengaluru,Karnataka,,2024-11-26,
Zepto,C08152,Chennai,Tamil Nadu,,2024-08-23,
Zepto,C08153,Chennai,Tamil Nadu,,2023-09-22,
Zepto,C08154,Delhi,Delhi,,2023-10-27,
Zepto,C08155,Jaipur,Rajasthan,,2024-06-30,
Zepto,C08156,Jaipur,Rajasthan,,2024-09-17,
Zepto,C08157,Ahmedabad,Gujarat,,2024-07-25,
Zepto,C08158,Delhi,Delhi,,2023-08-18,
Zepto,C08159,Hyderabad,Telangana,,2024-09-22,
Zepto,C08160,Ahmedabad,Gujarat,,2023-05-05,
Zepto,C08161,Bengaluru,Karnataka,,2023-11-21,
Zepto,C08162,Delhi,Delhi,,2023-07-10,
Zepto,C08163,Bengaluru,Karnataka,,2023-02-14,
Zepto,C08164,Hyderabad,Telangana,,2024-05-03,
Zepto,C08165,Lucknow,Uttar Pradesh,,2024-09-10,
Zepto,C08166,Hyderabad,Telangana,,2024-01-17,
Zepto,C08167,Hyderabad,Telangana,,2024-10-17,
Zepto,C08168,Bengaluru,Karnataka,,2024-03-01,
Zepto,C08169,Pune,Maharashtra,,2023-04-13,
Zepto,C08170,Lucknow,Uttar Pradesh,,2024-12-23,
Zepto,C08171,Lucknow,Uttar Pradesh,,2024-09-27,
Zepto,C08172,Hyderabad,Telangana,,2023-10-20,
Zepto,C08173,Lucknow,Uttar Pradesh,,2024-11-02,
Zepto,C08174,Hyderabad,Telangana,,2023-10-18,
Zepto,C08175,Bengaluru,Karnataka,,2024-10-02,
Zepto,C08176,Hyderabad,Telangana,,2023-07-09,
Zepto,C08177,Mumbai,Maharashtra,,2023-01-26,
Zepto,C08178,Hyderabad,Telangana,,2023-08-15,
Zepto,C08179,Ahmedabad,Gujarat,,2023-06-24,
Zepto,C08180,Mumbai,Maharashtra,,2024-05-12,
Zepto,C08181,Pune,Maharashtra,,2024-05-22,
Zepto,C08182,Delhi,Delhi,,2023-02-21,
Zepto,C08183,Bengaluru,Karnataka,,2024-04-27,
Zepto,C08184,Bengaluru,Karnataka,,2023-02-08,
Zepto,C08185,Pune,Maharashtra,,2023-05-27,
Zepto,C08186,Ahmedabad,Gujarat,,2024-05-19,
Zepto,C08187,Pune,Maharashtra,,2023-02-27,
Zepto,C08188,Chennai,Tamil Nadu,,2023-01-22,
Zepto,C08189,Bengaluru,Karnataka,,2023-08-16,
Zepto,C08190,Pune,Maharashtra,,2023-04-05,
Zepto,C08191,Jaipur,Rajasthan,,2023-12-24,
Zepto,C08192,Hyderabad,Telangana,,2024-07-15,
Zepto,C08193,Chennai,Tamil Nadu,,2024-01-10,
Zepto,C08194,Bengaluru,Karnataka,,2023-04-20,
Zepto,C08195,Kolkata,West Bengal,,2023-07-18,
Zepto,C08196,Bengaluru,Karnataka,,2024-09-02,
Zepto,C08197,Mumbai,Maharashtra,,2023-06-07,
Zepto,C08198,Mumbai,Maharashtra,,2024-01-28,
Zepto,C08199,Pune,Maharashtra,,2023-06-13,
Zepto,C08200,Pune,Maharashtra,,2024-12-21,
Zepto,C08201,Kolkata,West Bengal,,2024-09-08,
Zepto,C08202,Mumbai,Maharashtra,,2023-07-31,
Zepto,C08203,Bengaluru,Karnataka,,2023-07-28,
Zepto,C08204,Kolkata,West Bengal,,2023-05-09,
Zepto,C08205,Chennai,Tamil Nadu,,2024-10-21,
Zepto,C08206,Pune,Maharashtra,,2023-06-20,
Zepto,C08207,Lucknow,Uttar Pradesh,,2024-03-13,
Zepto,C08208,Jaipur,Rajasthan,,2023-02-23,
Zepto,C08209,Kolkata,West Bengal,,2023-02-10,
Zepto,C08210,Delhi,Delhi,,2023-04-22,
Zepto,C08211,Hyderabad,Telangana,,2024-08-02,
Zepto,C08212,Pune,Maharashtra,,2023-10-14,
Zepto,C08213,Chennai,Tamil Nadu,,2023-08-07,
Zepto,C08214,Jaipur,Rajasthan,,2023-01-28,
Zepto,C08215,Pune,Maharashtra,,2024-05-29,
Zepto,C08216,Jaipur,Rajasthan,,2024-04-04,
Zepto,C08217,Chennai,Tamil Nadu,,2023-05-17,
Zepto,C08218,Mumbai,Maharashtra,,2023-11-07,
Zepto,C08219,Pune,Maharashtra,,2024-02-18,
Zepto,C08220,Pune,Maharashtra,,2023-03-05,
Zepto,C08221,Bengaluru,Karnataka,,2023-11-22,
Zepto,C08222,Mumbai,Maharashtra,,2024-07-10,
Zepto,C08223,Chennai,Tamil Nadu,,2024-01-18,
Zepto,C08224,Chennai,Tamil Nadu,,2024-02-27,
Zepto,C08225,Ahmedabad,Gujarat,,2023-12-11,
Zepto,C08226,Mumbai,Maharashtra,,2023-05-31,
Zepto,C08227,Jaipur,Rajasthan,,2024-05-12,
Zepto,C08228,Mumbai,Maharashtra,,2024-07-30,
Zepto,C08229,Mumbai,Maharashtra,,2023-03-08,
Zepto,C08230,Lucknow,Uttar Pradesh,,2024-05-08,
Zepto,C08231,Hyderabad,Telangana,,2024-03-13,
Zepto,C08232,Lucknow,Uttar Pradesh,,2023-08-16,
Zepto,C08233,Delhi,Delhi,,2024-04-12,
Zepto,C08234,Mumbai,Maharashtra,,2024-09-25,
Zepto,C08235,Lucknow,Uttar Pradesh,,2023-02-28,
Zepto,C08236,Ahmedabad,Gujarat,,2023-08-10,
Zepto,C08237,Pune,Maharashtra,,2024-09-16,
Zepto,C08238,Delhi,Delhi,,2023-02-14,
Zepto,C08239,Ahmedabad,Gujarat,,2023-10-27,
Zepto,C08240,Delhi,Delhi,,2024-06-09,
Zepto,C08241,Kolkata,West Bengal,,2023-03-15,
Zepto,C08242,Pune,Maharashtra,,2023-09-07,
Zepto,C08243,Delhi,Delhi,,2023-01-07,
Zepto,C08244,Kolkata,West Bengal,,2024-07-27,
Zepto,C08245,Delhi,Delhi,,2023-03-20,
Zepto,C08246,Lucknow,Uttar Pradesh,,2023-04-25,
Zepto,C08247,Ahmedabad,Gujarat,,2023-03-08,
Zepto,C08248,Delhi,Delhi,,2024-03-11,
Zepto,C08249,Pune,Maharashtra,,2023-04-25,
Zepto,C08250,Pune,Maharashtra,,2024-06-03,
Zepto,C08251,Delhi,Delhi,,2024-05-11,
Zepto,C08252,Lucknow,Uttar Pradesh,,2024-02-04,
Zepto,C08253,Bengaluru,Karnataka,,2023-03-27,
Zepto,C08254,Jaipur,Rajasthan,,2023-02-21,
Zepto,C08255,Mumbai,Maharashtra,,2023-06-24,
Zepto,C08256,Kolkata,West Bengal,,2023-08-09,
Zepto,C08257,Ahmedabad,Gujarat,,2024-10-06,
Zepto,C08258,Hyderabad,Telangana,,2023-06-07,
Zepto,C08259,Lucknow,Uttar Pradesh,,2024-10-14,
Zepto,C08260,Kolkata,West Bengal,,2024-04-05,
Zepto,C08261,Bengaluru,Karnataka,,2024-06-06,
Zepto,C08262,Lucknow,Uttar Pradesh,,2023-03-05,
Zepto,C08263,Kolkata,West Bengal,,2024-03-03,
Zepto,C08264,Mumbai,Maharashtra,,2024-10-09,
Zepto,C08265,Lucknow,Uttar Pradesh,,2024-09-04,
Zepto,C08266,Delhi,Delhi,,2024-02-29,
Zepto,C08267,Jaipur,Rajasthan,,2023-09-29,
Zepto,C08268,Hyderabad,Telangana,,2024-12-05,
Zepto,C08269,Ahmedabad,Gujarat,,2024-05-29,
Zepto,C08270,Hyderabad,Telangana,,2023-05-30,
Zepto,C08271,Chennai,Tamil Nadu,,2024-07-01,
Zepto,C08272,Chennai,Tamil Nadu,,2024-03-14,
Zepto,C08273,Mumbai,Maharashtra,,2023-01-29,
Zepto,C08274,Pune,Maharashtra,,2024-07-30,
Zepto,C08275,Bengaluru,Karnataka,,2023-08-09,
Zepto,C08276,Hyderabad,Telangana,,2023-08-12,
Zepto,C08277,Bengaluru,Karnataka,,2024-06-20,
Zepto,C08278,Pune,Maharashtra,,2023-11-07,
Zepto,C08279,Lucknow,Uttar Pradesh,,2024-07-14,
Zepto,C08280,Ahmedabad,Gujarat,,2024-10-16,
Zepto,C08281,Ahmedabad,Gujarat,,2023-01-09,
Zepto,C08282,Pune,Maharashtra,,2024-06-25,
Zepto,C08283,Hyderabad,Telangana,,2024-09-16,
Zepto,C08284,Jaipur,Rajasthan,,2024-04-18,
Zepto,C08285,Kolkata,West Bengal,,2023-07-26,
Zepto,C08286,Lucknow,Uttar Pradesh,,2023-05-21,
Zepto,C08287,Jaipur,Rajasthan,,2023-04-05,
Zepto,C08288,Hyderabad,Telangana,,2023-01-16,
Zepto,C08289,Mumbai,Maharashtra,,2024-11-24,
Zepto,C08290,Ahmedabad,Gujarat,,2024-10-20,
Zepto,C08291,Jaipur,Rajasthan,,2023-06-27,
Zepto,C08292,Kolkata,West Bengal,,2023-08-20,
Zepto,C08293,Ahmedabad,Gujarat,,2023-12-14,
Zepto,C08294,Delhi,Delhi,,2023-10-10,
Zepto,C08295,Bengaluru,Karnataka,,2024-08-29,
Zepto,C08296,Kolkata,West Bengal,,2023-04-25,
Zepto,C08297,Delhi,Delhi,,2024-02-27,
Zepto,C08298,Pune,Maharashtra,,2023-11-15,
Zepto,C08299,Chennai,Tamil Nadu,,2023-09-10,
Zepto,C08300,Bengaluru,Karnataka,,2024-06-04,
Zepto,C08301,Lucknow,Uttar Pradesh,,2024-04-14,
Zepto,C08302,Chennai,Tamil Nadu,,2023-12-15,
Zepto,C08303,Bengaluru,Karnataka,,2023-05-06,
Zepto,C08304,Lucknow,Uttar Pradesh,,2024-02-14,
Zepto,C08305,Chennai,Tamil Nadu,,2024-01-16,
Zepto,C08306,Lucknow,Uttar Pradesh,,2024-07-13,
Zepto,C08307,Lucknow,Uttar Pradesh,,2023-06-30,
Zepto,C08308,Mumbai,Maharashtra,,2023-02-03,
Zepto,C08309,Pune,Maharashtra,,2024-11-05,
Zepto,C08310,Ahmedabad,Gujarat,,2024-11-15,
Zepto,C08311,Chennai,Tamil Nadu,,2024-01-06,
Zepto,C08312,Delhi,Delhi,,2023-03-06,
Zepto,C08313,Hyderabad,Telangana,,2024-01-09,
Zepto,C08314,Lucknow,Uttar Pradesh,,2024-10-09,
Zepto,C08315,Lucknow,Uttar Pradesh,,2023-11-13,
Zepto,C08316,Ahmedabad,Gujarat,,2023-03-13,
Zepto,C08317,Hyderabad,Telangana,,2023-12-23,
Zepto,C08318,Chennai,Tamil Nadu,,2024-07-05,
Zepto,C08319,Hyderabad,Telangana,,2024-09-17,
Zepto,C08320,Delhi,Delhi,,2024-03-16,
Zepto,C08321,Bengaluru,Karnataka,,2024-07-16,
Zepto,C08322,Ahmedabad,Gujarat,,2024-05-07,
Zepto,C08323,Ahmedabad,Gujarat,,2023-05-21,
Zepto,C08324,Mumbai,Maharashtra,,2024-01-29,
Zepto,C08325,Bengaluru,Karnataka,,2024-07-13,
Zepto,C08326,Chennai,Tamil Nadu,,2023-03-22,
Zepto,C08327,Delhi,Delhi,,2023-03-31,
Zepto,C08328,Bengaluru,Karnataka,,2024-02-01,
Zepto,C08329,Mumbai,Maharashtra,,2023-09-09,
Zepto,C08330,Delhi,Delhi,,2024-07-17,
Zepto,C08331,Kolkata,West Bengal,,2023-12-29,
Zepto,C08332,Ahmedabad,Gujarat,,2023-09-04,
Zepto,C08333,Chennai,Tamil Nadu,,2024-06-07,
Zepto,C08334,Mumbai,Maharashtra,,2023-01-05,
Zepto,C08335,Ahmedabad,Gujarat,,2024-04-25,
Zepto,C08336,Delhi,Delhi,,2024-05-28,
Zepto,C08337,Pune,Maharashtra,,2023-08-16,
Zepto,C08338,Pune,Maharashtra,,2024-04-19,
Zepto,C08339,Mumbai,Maharashtra,,2023-07-11,
Zepto,C08340,Kolkata,West Bengal,,2024-03-12,
Zepto,C08341,Mumbai,Maharashtra,,2024-06-11,
Zepto,C08342,Kolkata,West Bengal,,2024-06-09,
Zepto,C08343,Bengaluru,Karnataka,,2024-01-30,
Zepto,C08344,Chennai,Tamil Nadu,,2023-03-07,
Zepto,C08345,Hyderabad,Telangana,,2024-08-05,
Zepto,C08346,Pune,Maharashtra,,2024-08-20,
Zepto,C08347,Jaipur,Rajasthan,,2024-11-06,
Zepto,C08348,Hyderabad,Telangana,,2024-06-27,
Zepto,C08349,Bengaluru,Karnataka,,2024-05-03,
Zepto,C08350,Hyderabad,Telangana,,2024-07-26,
Zepto,C08351,Bengaluru,Karnataka,,2023-04-09,
Zepto,C08352,Delhi,Delhi,,2024-04-21,
Zepto,C08353,Jaipur,Rajasthan,,2023-02-02,
Zepto,C08354,Bengaluru,Karnataka,,2023-05-10,
Zepto,C08355,Pune,Maharashtra,,2023-05-12,
Zepto,C08356,Kolkata,West Bengal,,2024-03-22,
Zepto,C08357,Delhi,Delhi,,2023-07-31,
Zepto,C08358,Hyderabad,Telangana,,2023-04-29,
Zepto,C08359,Kolkata,West Bengal,,2023-07-06,
Zepto,C08360,Pune,Maharashtra,,2023-03-06,
Zepto,C08361,Pune,Maharashtra,,2023-04-23,
Zepto,C08362,Ahmedabad,Gujarat,,2023-04-08,
Zepto,C08363,Bengaluru,Karnataka,,2024-07-01,
Zepto,C08364,Mumbai,Maharashtra,,2023-07-12,
Zepto,C08365,Chennai,Tamil Nadu,,2024-08-29,
Zepto,C08366,Chennai,Tamil Nadu,,2024-03-14,
Zepto,C08367,Jaipur,Rajasthan,,2024-05-15,
Zepto,C08368,Bengaluru,Karnataka,,2023-12-04,
Zepto,C08369,Chennai,Tamil Nadu,,2023-02-10,
Zepto,C08370,Delhi,Delhi,,2023-08-01,
Zepto,C08371,Kolkata,West Bengal,,2023-11-27,
Zepto,C08372,Jaipur,Rajasthan,,2024-05-17,
Zepto,C08373,Hyderabad,Telangana,,2023-11-12,
Zepto,C08374,Jaipur,Rajasthan,,2024-12-13,
Zepto,C08375,Ahmedabad,Gujarat,,2023-05-19,
Zepto,C08376,Pune,Maharashtra,,2024-03-07,
Zepto,C08377,Mumbai,Maharashtra,,2023-08-30,
Zepto,C08378,Ahmedabad,Gujarat,,2024-04-10,
Zepto,C08379,Chennai,Tamil Nadu,,2023-07-27,
Zepto,C08380,Jaipur,Rajasthan,,2023-07-10,
Zepto,C08381,Mumbai,Maharashtra,,2024-09-29,
Zepto,C08382,Ahmedabad,Gujarat,,2023-07-22,
Zepto,C08383,Kolkata,West Bengal,,2024-02-11,
Zepto,C08384,Jaipur,Rajasthan,,2023-10-01,
Zepto,C08385,Lucknow,Uttar Pradesh,,2024-04-23,
Zepto,C08386,Jaipur,Rajasthan,,2024-10-02,
Zepto,C08387,Ahmedabad,Gujarat,,2023-03-29,
Zepto,C08388,Chennai,Tamil Nadu,,2024-03-02,
Zepto,C08389,Bengaluru,Karnataka,,2023-08-19,
Zepto,C08390,Hyderabad,Telangana,,2023-05-17,
Zepto,C08391,Jaipur,Rajasthan,,2024-11-07,
Zepto,C08392,Mumbai,Maharashtra,,2023-08-23,
Zepto,C08393,Mumbai,Maharashtra,,2023-11-21,
Zepto,C08394,Mumbai,Maharashtra,,2024-03-29,
Zepto,C08395,Hyderabad,Telangana,,2023-12-12,
Zepto,C08396,Kolkata,West Bengal,,2023-02-24,
Zepto,C08397,Mumbai,Maharashtra,,2024-07-06,
Zepto,C08398,Ahmedabad,Gujarat,,2023-02-25,
Zepto,C08399,Jaipur,Rajasthan,,2024-03-30,
Zepto,C08400,Ahmedabad,Gujarat,,2024-02-26,
Zepto,C08401,Hyderabad,Telangana,,2023-12-10,
Zepto,C08402,Hyderabad,Telangana,,2023-05-04,
Zepto,C08403,Jaipur,Rajasthan,,2024-10-18,
Zepto,C08404,Bengaluru,Karnataka,,2023-02-21,
Zepto,C08405,Chennai,Tamil Nadu,,2023-02-18,
Zepto,C08406,Mumbai,Maharashtra,,2023-08-09,
Zepto,C08407,Hyderabad,Telangana,,2023-08-11,
Zepto,C08408,Chennai,Tamil Nadu,,2023-03-06,
Zepto,C08409,Ahmedabad,Gujarat,,2024-02-07,
Zepto,C08410,Lucknow,Uttar Pradesh,,2024-11-06,
Zepto,C08411,Delhi,Delhi,,2024-05-21,
Zepto,C08412,Delhi,Delhi,,2024-12-26,
Zepto,C08413,Ahmedabad,Gujarat,,2024-12-01,
Zepto,C08414,Chennai,Tamil Nadu,,2024-12-04,
Zepto,C08415,Lucknow,Uttar Pradesh,,2024-03-05,
Zepto,C08416,Delhi,Delhi,,2023-10-10,
Zepto,C08417,Jaipur,Rajasthan,,2024-12-06,
Zepto,C08418,Ahmedabad,Gujarat,,2024-06-07,
Zepto,C08419,Delhi,Delhi,,2023-07-02,
Zepto,C08420,Lucknow,Uttar Pradesh,,2023-03-30,
Zepto,C08421,Mumbai,Maharashtra,,2023-01-02,
Zepto,C08422,Bengaluru,Karnataka,,2023-10-11,
Zepto,C08423,Hyderabad,Telangana,,2023-01-01,
Zepto,C08424,Mumbai,Maharashtra,,2024-03-06,
Zepto,C08425,Lucknow,Uttar Pradesh,,2023-03-31,
Zepto,C08426,Lucknow,Uttar Pradesh,,2024-10-28,
Zepto,C08427,Bengaluru,Karnataka,,2023-01-08,
Zepto,C08428,Kolkata,West Bengal,,2024-05-28,
Zepto,C08429,Ahmedabad,Gujarat,,2024-06-28,
Zepto,C08430,Pune,Maharashtra,,2023-08-08,
Zepto,C08431,Chennai,Tamil Nadu,,2023-07-30,
Zepto,C08432,Bengaluru,Karnataka,,2023-12-21,
Zepto,C08433,Bengaluru,Karnataka,,2024-03-07,
Zepto,C08434,Mumbai,Maharashtra,,2024-08-08,
Zepto,C08435,Ahmedabad,Gujarat,,2023-08-26,
Zepto,C08436,Kolkata,West Bengal,,2023-07-01,
Zepto,C08437,Hyderabad,Telangana,,2024-07-22,
Zepto,C08438,Mumbai,Maharashtra,,2023-02-20,
Zepto,C08439,Kolkata,West Bengal,,2023-10-07,
Zepto,C08440,Kolkata,West Bengal,,2024-09-19,
Zepto,C08441,Hyderabad,Telangana,,2024-09-19,
Zepto,C08442,Jaipur,Rajasthan,,2024-04-01,
Zepto,C08443,Jaipur,Rajasthan,,2024-08-17,
Zepto,C08444,Hyderabad,Telangana,,2024-07-24,
Zepto,C08445,Pune,Maharashtra,,2023-07-04,
Zepto,C08446,Lucknow,Uttar Pradesh,,2024-12-28,
Zepto,C08447,Hyderabad,Telangana,,2024-10-08,
Zepto,C08448,Mumbai,Maharashtra,,2024-01-21,
Zepto,C08449,Hyderabad,Telangana,,2023-08-02,
Zepto,C08450,Pune,Maharashtra,,2023-02-28,
Zepto,C08451,Kolkata,West Bengal,,2024-11-09,
Zepto,C08452,Ahmedabad,Gujarat,,2024-02-18,
Zepto,C08453,Kolkata,West Bengal,,2024-03-29,
Zepto,C08454,Lucknow,Uttar Pradesh,,2023-02-16,
Zepto,C08455,Jaipur,Rajasthan,,2024-08-10,
Zepto,C08456,Ahmedabad,Gujarat,,2023-10-15,
Zepto,C08457,Kolkata,West Bengal,,2023-05-01,
Zepto,C08458,Ahmedabad,Gujarat,,2024-05-25,
Zepto,C08459,Chennai,Tamil Nadu,,2024-09-12,
Zepto,C08460,Delhi,Delhi,,2023-08-05,
Zepto,C08461,Pune,Maharashtra,,2024-04-28,
Zepto,C08462,Lucknow,Uttar Pradesh,,2024-07-17,
Zepto,C08463,Jaipur,Rajasthan,,2023-11-27,
Zepto,C08464,Hyderabad,Telangana,,2024-06-04,
Zepto,C08465,Lucknow,Uttar Pradesh,,2024-06-07,
Zepto,C08466,Pune,Maharashtra,,2024-12-07,
Zepto,C08467,Mumbai,Maharashtra,,2023-11-14,
Zepto,C08468,Ahmedabad,Gujarat,,2024-01-19,
Zepto,C08469,Hyderabad,Telangana,,2024-01-26,
Zepto,C08470,Ahmedabad,Gujarat,,2024-05-26,
Zepto,C08471,Bengaluru,Karnataka,,2023-05-25,
Zepto,C08472,Pune,Maharashtra,,2023-09-05,
Zepto,C08473,Bengaluru,Karnataka,,2024-04-16,
Zepto,C08474,Ahmedabad,Gujarat,,2024-12-10,
Zepto,C08475,Pune,Maharashtra,,2023-04-21,
Zepto,C08476,Lucknow,Uttar Pradesh,,2024-11-24,
Zepto,C08477,Bengaluru,Karnataka,,2023-02-08,
Zepto,C08478,Lucknow,Uttar Pradesh,,2024-09-24,
Zepto,C08479,Lucknow,Uttar Pradesh,,2023-08-13,
Zepto,C08480,Pune,Maharashtra,,2023-12-31,
Zepto,C08481,Delhi,Delhi,,2023-11-07,
Zepto,C08482,Hyderabad,Telangana,,2024-09-28,
Zepto,C08483,Kolkata,West Bengal,,2024-07-31,
Zepto,C08484,Jaipur,Rajasthan,,2023-03-23,
Zepto,C08485,Ahmedabad,Gujarat,,2023-01-14,
Zepto,C08486,Mumbai,Maharashtra,,2024-03-17,
Zepto,C08487,Bengaluru,Karnataka,,2024-06-15,
Zepto,C08488,Delhi,Delhi,,2023-03-07,
Zepto,C08489,Lucknow,Uttar Pradesh,,2023-08-23,
Zepto,C08490,Jaipur,Rajasthan,,2024-03-27,
Zepto,C08491,Kolkata,West Bengal,,2023-05-19,
Zepto,C08492,Bengaluru,Karnataka,,2024-07-19,
Zepto,C08493,Pune,Maharashtra,,2023-02-18,
Zepto,C08494,Delhi,Delhi,,2024-08-07,
Zepto,C08495,Pune,Maharashtra,,2024-06-24,
Zepto,C08496,Delhi,Delhi,,2024-07-15,
Zepto,C08497,Jaipur,Rajasthan,,2024-03-14,
Zepto,C08498,Ahmedabad,Gujarat,,2024-10-18,
Zepto,C08499,Jaipur,Rajasthan,,2024-04-28,
Zepto,C08500,Mumbai,Maharashtra,,2023-02-18,
Zepto,C08501,Chennai,Tamil Nadu,,2024-10-03,
Zepto,C08502,Bengaluru,Karnataka,,2024-11-19,
Zepto,C08503,Pune,Maharashtra,,2024-01-21,
Zepto,C08504,Lucknow,Uttar Pradesh,,2023-01-22,
Zepto,C08505,Pune,Maharashtra,,2024-05-11,
Zepto,C08506,Lucknow,Uttar Pradesh,,2024-12-17,
Zepto,C08507,Ahmedabad,Gujarat,,2023-09-30,
Zepto,C08508,Mumbai,Maharashtra,,2024-12-22,
Zepto,C08509,Kolkata,West Bengal,,2023-01-19,
Zepto,C08510,Chennai,Tamil Nadu,,2024-05-24,
Zepto,C08511,Hyderabad,Telangana,,2023-06-22,
Zepto,C08512,Mumbai,Maharashtra,,2023-05-14,
Zepto,C08513,Hyderabad,Telangana,,2024-10-09,
Zepto,C08514,Mumbai,Maharashtra,,2024-09-18,
Zepto,C08515,Bengaluru,Karnataka,,2023-09-13,
Zepto,C08516,Hyderabad,Telangana,,2023-07-20,
Zepto,C08517,Pune,Maharashtra,,2024-03-02,
Zepto,C08518,Mumbai,Maharashtra,,2024-11-05,
Zepto,C08519,Jaipur,Rajasthan,,2024-08-12,
Zepto,C08520,Pune,Maharashtra,,2023-02-24,
Zepto,C08521,Pune,Maharashtra,,2024-04-09,
Zepto,C08522,Ahmedabad,Gujarat,,2024-09-27,
Zepto,C08523,Jaipur,Rajasthan,,2023-04-28,
Zepto,C08524,Delhi,Delhi,,2024-09-02,
Zepto,C08525,Mumbai,Maharashtra,,2023-01-04,
Zepto,C08526,Kolkata,West Bengal,,2024-03-14,
Zepto,C08527,Pune,Maharashtra,,2023-08-29,
Zepto,C08528,Kolkata,West Bengal,,2024-03-19,
Zepto,C08529,Bengaluru,Karnataka,,2024-11-09,
Zepto,C08530,Hyderabad,Telangana,,2024-07-28,
Zepto,C08531,Chennai,Tamil Nadu,,2024-06-06,
Zepto,C08532,Delhi,Delhi,,2023-11-16,
Zepto,C08533,Hyderabad,Telangana,,2024-12-30,
Zepto,C08534,Hyderabad,Telangana,,2023-03-30,
Zepto,C08535,Pune,Maharashtra,,2024-03-17,
Zepto,C08536,Ahmedabad,Gujarat,,2024-06-02,
Zepto,C08537,Lucknow,Uttar Pradesh,,2023-07-16,
Zepto,C08538,Delhi,Delhi,,2024-05-09,
Zepto,C08539,Jaipur,Rajasthan,,2023-06-14,
Zepto,C08540,Jaipur,Rajasthan,,2023-10-07,
Zepto,C08541,Ahmedabad,Gujarat,,2023-11-08,
Zepto,C08542,Mumbai,Maharashtra,,2024-04-07,
Zepto,C08543,Kolkata,West Bengal,,2023-04-17,
Zepto,C08544,Lucknow,Uttar Pradesh,,2024-08-08,
Zepto,C08545,Chennai,Tamil Nadu,,2023-09-26,
Zepto,C08546,Lucknow,Uttar Pradesh,,2023-11-20,
Zepto,C08547,Bengaluru,Karnataka,,2023-10-24,
Zepto,C08548,Hyderabad,Telangana,,2023-11-15,
Zepto,C08549,Delhi,Delhi,,2024-11-17,
Zepto,C08550,Chennai,Tamil Nadu,,2023-11-10,
Zepto,C08551,Bengaluru,Karnataka,,2023-01-21,
Zepto,C08552,Kolkata,West Bengal,,2024-11-20,
Zepto,C08553,Ahmedabad,Gujarat,,2023-08-22,
Zepto,C08554,Chennai,Tamil Nadu,,2023-01-08,
Zepto,C08555,Ahmedabad,Gujarat,,2024-06-02,
Zepto,C08556,Pune,Maharashtra,,2024-05-08,
Zepto,C08557,Pune,Maharashtra,,2023-04-12,
Zepto,C08558,Jaipur,Rajasthan,,2024-05-13,
Zepto,C08559,Bengaluru,Karnataka,,2024-09-01,
Zepto,C08560,Mumbai,Maharashtra,,2024-07-01,
Zepto,C08561,Kolkata,West Bengal,,2024-07-07,
Zepto,C08562,Hyderabad,Telangana,,2024-10-29,
Zepto,C08563,Chennai,Tamil Nadu,,2024-01-30,
Zepto,C08564,Mumbai,Maharashtra,,2024-01-22,
Zepto,C08565,Lucknow,Uttar Pradesh,,2024-09-21,
Zepto,C08566,Hyderabad,Telangana,,2023-08-05,
Zepto,C08567,Hyderabad,Telangana,,2023-05-23,
Zepto,C08568,Hyderabad,Telangana,,2024-03-12,
Zepto,C08569,Bengaluru,Karnataka,,2024-10-26,
Zepto,C08570,Ahmedabad,Gujarat,,2023-08-28,
Zepto,C08571,Kolkata,West Bengal,,2024-11-03,
Zepto,C08572,Hyderabad,Telangana,,2024-07-30,
Zepto,C08573,Hyderabad,Telangana,,2024-11-24,
Zepto,C08574,Kolkata,West Bengal,,2023-03-02,
Zepto,C08575,Ahmedabad,Gujarat,,2023-06-10,
Zepto,C08576,Chennai,Tamil Nadu,,2024-11-01,
Zepto,C08577,Lucknow,Uttar Pradesh,,2024-09-21,
Zepto,C08578,Mumbai,Maharashtra,,2024-10-18,
Zepto,C08579,Kolkata,West Bengal,,2023-02-11,
Zepto,C08580,Lucknow,Uttar Pradesh,,2024-11-05,
Zepto,C08581,Pune,Maharashtra,,2024-04-18,
Zepto,C08582,Pune,Maharashtra,,2024-08-09,
Zepto,C08583,Pune,Maharashtra,,2023-03-07,
Zepto,C08584,Chennai,Tamil Nadu,,2024-09-29,
Zepto,C08585,Delhi,Delhi,,2023-06-16,
Zepto,C08586,Jaipur,Rajasthan,,2023-07-12,
Zepto,C08587,Mumbai,Maharashtra,,2023-08-04,
Zepto,C08588,Delhi,Delhi,,2023-09-09,
Zepto,C08589,Chennai,Tamil Nadu,,2023-07-02,
Zepto,C08590,Pune,Maharashtra,,2023-10-23,
Zepto,C08591,Hyderabad,Telangana,,2024-09-25,
Zepto,C08592,Pune,Maharashtra,,2023-06-04,
Zepto,C08593,Pune,Maharashtra,,2024-12-06,
Zepto,C08594,Delhi,Delhi,,2024-05-16,
Zepto,C08595,Kolkata,West Bengal,,2024-06-29,
Zepto,C08596,Ahmedabad,Gujarat,,2023-04-15,
Zepto,C08597,Mumbai,Maharashtra,,2024-07-12,
Zepto,C08598,Bengaluru,Karnataka,,2023-07-03,
Zepto,C08599,Delhi,Delhi,,2023-07-03,
Zepto,C08600,Hyderabad,Telangana,,2023-06-06,
Zepto,C08601,Bengaluru,Karnataka,,2024-02-24,
Zepto,C08602,Delhi,Delhi,,2023-10-30,
Zepto,C08603,Pune,Maharashtra,,2024-10-23,
Zepto,C08604,Kolkata,West Bengal,,2024-05-15,
Zepto,C08605,Delhi,Delhi,,2024-11-26,
Zepto,C08606,Kolkata,West Bengal,,2024-07-03,
Zepto,C08607,Hyderabad,Telangana,,2023-12-12,
Zepto,C08608,Hyderabad,Telangana,,2023-07-16,
Zepto,C08609,Ahmedabad,Gujarat,,2023-03-26,
Zepto,C08610,Delhi,Delhi,,2023-12-29,
Zepto,C08611,Ahmedabad,Gujarat,,2024-03-23,
Zepto,C08612,Pune,Maharashtra,,2024-03-15,
Zepto,C08613,Lucknow,Uttar Pradesh,,2024-09-22,
Zepto,C08614,Lucknow,Uttar Pradesh,,2024-01-18,
Zepto,C08615,Kolkata,West Bengal,,2024-08-06,
Zepto,C08616,Delhi,Delhi,,2024-08-06,
Zepto,C08617,Chennai,Tamil Nadu,,2024-02-03,
Zepto,C08618,Lucknow,Uttar Pradesh,,2024-12-13,
Zepto,C08619,Pune,Maharashtra,,2023-04-26,
Zepto,C08620,Ahmedabad,Gujarat,,2023-08-04,
Zepto,C08621,Mumbai,Maharashtra,,2023-05-14,
Zepto,C08622,Jaipur,Rajasthan,,2024-03-19,
Zepto,C08623,Hyderabad,Telangana,,2023-03-13,
Zepto,C08624,Kolkata,West Bengal,,2023-12-30,
Zepto,C08625,Lucknow,Uttar Pradesh,,2024-02-17,
Zepto,C08626,Pune,Maharashtra,,2024-03-25,
Zepto,C08627,Bengaluru,Karnataka,,2024-04-17,
Zepto,C08628,Jaipur,Rajasthan,,2024-08-15,
Zepto,C08629,Hyderabad,Telangana,,2023-12-06,
Zepto,C08630,Hyderabad,Telangana,,2023-04-13,
Zepto,C08631,Delhi,Delhi,,2023-06-22,
Zepto,C08632,Mumbai,Maharashtra,,2024-10-01,
Zepto,C08633,Mumbai,Maharashtra,,2024-10-30,
Zepto,C08634,Chennai,Tamil Nadu,,2023-04-17,
Zepto,C08635,Pune,Maharashtra,,2023-01-15,
Zepto,C08636,Bengaluru,Karnataka,,2024-09-07,
Zepto,C08637,Bengaluru,Karnataka,,2024-02-26,
Zepto,C08638,Hyderabad,Telangana,,2024-12-17,
Zepto,C08639,Kolkata,West Bengal,,2023-01-14,
Zepto,C08640,Ahmedabad,Gujarat,,2023-10-17,
Zepto,C08641,Kolkata,West Bengal,,2024-06-24,
Zepto,C08642,Jaipur,Rajasthan,,2023-07-01,
Zepto,C08643,Delhi,Delhi,,2023-06-19,
Zepto,C08644,Bengaluru,Karnataka,,2024-07-03,
Zepto,C08645,Lucknow,Uttar Pradesh,,2024-04-24,
Zepto,C08646,Pune,Maharashtra,,2023-04-14,
Zepto,C08647,Hyderabad,Telangana,,2023-08-30,
Zepto,C08648,Hyderabad,Telangana,,2023-09-02,
Zepto,C08649,Mumbai,Maharashtra,,2023-11-12,
Zepto,C08650,Ahmedabad,Gujarat,,2023-07-04,
Zepto,C08651,Mumbai,Maharashtra,,2024-12-02,
Zepto,C08652,Mumbai,Maharashtra,,2023-07-24,
Zepto,C08653,Chennai,Tamil Nadu,,2024-03-31,
Zepto,C08654,Delhi,Delhi,,2023-04-13,
Zepto,C08655,Lucknow,Uttar Pradesh,,2023-10-25,
Zepto,C08656,Kolkata,West Bengal,,2023-07-22,
Zepto,C08657,Lucknow,Uttar Pradesh,,2024-09-21,
Zepto,C08658,Hyderabad,Telangana,,2023-03-19,
Zepto,C08659,Kolkata,West Bengal,,2024-05-23,
Zepto,C08660,Pune,Maharashtra,,2023-03-27,
Zepto,C08661,Bengaluru,Karnataka,,2023-08-06,
Zepto,C08662,Pune,Maharashtra,,2023-07-11,
Zepto,C08663,Lucknow,Uttar Pradesh,,2024-02-21,
Zepto,C08664,Hyderabad,Telangana,,2023-12-21,
Zepto,C08665,Chennai,Tamil Nadu,,2023-01-07,
Zepto,C08666,Delhi,Delhi,,2023-11-28,
Zepto,C08667,Jaipur,Rajasthan,,2023-07-29,
Zepto,C08668,Hyderabad,Telangana,,2023-05-26,
Zepto,C08669,Delhi,Delhi,,2023-09-16,
Zepto,C08670,Kolkata,West Bengal,,2023-07-25,
Zepto,C08671,Delhi,Delhi,,2023-07-11,
Zepto,C08672,Kolkata,West Bengal,,2024-05-13,
Zepto,C08673,Ahmedabad,Gujarat,,2024-11-05,
Zepto,C08674,Kolkata,West Bengal,,2024-09-02,
Zepto,C08675,Hyderabad,Telangana,,2023-07-31,
Zepto,C08676,Jaipur,Rajasthan,,2023-05-19,
Zepto,C08677,Ahmedabad,Gujarat,,2023-05-04,
Zepto,C08678,Chennai,Tamil Nadu,,2024-09-30,
Zepto,C08679,Pune,Maharashtra,,2024-03-08,
Zepto,C08680,Chennai,Tamil Nadu,,2024-08-20,
Zepto,C08681,Jaipur,Rajasthan,,2023-07-08,
Zepto,C08682,Delhi,Delhi,,2023-11-11,
Zepto,C08683,Delhi,Delhi,,2024-11-19,
Zepto,C08684,Bengaluru,Karnataka,,2023-12-12,
Zepto,C08685,Jaipur,Rajasthan,,2023-12-10,
Zepto,C08686,Hyderabad,Telangana,,2023-10-20,
Zepto,C08687,Ahmedabad,Gujarat,,2023-08-06,
Zepto,C08688,Pune,Maharashtra,,2024-10-15,
Zepto,C08689,Lucknow,Uttar Pradesh,,2024-10-03,
Zepto,C08690,Mumbai,Maharashtra,,2023-07-29,
Zepto,C08691,Lucknow,Uttar Pradesh,,2024-07-07,
Zepto,C08692,Hyderabad,Telangana,,2024-10-03,
Zepto,C08693,Hyderabad,Telangana,,2024-07-08,
Zepto,C08694,Kolkata,West Bengal,,2024-03-24,
Zepto,C08695,Jaipur,Rajasthan,,2023-10-28,
Zepto,C08696,Pune,Maharashtra,,2023-04-17,
Zepto,C08697,Pune,Maharashtra,,2024-04-15,
Zepto,C08698,Mumbai,Maharashtra,,2024-01-27,
Zepto,C08699,Chennai,Tamil Nadu,,2024-08-02,
Zepto,C08700,Bengaluru,Karnataka,,2023-02-21,
Zepto,C08701,Mumbai,Maharashtra,,2023-01-05,
Zepto,C08702,Lucknow,Uttar Pradesh,,2023-05-03,
Zepto,C08703,Delhi,Delhi,,2024-12-18,
Zepto,C08704,Mumbai,Maharashtra,,2024-10-02,
Zepto,C08705,Lucknow,Uttar Pradesh,,2023-12-14,
Zepto,C08706,Ahmedabad,Gujarat,,2023-04-10,
Zepto,C08707,Mumbai,Maharashtra,,2023-05-26,
Zepto,C08708,Kolkata,West Bengal,,2023-03-30,
Zepto,C08709,Bengaluru,Karnataka,,2023-10-07,
Zepto,C08710,Kolkata,West Bengal,,2023-08-27,
Zepto,C08711,Mumbai,Maharashtra,,2023-11-24,
Zepto,C08712,Kolkata,West Bengal,,2023-06-12,
Zepto,C08713,Pune,Maharashtra,,2023-05-12,
Zepto,C08714,Kolkata,West Bengal,,2023-08-28,
Zepto,C08715,Kolkata,West Bengal,,2023-10-17,
Zepto,C08716,Ahmedabad,Gujarat,,2023-04-19,
Zepto,C08717,Mumbai,Maharashtra,,2023-07-02,
Zepto,C08718,Delhi,Delhi,,2023-04-11,
Zepto,C08719,Mumbai,Maharashtra,,2023-04-07,
Zepto,C08720,Hyderabad,Telangana,,2023-12-12,
Zepto,C08721,Mumbai,Maharashtra,,2023-04-10,
Zepto,C08722,Hyderabad,Telangana,,2023-12-11,
Zepto,C08723,Kolkata,West Bengal,,2023-02-20,
Zepto,C08724,Bengaluru,Karnataka,,2024-04-19,
Zepto,C08725,Jaipur,Rajasthan,,2024-12-03,
Zepto,C08726,Hyderabad,Telangana,,2024-06-28,
Zepto,C08727,Mumbai,Maharashtra,,2023-12-23,
Zepto,C08728,Jaipur,Rajasthan,,2023-02-01,
Zepto,C08729,Delhi,Delhi,,2024-12-22,
Zepto,C08730,Delhi,Delhi,,2023-11-05,
Zepto,C08731,Kolkata,West Bengal,,2024-08-03,
Zepto,C08732,Lucknow,Uttar Pradesh,,2024-02-27,
Zepto,C08733,Mumbai,Maharashtra,,2023-04-04,
Zepto,C08734,Hyderabad,Telangana,,2023-09-10,
Zepto,C08735,Lucknow,Uttar Pradesh,,2024-01-08,
Zepto,C08736,Mumbai,Maharashtra,,2024-03-29,
Zepto,C08737,Delhi,Delhi,,2024-02-02,
Zepto,C08738,Jaipur,Rajasthan,,2024-11-21,
Zepto,C08739,Jaipur,Rajasthan,,2023-11-13,
Zepto,C08740,Lucknow,Uttar Pradesh,,2024-02-07,
Zepto,C08741,Chennai,Tamil Nadu,,2023-02-27,
Zepto,C08742,Ahmedabad,Gujarat,,2024-04-17,
Zepto,C08743,Hyderabad,Telangana,,2024-10-27,
Zepto,C08744,Delhi,Delhi,,2024-02-22,
Zepto,C08745,Delhi,Delhi,,2024-05-03,
Zepto,C08746,Delhi,Delhi,,2024-03-25,
Zepto,C08747,Kolkata,West Bengal,,2023-09-06,
Zepto,C08748,Jaipur,Rajasthan,,2024-08-12,
Zepto,C08749,Mumbai,Maharashtra,,2023-11-09,
Zepto,C08750,Bengaluru,Karnataka,,2024-03-02,
Zepto,C08751,Delhi,Delhi,,2024-11-27,
Zepto,C08752,Delhi,Delhi,,2023-12-10,
Zepto,C08753,Mumbai,Maharashtra,,2024-05-21,
Zepto,C08754,Pune,Maharashtra,,2024-10-03,
Zepto,C08755,Kolkata,West Bengal,,2024-05-17,
Zepto,C08756,Bengaluru,Karnataka,,2023-12-20,
Zepto,C08757,Hyderabad,Telangana,,2023-12-22,
Zepto,C08758,Kolkata,West Bengal,,2023-03-09,
Zepto,C08759,Mumbai,Maharashtra,,2023-09-16,
Zepto,C08760,Ahmedabad,Gujarat,,2024-07-07,
Zepto,C08761,Mumbai,Maharashtra,,2023-03-08,
Zepto,C08762,Mumbai,Maharashtra,,2024-08-01,
Zepto,C08763,Kolkata,West Bengal,,2023-12-19,
Zepto,C08764,Delhi,Delhi,,2023-11-08,
Zepto,C08765,Bengaluru,Karnataka,,2023-12-27,
Zepto,C08766,Mumbai,Maharashtra,,2024-09-17,
Zepto,C08767,Lucknow,Uttar Pradesh,,2024-07-31,
Zepto,C08768,Delhi,Delhi,,2024-09-01,
Zepto,C08769,Kolkata,West Bengal,,2023-10-01,
Zepto,C08770,Lucknow,Uttar Pradesh,,2024-02-29,
Zepto,C08771,Ahmedabad,Gujarat,,2023-03-10,
Zepto,C08772,Lucknow,Uttar Pradesh,,2024-12-24,
Zepto,C08773,Chennai,Tamil Nadu,,2024-12-25,
Zepto,C08774,Delhi,Delhi,,2024-11-18,
Zepto,C08775,Ahmedabad,Gujarat,,2024-04-28,
Zepto,C08776,Pune,Maharashtra,,2023-12-13,
Zepto,C08777,Jaipur,Rajasthan,,2023-03-24,
Zepto,C08778,Ahmedabad,Gujarat,,2024-06-12,
Zepto,C08779,Delhi,Delhi,,2024-08-13,
Zepto,C08780,Delhi,Delhi,,2023-11-02,
Zepto,C08781,Jaipur,Rajasthan,,2023-11-14,
Zepto,C08782,Chennai,Tamil Nadu,,2023-01-18,
Zepto,C08783,Kolkata,West Bengal,,2024-12-04,
Zepto,C08784,Hyderabad,Telangana,,2024-02-25,
Zepto,C08785,Lucknow,Uttar Pradesh,,2023-01-12,
Zepto,C08786,Kolkata,West Bengal,,2024-11-02,
Zepto,C08787,Delhi,Delhi,,2023-02-13,
Zepto,C08788,Jaipur,Rajasthan,,2024-03-04,
Zepto,C08789,Hyderabad,Telangana,,2023-02-28,
Zepto,C08790,Lucknow,Uttar Pradesh,,2024-09-17,
Zepto,C08791,Ahmedabad,Gujarat,,2023-01-20,
Zepto,C08792,Hyderabad,Telangana,,2023-12-26,
Zepto,C08793,Bengaluru,Karnataka,,2023-03-12,
Zepto,C08794,Pune,Maharashtra,,2024-04-09,
Zepto,C08795,Chennai,Tamil Nadu,,2023-11-01,
Zepto,C08796,Hyderabad,Telangana,,2023-02-12,
Zepto,C08797,Bengaluru,Karnataka,,2023-07-11,
Zepto,C08798,Lucknow,Uttar Pradesh,,2023-07-03,
Zepto,C08799,Hyderabad,Telangana,,2024-04-15,
Zepto,C08800,Mumbai,Maharashtra,,2024-11-12,
Zepto,C08801,Bengaluru,Karnataka,,2023-10-13,
Zepto,C08802,Hyderabad,Telangana,,2024-10-25,
Zepto,C08803,Lucknow,Uttar Pradesh,,2023-10-05,
Zepto,C08804,Chennai,Tamil Nadu,,2023-04-30,
Zepto,C08805,Jaipur,Rajasthan,,2024-09-10,
Zepto,C08806,Pune,Maharashtra,,2024-05-02,
Zepto,C08807,Jaipur,Rajasthan,,2024-01-16,
Zepto,C08808,Bengaluru,Karnataka,,2023-10-11,
Zepto,C08809,Jaipur,Rajasthan,,2024-11-28,
Zepto,C08810,Kolkata,West Bengal,,2023-12-21,
Zepto,C08811,Pune,Maharashtra,,2023-04-21,
Zepto,C08812,Hyderabad,Telangana,,2023-09-23,
Zepto,C08813,Ahmedabad,Gujarat,,2024-03-27,
Zepto,C08814,Ahmedabad,Gujarat,,2024-11-05,
Zepto,C08815,Ahmedabad,Gujarat,,2023-07-03,
Zepto,C08816,Kolkata,West Bengal,,2024-11-14,
Zepto,C08817,Chennai,Tamil Nadu,,2023-06-28,
Zepto,C08818,Ahmedabad,Gujarat,,2024-07-01,
Zepto,C08819,Kolkata,West Bengal,,2023-08-03,
Zepto,C08820,Pune,Maharashtra,,2023-04-27,
Zepto,C08821,Delhi,Delhi,,2024-11-23,
Zepto,C08822,Ahmedabad,Gujarat,,2024-09-30,
Zepto,C08823,Pune,Maharashtra,,2023-04-21,
Zepto,C08824,Ahmedabad,Gujarat,,2023-01-15,
Zepto,C08825,Mumbai,Maharashtra,,2023-04-20,
Zepto,C08826,Delhi,Delhi,,2023-05-17,
Zepto,C08827,Lucknow,Uttar Pradesh,,2024-01-05,
Zepto,C08828,Pune,Maharashtra,,2023-04-28,
Zepto,C08829,Bengaluru,Karnataka,,2024-04-19,
Zepto,C08830,Mumbai,Maharashtra,,2023-03-03,
Zepto,C08831,Mumbai,Maharashtra,,2024-06-30,
Zepto,C08832,Pune,Maharashtra,,2024-04-02,
Zepto,C08833,Bengaluru,Karnataka,,2024-07-27,
Zepto,C08834,Delhi,Delhi,,2024-07-16,
Zepto,C08835,Lucknow,Uttar Pradesh,,2024-06-13,
Zepto,C08836,Jaipur,Rajasthan,,2023-10-06,
Zepto,C08837,Hyderabad,Telangana,,2023-05-22,
Zepto,C08838,Kolkata,West Bengal,,2023-05-26,
Zepto,C08839,Bengaluru,Karnataka,,2023-09-23,
Zepto,C08840,Lucknow,Uttar Pradesh,,2024-07-08,
Zepto,C08841,Mumbai,Maharashtra,,2024-08-10,
Zepto,C08842,Kolkata,West Bengal,,2023-05-31,
Zepto,C08843,Jaipur,Rajasthan,,2024-06-28,
Zepto,C08844,Chennai,Tamil Nadu,,2023-11-04,
Zepto,C08845,Chennai,Tamil Nadu,,2023-05-24,
Zepto,C08846,Hyderabad,Telangana,,2024-12-02,
Zepto,C08847,Bengaluru,Karnataka,,2023-05-22,
Zepto,C08848,Bengaluru,Karnataka,,2024-10-22,
Zepto,C08849,Chennai,Tamil Nadu,,2023-02-02,
Zepto,C08850,Pune,Maharashtra,,2023-06-19,
Zepto,C08851,Ahmedabad,Gujarat,,2024-05-25,
Zepto,C08852,Hyderabad,Telangana,,2023-06-30,
Zepto,C08853,Ahmedabad,Gujarat,,2024-06-05,
Zepto,C08854,Jaipur,Rajasthan,,2023-11-14,
Zepto,C08855,Hyderabad,Telangana,,2023-05-24,
Zepto,C08856,Chennai,Tamil Nadu,,2023-09-06,
Zepto,C08857,Jaipur,Rajasthan,,2023-12-18,
Zepto,C08858,Pune,Maharashtra,,2024-09-08,
Zepto,C08859,Hyderabad,Telangana,,2023-04-06,
Zepto,C08860,Jaipur,Rajasthan,,2024-05-28,
Zepto,C08861,Hyderabad,Telangana,,2023-01-22,
Zepto,C08862,Pune,Maharashtra,,2024-04-23,
Zepto,C08863,Ahmedabad,Gujarat,,2024-09-26,
Zepto,C08864,Chennai,Tamil Nadu,,2024-04-25,
Zepto,C08865,Delhi,Delhi,,2024-01-18,
Zepto,C08866,Bengaluru,Karnataka,,2023-11-02,
Zepto,C08867,Hyderabad,Telangana,,2024-08-08,
Zepto,C08868,Hyderabad,Telangana,,2024-12-26,
Zepto,C08869,Jaipur,Rajasthan,,2024-11-26,
Zepto,C08870,Bengaluru,Karnataka,,2024-12-12,
Zepto,C08871,Delhi,Delhi,,2024-09-12,
Zepto,C08872,Bengaluru,Karnataka,,2023-08-29,
Zepto,C08873,Jaipur,Rajasthan,,2023-02-01,
Zepto,C08874,Chennai,Tamil Nadu,,2024-08-05,
Zepto,C08875,Lucknow,Uttar Pradesh,,2024-12-28,
Zepto,C08876,Chennai,Tamil Nadu,,2023-08-14,
Zepto,C08877,Pune,Maharashtra,,2023-01-28,
Zepto,C08878,Ahmedabad,Gujarat,,2023-01-06,
Zepto,C08879,Bengaluru,Karnataka,,2023-05-11,
Zepto,C08880,Mumbai,Maharashtra,,2024-07-08,
Zepto,C08881,Mumbai,Maharashtra,,2024-06-25,
Zepto,C08882,Delhi,Delhi,,2024-04-02,
Zepto,C08883,Bengaluru,Karnataka,,2023-09-27,
Zepto,C08884,Delhi,Delhi,,2024-05-13,
Zepto,C08885,Pune,Maharashtra,,2023-03-01,
Zepto,C08886,Pune,Maharashtra,,2024-04-18,
Zepto,C08887,Delhi,Delhi,,2024-03-10,
Zepto,C08888,Pune,Maharashtra,,2023-01-16,
Zepto,C08889,Pune,Maharashtra,,2023-06-08,
Zepto,C08890,Pune,Maharashtra,,2024-03-17,
Zepto,C08891,Kolkata,West Bengal,,2024-10-12,
Zepto,C08892,Chennai,Tamil Nadu,,2023-01-09,
Zepto,C08893,Hyderabad,Telangana,,2024-03-30,
Zepto,C08894,Delhi,Delhi,,2023-01-18,
Zepto,C08895,Bengaluru,Karnataka,,2023-05-31,
Zepto,C08896,Bengaluru,Karnataka,,2024-10-19,
Zepto,C08897,Delhi,Delhi,,2023-12-17,
Zepto,C08898,Ahmedabad,Gujarat,,2024-07-05,
Zepto,C08899,Mumbai,Maharashtra,,2023-02-06,
Zepto,C08900,Jaipur,Rajasthan,,2024-01-26,
Zepto,C08901,Lucknow,Uttar Pradesh,,2023-08-09,
Zepto,C08902,Chennai,Tamil Nadu,,2023-02-27,
Zepto,C08903,Hyderabad,Telangana,,2023-03-30,
Zepto,C08904,Mumbai,Maharashtra,,2024-05-30,
Zepto,C08905,Pune,Maharashtra,,2023-04-11,
Zepto,C08906,Jaipur,Rajasthan,,2023-05-20,
Zepto,C08907,Chennai,Tamil Nadu,,2023-10-09,
Zepto,C08908,Mumbai,Maharashtra,,2023-04-18,
Zepto,C08909,Chennai,Tamil Nadu,,2023-04-22,
Zepto,C08910,Kolkata,West Bengal,,2023-10-14,
Zepto,C08911,Hyderabad,Telangana,,2023-08-23,
Zepto,C08912,Hyderabad,Telangana,,2024-02-16,
Zepto,C08913,Ahmedabad,Gujarat,,2023-03-26,
Zepto,C08914,Mumbai,Maharashtra,,2024-06-30,
Zepto,C08915,Ahmedabad,Gujarat,,2023-11-18,
Zepto,C08916,Kolkata,West Bengal,,2024-12-12,
Zepto,C08917,Kolkata,West Bengal,,2023-01-11,
Zepto,C08918,Delhi,Delhi,,2024-07-23,
Zepto,C08919,Mumbai,Maharashtra,,2024-05-07,
Zepto,C08920,Jaipur,Rajasthan,,2023-09-01,
Zepto,C08921,Kolkata,West Bengal,,2023-07-22,
Zepto,C08922,Jaipur,Rajasthan,,2024-10-06,
Zepto,C08923,Delhi,Delhi,,2024-11-06,
Zepto,C08924,Chennai,Tamil Nadu,,2023-11-21,
Zepto,C08925,Bengaluru,Karnataka,,2023-06-26,
Zepto,C08926,Bengaluru,Karnataka,,2023-12-13,
Zepto,C08927,Pune,Maharashtra,,2024-07-01,
Zepto,C08928,Hyderabad,Telangana,,2023-09-18,
Zepto,C08929,Jaipur,Rajasthan,,2024-06-14,
Zepto,C08930,Hyderabad,Telangana,,2023-03-29,
Zepto,C08931,Ahmedabad,Gujarat,,2024-03-29,
Zepto,C08932,Hyderabad,Telangana,,2023-05-21,
Zepto,C08933,Ahmedabad,Gujarat,,2023-03-30,
Zepto,C08934,Chennai,Tamil Nadu,,2023-02-14,
Zepto,C08935,Delhi,Delhi,,2024-05-25,
Zepto,C08936,Delhi,Delhi,,2024-04-30,
Zepto,C08937,Mumbai,Maharashtra,,2023-01-19,
Zepto,C08938,Hyderabad,Telangana,,2023-09-02,
Zepto,C08939,Lucknow,Uttar Pradesh,,2023-01-19,
Zepto,C08940,Lucknow,Uttar Pradesh,,2023-06-15,
Zepto,C08941,Lucknow,Uttar Pradesh,,2023-06-03,
Zepto,C08942,Ahmedabad,Gujarat,,2024-12-28,
Zepto,C08943,Chennai,Tamil Nadu,,2024-03-12,
Zepto,C08944,Jaipur,Rajasthan,,2023-07-20,
Zepto,C08945,Chennai,Tamil Nadu,,2024-05-14,
Zepto,C08946,Delhi,Delhi,,2024-09-09,
Zepto,C08947,Hyderabad,Telangana,,2024-06-18,
Zepto,C08948,Ahmedabad,Gujarat,,2024-07-01,
Zepto,C08949,Kolkata,West Bengal,,2024-02-17,
Zepto,C08950,Lucknow,Uttar Pradesh,,2023-06-11,
Zepto,C08951,Kolkata,West Bengal,,2024-12-13,
Zepto,C08952,Jaipur,Rajasthan,,2024-03-10,
Zepto,C08953,Lucknow,Uttar Pradesh,,2024-04-20,
Zepto,C08954,Jaipur,Rajasthan,,2023-01-17,
Zepto,C08955,Jaipur,Rajasthan,,2023-05-17,
Zepto,C08956,Lucknow,Uttar Pradesh,,2023-09-02,
Zepto,C08957,Bengaluru,Karnataka,,2024-03-20,
Zepto,C08958,Ahmedabad,Gujarat,,2023-02-23,
Zepto,C08959,Chennai,Tamil Nadu,,2024-02-17,
Zepto,C08960,Hyderabad,Telangana,,2023-05-19,
Zepto,C08961,Jaipur,Rajasthan,,2024-03-25,
Zepto,C08962,Jaipur,Rajasthan,,2023-01-16,
Zepto,C08963,Pune,Maharashtra,,2024-05-26,
Zepto,C08964,Jaipur,Rajasthan,,2023-08-09,
Zepto,C08965,Delhi,Delhi,,2024-12-12,
Zepto,C08966,Delhi,Delhi,,2023-12-21,
Zepto,C08967,Lucknow,Uttar Pradesh,,2024-05-18,
Zepto,C08968,Jaipur,Rajasthan,,2024-02-11,
Zepto,C08969,Chennai,Tamil Nadu,,2024-09-16,
Zepto,C08970,Hyderabad,Telangana,,2024-03-08,
Zepto,C08971,Kolkata,West Bengal,,2024-04-11,
Zepto,C08972,Bengaluru,Karnataka,,2024-07-27,
Zepto,C08973,Bengaluru,Karnataka,,2023-04-14,
Zepto,C08974,Lucknow,Uttar Pradesh,,2023-03-20,
Zepto,C08975,Chennai,Tamil Nadu,,2023-12-08,
Zepto,C08976,Ahmedabad,Gujarat,,2023-03-22,
Zepto,C08977,Bengaluru,Karnataka,,2023-06-26,
Zepto,C08978,Kolkata,West Bengal,,2023-02-03,
Zepto,C08979,Delhi,Delhi,,2024-10-11,
Zepto,C08980,Chennai,Tamil Nadu,,2023-04-01,
Zepto,C08981,Delhi,Delhi,,2023-07-07,
Zepto,C08982,Kolkata,West Bengal,,2023-11-05,
Zepto,C08983,Hyderabad,Telangana,,2023-01-25,
Zepto,C08984,Chennai,Tamil Nadu,,2024-06-05,
Zepto,C08985,Chennai,Tamil Nadu,,2023-08-02,
Zepto,C08986,Delhi,Delhi,,2024-08-03,
Zepto,C08987,Ahmedabad,Gujarat,,2023-01-21,
Zepto,C08988,Ahmedabad,Gujarat,,2024-05-12,
Zepto,C08989,Pune,Maharashtra,,2023-06-03,
Zepto,C08990,Lucknow,Uttar Pradesh,,2023-03-08,
Zepto,C08991,Mumbai,Maharashtra,,2024-11-15,
Zepto,C08992,Jaipur,Rajasthan,,2023-10-11,
Zepto,C08993,Chennai,Tamil Nadu,,2024-10-14,
Zepto,C08994,Bengaluru,Karnataka,,2024-04-11,
Zepto,C08995,Lucknow,Uttar Pradesh,,2023-04-17,
Zepto,C08996,Jaipur,Rajasthan,,2023-09-29,
Zepto,C08997,Bengaluru,Karnataka,,2024-10-24,
Zepto,C08998,Kolkata,West Bengal,,2023-08-05,
Zepto,C08999,Bengaluru,Karnataka,,2023-11-22,
Zepto,C09000,Pune,Maharashtra,,2024-05-16,
Zepto,C09001,Lucknow,Uttar Pradesh,,2023-04-21,
Zepto,C09002,Kolkata,West Bengal,,2023-06-27,
Zepto,C09003,Lucknow,Uttar Pradesh,,2023-06-24,
Zepto,C09004,Delhi,Delhi,,2024-05-20,
Zepto,C09005,Kolkata,West Bengal,,2023-01-09,
Zepto,C09006,Lucknow,Uttar Pradesh,,2023-06-02,
Zepto,C09007,Hyderabad,Telangana,,2024-01-06,
Zepto,C09008,Bengaluru,Karnataka,,2024-12-29,
Zepto,C09009,Mumbai,Maharashtra,,2023-10-07,
Zepto,C09010,Ahmedabad,Gujarat,,2023-04-03,
Zepto,C09011,Jaipur,Rajasthan,,2023-06-27,
Zepto,C09012,Jaipur,Rajasthan,,2023-06-14,
Zepto,C09013,Ahmedabad,Gujarat,,2023-01-05,
Zepto,C09014,Ahmedabad,Gujarat,,2023-08-25,
Zepto,C09015,Chennai,Tamil Nadu,,2023-06-12,
Zepto,C09016,Hyderabad,Telangana,,2024-02-07,
Zepto,C09017,Chennai,Tamil Nadu,,2023-12-17,
Zepto,C09018,Chennai,Tamil Nadu,,2024-05-03,
Zepto,C09019,Chennai,Tamil Nadu,,2024-12-14,
Zepto,C09020,Chennai,Tamil Nadu,,2023-03-21,
Zepto,C09021,Mumbai,Maharashtra,,2024-01-31,
Zepto,C09022,Hyderabad,Telangana,,2024-10-09,
Zepto,C09023,Jaipur,Rajasthan,,2023-08-26,
Zepto,C09024,Pune,Maharashtra,,2023-11-23,
Zepto,C09025,Chennai,Tamil Nadu,,2024-05-20,
Zepto,C09026,Ahmedabad,Gujarat,,2023-01-29,
Zepto,C09027,Delhi,Delhi,,2024-12-23,
Zepto,C09028,Ahmedabad,Gujarat,,2024-03-30,
Zepto,C09029,Bengaluru,Karnataka,,2023-10-16,
Zepto,C09030,Delhi,Delhi,,2023-12-23,
Zepto,C09031,Jaipur,Rajasthan,,2023-05-17,
Zepto,C09032,Ahmedabad,Gujarat,,2024-10-18,
Zepto,C09033,Bengaluru,Karnataka,,2023-02-06,
Zepto,C09034,Mumbai,Maharashtra,,2024-10-24,
Zepto,C09035,Chennai,Tamil Nadu,,2024-05-17,
Zepto,C09036,Ahmedabad,Gujarat,,2024-08-17,
Zepto,C09037,Delhi,Delhi,,2023-01-24,
Zepto,C09038,Bengaluru,Karnataka,,2024-01-05,
Zepto,C09039,Hyderabad,Telangana,,2023-12-07,
Zepto,C09040,Hyderabad,Telangana,,2023-07-02,
Zepto,C09041,Ahmedabad,Gujarat,,2024-04-29,
Zepto,C09042,Delhi,Delhi,,2024-05-17,
Zepto,C09043,Pune,Maharashtra,,2023-06-01,
Zepto,C09044,Lucknow,Uttar Pradesh,,2024-01-14,
Zepto,C09045,Pune,Maharashtra,,2023-03-28,
Zepto,C09046,Mumbai,Maharashtra,,2023-01-23,
Zepto,C09047,Lucknow,Uttar Pradesh,,2023-10-15,
Zepto,C09048,Mumbai,Maharashtra,,2023-08-29,
Zepto,C09049,Ahmedabad,Gujarat,,2023-05-09,
Zepto,C09050,Pune,Maharashtra,,2024-09-08,
Zepto,C09051,Chennai,Tamil Nadu,,2023-08-23,
Zepto,C09052,Kolkata,West Bengal,,2024-10-05,
Zepto,C09053,Bengaluru,Karnataka,,2024-08-03,
Zepto,C09054,Ahmedabad,Gujarat,,2023-03-25,
Zepto,C09055,Ahmedabad,Gujarat,,2023-02-22,
Zepto,C09056,Mumbai,Maharashtra,,2023-08-26,
Zepto,C09057,Pune,Maharashtra,,2024-10-01,
Zepto,C09058,Mumbai,Maharashtra,,2023-12-13,
Zepto,C09059,Kolkata,West Bengal,,2024-03-06,
Zepto,C09060,Ahmedabad,Gujarat,,2023-02-27,
Zepto,C09061,Delhi,Delhi,,2023-04-26,
Zepto,C09062,Delhi,Delhi,,2024-09-30,
Zepto,C09063,Delhi,Delhi,,2024-05-02,
Zepto,C09064,Chennai,Tamil Nadu,,2024-07-15,
Zepto,C09065,Chennai,Tamil Nadu,,2023-01-24,
Zepto,C09066,Delhi,Delhi,,2023-01-05,
Zepto,C09067,Chennai,Tamil Nadu,,2023-08-29,
Zepto,C09068,Pune,Maharashtra,,2023-03-24,
Zepto,C09069,Ahmedabad,Gujarat,,2024-05-27,
Zepto,C09070,Delhi,Delhi,,2023-12-21,
Zepto,C09071,Hyderabad,Telangana,,2023-10-04,
Zepto,C09072,Hyderabad,Telangana,,2023-01-30,
Zepto,C09073,Lucknow,Uttar Pradesh,,2023-03-13,
Zepto,C09074,Lucknow,Uttar Pradesh,,2024-07-07,
Zepto,C09075,Hyderabad,Telangana,,2023-03-29,
Zepto,C09076,Kolkata,West Bengal,,2024-01-30,
Zepto,C09077,Pune,Maharashtra,,2023-01-03,
Zepto,C09078,Kolkata,West Bengal,,2023-10-12,
Zepto,C09079,Delhi,Delhi,,2023-02-28,
Zepto,C09080,Delhi,Delhi,,2023-01-19,
Zepto,C09081,Jaipur,Rajasthan,,2024-01-27,
Zepto,C09082,Pune,Maharashtra,,2024-12-08,
Zepto,C09083,Jaipur,Rajasthan,,2024-01-09,
Zepto,C09084,Hyderabad,Telangana,,2023-09-19,
Zepto,C09085,Jaipur,Rajasthan,,2024-07-15,
Zepto,C09086,Jaipur,Rajasthan,,2024-01-20,
Zepto,C09087,Mumbai,Maharashtra,,2024-10-05,
Zepto,C09088,Delhi,Delhi,,2024-04-20,
Zepto,C09089,Pune,Maharashtra,,2023-12-10,
Zepto,C09090,Delhi,Delhi,,2023-06-19,
Zepto,C09091,Delhi,Delhi,,2024-07-12,
Zepto,C09092,Bengaluru,Karnataka,,2023-09-27,
Zepto,C09093,Mumbai,Maharashtra,,2023-09-18,
Zepto,C09094,Pune,Maharashtra,,2024-05-23,
Zepto,C09095,Jaipur,Rajasthan,,2023-11-05,
Zepto,C09096,Delhi,Delhi,,2023-09-18,
Zepto,C09097,Chennai,Tamil Nadu,,2023-01-29,
Zepto,C09098,Chennai,Tamil Nadu,,2023-11-15,
Zepto,C09099,Bengaluru,Karnataka,,2023-04-23,
Zepto,C09100,Ahmedabad,Gujarat,,2023-08-11,
Zepto,C09101,Kolkata,West Bengal,,2024-05-12,
Zepto,C09102,Mumbai,Maharashtra,,2023-09-04,
Zepto,C09103,Mumbai,Maharashtra,,2024-02-19,
Zepto,C09104,Chennai,Tamil Nadu,,2024-01-13,
Zepto,C09105,Hyderabad,Telangana,,2023-12-02,
Zepto,C09106,Delhi,Delhi,,2024-08-05,
Zepto,C09107,Kolkata,West Bengal,,2023-06-25,
Zepto,C09108,Mumbai,Maharashtra,,2023-03-28,
Zepto,C09109,Pune,Maharashtra,,2024-06-01,
Zepto,C09110,Delhi,Delhi,,2023-07-14,
Zepto,C09111,Delhi,Delhi,,2024-11-18,
Zepto,C09112,Mumbai,Maharashtra,,2023-02-22,
Zepto,C09113,Ahmedabad,Gujarat,,2023-11-13,
Zepto,C09114,Hyderabad,Telangana,,2023-08-27,
Zepto,C09115,Hyderabad,Telangana,,2023-11-28,
Zepto,C09116,Hyderabad,Telangana,,2024-12-03,
Zepto,C09117,Hyderabad,Telangana,,2024-01-23,
Zepto,C09118,Lucknow,Uttar Pradesh,,2024-02-29,
Zepto,C09119,Kolkata,West Bengal,,2024-01-29,
Zepto,C09120,Bengaluru,Karnataka,,2023-06-14,
Zepto,C09121,Mumbai,Maharashtra,,2024-04-22,
Zepto,C09122,Pune,Maharashtra,,2023-12-11,
Zepto,C09123,Delhi,Delhi,,2023-07-02,
Zepto,C09124,Chennai,Tamil Nadu,,2023-01-16,
Zepto,C09125,Chennai,Tamil Nadu,,2023-09-30,
Zepto,C09126,Lucknow,Uttar Pradesh,,2024-12-29,
Zepto,C09127,Delhi,Delhi,,2023-04-15,
Zepto,C09128,Pune,Maharashtra,,2024-12-07,
Zepto,C09129,Pune,Maharashtra,,2024-01-25,
Zepto,C09130,Mumbai,Maharashtra,,2023-05-14,
Zepto,C09131,Delhi,Delhi,,2024-02-17,
Zepto,C09132,Hyderabad,Telangana,,2024-12-11,
Zepto,C09133,Bengaluru,Karnataka,,2023-03-09,
Zepto,C09134,Bengaluru,Karnataka,,2024-03-28,
Zepto,C09135,Kolkata,West Bengal,,2024-04-27,
Zepto,C09136,Delhi,Delhi,,2024-05-25,
Zepto,C09137,Delhi,Delhi,,2023-02-01,
Zepto,C09138,Bengaluru,Karnataka,,2024-10-25,
Zepto,C09139,Kolkata,West Bengal,,2024-07-01,
Zepto,C09140,Lucknow,Uttar Pradesh,,2024-01-02,
Zepto,C09141,Hyderabad,Telangana,,2024-08-10,
Zepto,C09142,Bengaluru,Karnataka,,2023-11-11,
Zepto,C09143,Ahmedabad,Gujarat,,2024-02-24,
Zepto,C09144,Pune,Maharashtra,,2023-11-16,
Zepto,C09145,Jaipur,Rajasthan,,2024-08-03,
Zepto,C09146,Bengaluru,Karnataka,,2024-11-02,
Zepto,C09147,Lucknow,Uttar Pradesh,,2024-12-21,
Zepto,C09148,Chennai,Tamil Nadu,,2024-11-26,
Zepto,C09149,Bengaluru,Karnataka,,2023-08-07,
Zepto,C09150,Ahmedabad,Gujarat,,2024-11-14,
Zepto,C09151,Kolkata,West Bengal,,2024-09-26,
Zepto,C09152,Bengaluru,Karnataka,,2023-05-01,
Zepto,C09153,Delhi,Delhi,,2023-09-20,
Zepto,C09154,Hyderabad,Telangana,,2024-08-16,
Zepto,C09155,Ahmedabad,Gujarat,,2024-02-17,
Zepto,C09156,Hyderabad,Telangana,,2024-09-07,
Zepto,C09157,Bengaluru,Karnataka,,2023-12-10,
Zepto,C09158,Kolkata,West Bengal,,2024-04-24,
Zepto,C09159,Jaipur,Rajasthan,,2023-01-28,
Zepto,C09160,Kolkata,West Bengal,,2023-06-14,
Zepto,C09161,Lucknow,Uttar Pradesh,,2023-04-29,
Zepto,C09162,Bengaluru,Karnataka,,2024-06-13,
Zepto,C09163,Pune,Maharashtra,,2023-01-14,
Zepto,C09164,Pune,Maharashtra,,2023-12-14,
Zepto,C09165,Pune,Maharashtra,,2023-04-07,
Zepto,C09166,Pune,Maharashtra,,2024-02-09,
Zepto,C09167,Bengaluru,Karnataka,,2024-11-22,
Zepto,C09168,Delhi,Delhi,,2023-11-09,
Zepto,C09169,Delhi,Delhi,,2024-12-27,
Zepto,C09170,Mumbai,Maharashtra,,2023-03-13,
Zepto,C09171,Jaipur,Rajasthan,,2023-09-25,
Zepto,C09172,Delhi,Delhi,,2023-05-09,
Zepto,C09173,Jaipur,Rajasthan,,2023-11-01,
Zepto,C09174,Pune,Maharashtra,,2024-09-13,
Zepto,C09175,Hyderabad,Telangana,,2023-01-25,
Zepto,C09176,Bengaluru,Karnataka,,2023-11-13,
Zepto,C09177,Ahmedabad,Gujarat,,2023-02-16,
Zepto,C09178,Jaipur,Rajasthan,,2023-06-18,
Zepto,C09179,Mumbai,Maharashtra,,2024-09-04,
Zepto,C09180,Lucknow,Uttar Pradesh,,2024-11-05,
Zepto,C09181,Pune,Maharashtra,,2024-08-28,
Zepto,C09182,Pune,Maharashtra,,2023-07-13,
Zepto,C09183,Hyderabad,Telangana,,2024-03-18,
Zepto,C09184,Mumbai,Maharashtra,,2024-03-12,
Zepto,C09185,Hyderabad,Telangana,,2024-10-06,
Zepto,C09186,Delhi,Delhi,,2024-09-26,
Zepto,C09187,Pune,Maharashtra,,2023-11-24,
Zepto,C09188,Jaipur,Rajasthan,,2023-11-29,
Zepto,C09189,Chennai,Tamil Nadu,,2024-01-12,
Zepto,C09190,Mumbai,Maharashtra,,2024-04-18,
Zepto,C09191,Lucknow,Uttar Pradesh,,2023-07-24,
Zepto,C09192,Kolkata,West Bengal,,2024-02-02,
Zepto,C09193,Kolkata,West Bengal,,2024-10-09,
Zepto,C09194,Hyderabad,Telangana,,2023-02-02,
Zepto,C09195,Delhi,Delhi,,2023-09-18,
Zepto,C09196,Ahmedabad,Gujarat,,2024-10-15,
Zepto,C09197,Mumbai,Maharashtra,,2024-11-05,
Zepto,C09198,Mumbai,Maharashtra,,2024-03-29,
Zepto,C09199,Ahmedabad,Gujarat,,2024-07-28,
Zepto,C09200,Pune,Maharashtra,,2024-08-22,
Zepto,C09201,Chennai,Tamil Nadu,,2023-06-24,
Zepto,C09202,Mumbai,Maharashtra,,2023-11-12,
Zepto,C09203,Mumbai,Maharashtra,,2024-11-27,
Zepto,C09204,Pune,Maharashtra,,2023-03-21,
Zepto,C09205,Bengaluru,Karnataka,,2024-08-28,
Zepto,C09206,Mumbai,Maharashtra,,2024-10-05,
Zepto,C09207,Chennai,Tamil Nadu,,2024-12-16,
Zepto,C09208,Lucknow,Uttar Pradesh,,2023-11-14,
Zepto,C09209,Lucknow,Uttar Pradesh,,2023-07-10,
Zepto,C09210,Ahmedabad,Gujarat,,2024-04-12,
Zepto,C09211,Chennai,Tamil Nadu,,2024-02-22,
Zepto,C09212,Hyderabad,Telangana,,2024-12-01,
Zepto,C09213,Delhi,Delhi,,2024-10-30,
Zepto,C09214,Lucknow,Uttar Pradesh,,2024-01-16,
Zepto,C09215,Kolkata,West Bengal,,2024-06-18,
Zepto,C09216,Kolkata,West Bengal,,2024-10-15,
Zepto,C09217,Mumbai,Maharashtra,,2023-05-06,
Zepto,C09218,Jaipur,Rajasthan,,2023-07-27,
Zepto,C09219,Chennai,Tamil Nadu,,2023-03-20,
Zepto,C09220,Delhi,Delhi,,2024-10-24,
Zepto,C09221,Delhi,Delhi,,2023-11-17,
Zepto,C09222,Chennai,Tamil Nadu,,2023-05-13,
Zepto,C09223,Bengaluru,Karnataka,,2023-09-21,
Zepto,C09224,Mumbai,Maharashtra,,2024-06-05,
Zepto,C09225,Jaipur,Rajasthan,,2024-10-21,
Zepto,C09226,Chennai,Tamil Nadu,,2023-06-17,
Zepto,C09227,Mumbai,Maharashtra,,2023-06-26,
Zepto,C09228,Chennai,Tamil Nadu,,2024-02-13,
Zepto,C09229,Ahmedabad,Gujarat,,2024-12-16,
Zepto,C09230,Delhi,Delhi,,2024-06-19,
Zepto,C09231,Hyderabad,Telangana,,2023-11-06,
Zepto,C09232,Mumbai,Maharashtra,,2024-07-16,
Zepto,C09233,Pune,Maharashtra,,2024-02-03,
Zepto,C09234,Chennai,Tamil Nadu,,2023-10-13,
Zepto,C09235,Bengaluru,Karnataka,,2024-11-05,
Zepto,C09236,Delhi,Delhi,,2024-12-02,
Zepto,C09237,Ahmedabad,Gujarat,,2023-12-01,
Zepto,C09238,Lucknow,Uttar Pradesh,,2023-06-20,
Zepto,C09239,Bengaluru,Karnataka,,2023-09-13,
Zepto,C09240,Mumbai,Maharashtra,,2024-11-29,
Zepto,C09241,Ahmedabad,Gujarat,,2024-07-19,
Zepto,C09242,Hyderabad,Telangana,,2023-01-05,
Zepto,C09243,Delhi,Delhi,,2023-05-11,
Zepto,C09244,Hyderabad,Telangana,,2023-11-24,
Zepto,C09245,Hyderabad,Telangana,,2023-06-20,
Zepto,C09246,Chennai,Tamil Nadu,,2023-03-15,
Zepto,C09247,Delhi,Delhi,,2023-09-18,
Zepto,C09248,Bengaluru,Karnataka,,2024-11-17,
Zepto,C09249,Chennai,Tamil Nadu,,2024-03-11,
Zepto,C09250,Delhi,Delhi,,2023-02-16,
Zepto,C09251,Delhi,Delhi,,2023-09-03,
Zepto,C09252,Delhi,Delhi,,2023-09-24,
Zepto,C09253,Bengaluru,Karnataka,,2024-05-04,
Zepto,C09254,Lucknow,Uttar Pradesh,,2024-05-19,
Zepto,C09255,Pune,Maharashtra,,2024-09-20,
Zepto,C09256,Jaipur,Rajasthan,,2024-01-09,
Zepto,C09257,Chennai,Tamil Nadu,,2023-08-16,
Zepto,C09258,Jaipur,Rajasthan,,2023-09-10,
Zepto,C09259,Kolkata,West Bengal,,2024-05-09,
Zepto,C09260,Ahmedabad,Gujarat,,2023-04-06,
Zepto,C09261,Hyderabad,Telangana,,2024-05-28,
Zepto,C09262,Hyderabad,Telangana,,2024-06-30,
Zepto,C09263,Chennai,Tamil Nadu,,2024-11-26,
Zepto,C09264,Ahmedabad,Gujarat,,2024-06-21,
Zepto,C09265,Kolkata,West Bengal,,2023-06-08,
Zepto,C09266,Pune,Maharashtra,,2023-06-12,
Zepto,C09267,Kolkata,West Bengal,,2023-04-29,
Zepto,C09268,Ahmedabad,Gujarat,,2024-12-10,
Zepto,C09269,Pune,Maharashtra,,2023-12-07,
Zepto,C09270,Hyderabad,Telangana,,2024-01-13,
Zepto,C09271,Chennai,Tamil Nadu,,2023-09-24,
Zepto,C09272,Ahmedabad,Gujarat,,2023-05-08,
Zepto,C09273,Mumbai,Maharashtra,,2023-08-29,
Zepto,C09274,Bengaluru,Karnataka,,2023-08-13,
Zepto,C09275,Delhi,Delhi,,2024-06-30,
Zepto,C09276,Hyderabad,Telangana,,2024-09-23,
Zepto,C09277,Hyderabad,Telangana,,2024-01-14,
Zepto,C09278,Ahmedabad,Gujarat,,2023-08-14,
Zepto,C09279,Chennai,Tamil Nadu,,2024-07-18,
Zepto,C09280,Ahmedabad,Gujarat,,2024-12-19,
Zepto,C09281,Bengaluru,Karnataka,,2024-10-19,
Zepto,C09282,Lucknow,Uttar Pradesh,,2023-05-27,
Zepto,C09283,Hyderabad,Telangana,,2024-08-14,
Zepto,C09284,Kolkata,West Bengal,,2024-04-16,
Zepto,C09285,Jaipur,Rajasthan,,2023-03-07,
Zepto,C09286,Jaipur,Rajasthan,,2024-02-07,
Zepto,C09287,Jaipur,Rajasthan,,2024-02-21,
Zepto,C09288,Jaipur,Rajasthan,,2023-12-26,
Zepto,C09289,Bengaluru,Karnataka,,2024-03-26,
Zepto,C09290,Mumbai,Maharashtra,,2023-04-15,
Zepto,C09291,Jaipur,Rajasthan,,2023-11-05,
Zepto,C09292,Ahmedabad,Gujarat,,2023-07-04,
Zepto,C09293,Bengaluru,Karnataka,,2024-05-13,
Zepto,C09294,Hyderabad,Telangana,,2023-10-22,
Zepto,C09295,Jaipur,Rajasthan,,2023-06-12,
Zepto,C09296,Ahmedabad,Gujarat,,2023-05-16,
Zepto,C09297,Jaipur,Rajasthan,,2024-12-18,
Zepto,C09298,Kolkata,West Bengal,,2023-12-06,
Zepto,C09299,Hyderabad,Telangana,,2023-09-23,
Zepto,C09300,Kolkata,West Bengal,,2024-12-12,
Zepto,C09301,Delhi,Delhi,,2024-05-24,
Zepto,C09302,Hyderabad,Telangana,,2024-09-03,
Zepto,C09303,Mumbai,Maharashtra,,2023-02-02,
Zepto,C09304,Jaipur,Rajasthan,,2023-06-10,
Zepto,C09305,Lucknow,Uttar Pradesh,,2024-07-06,
Zepto,C09306,Pune,Maharashtra,,2023-02-27,
Zepto,C09307,Bengaluru,Karnataka,,2024-05-01,
Zepto,C09308,Chennai,Tamil Nadu,,2023-10-17,
Zepto,C09309,Lucknow,Uttar Pradesh,,2023-06-28,
Zepto,C09310,Delhi,Delhi,,2024-04-11,
Zepto,C09311,Kolkata,West Bengal,,2024-04-05,
Zepto,C09312,Kolkata,West Bengal,,2023-05-04,
Zepto,C09313,Bengaluru,Karnataka,,2023-07-15,
Zepto,C09314,Pune,Maharashtra,,2024-09-11,
Zepto,C09315,Lucknow,Uttar Pradesh,,2023-01-30,
Zepto,C09316,Bengaluru,Karnataka,,2023-03-26,
Zepto,C09317,Delhi,Delhi,,2024-01-10,
Zepto,C09318,Bengaluru,Karnataka,,2023-06-24,
Zepto,C09319,Kolkata,West Bengal,,2023-05-14,
Zepto,C09320,Jaipur,Rajasthan,,2023-07-08,
Zepto,C09321,Bengaluru,Karnataka,,2023-12-30,
Zepto,C09322,Mumbai,Maharashtra,,2024-07-30,
Zepto,C09323,Delhi,Delhi,,2023-06-07,
Zepto,C09324,Ahmedabad,Gujarat,,2024-06-09,
Zepto,C09325,Bengaluru,Karnataka,,2024-09-03,
Zepto,C09326,Pune,Maharashtra,,2023-03-24,
Zepto,C09327,Chennai,Tamil Nadu,,2024-06-27,
Zepto,C09328,Ahmedabad,Gujarat,,2024-07-30,
Zepto,C09329,Delhi,Delhi,,2024-09-30,
Zepto,C09330,Lucknow,Uttar Pradesh,,2024-03-12,
Zepto,C09331,Chennai,Tamil Nadu,,2023-02-10,
Zepto,C09332,Lucknow,Uttar Pradesh,,2023-08-08,
Zepto,C09333,Pune,Maharashtra,,2023-06-28,
Zepto,C09334,Bengaluru,Karnataka,,2023-12-14,
Zepto,C09335,Pune,Maharashtra,,2024-09-23,
Zepto,C09336,Ahmedabad,Gujarat,,2023-06-22,
Zepto,C09337,Pune,Maharashtra,,2023-11-19,
Zepto,C09338,Jaipur,Rajasthan,,2023-05-16,
Zepto,C09339,Bengaluru,Karnataka,,2023-09-01,
Zepto,C09340,Hyderabad,Telangana,,2024-07-31,
Zepto,C09341,Hyderabad,Telangana,,2024-07-10,
Zepto,C09342,Lucknow,Uttar Pradesh,,2023-11-03,
Zepto,C09343,Ahmedabad,Gujarat,,2023-08-02,
Zepto,C09344,Ahmedabad,Gujarat,,2024-02-04,
Zepto,C09345,Chennai,Tamil Nadu,,2024-10-11,
Zepto,C09346,Lucknow,Uttar Pradesh,,2023-03-23,
Zepto,C09347,Pune,Maharashtra,,2024-06-19,
Zepto,C09348,Chennai,Tamil Nadu,,2024-08-07,
Zepto,C09349,Kolkata,West Bengal,,2023-02-04,
Zepto,C09350,Delhi,Delhi,,2023-03-25,
Zepto,C09351,Kolkata,West Bengal,,2024-09-28,
Zepto,C09352,Kolkata,West Bengal,,2023-02-04,
Zepto,C09353,Delhi,Delhi,,2024-05-13,
Zepto,C09354,Kolkata,West Bengal,,2023-03-09,
Zepto,C09355,Delhi,Delhi,,2023-09-14,
Zepto,C09356,Kolkata,West Bengal,,2023-12-10,
Zepto,C09357,Ahmedabad,Gujarat,,2024-01-04,
Zepto,C09358,Lucknow,Uttar Pradesh,,2024-09-07,
Zepto,C09359,Kolkata,West Bengal,,2024-06-11,
Zepto,C09360,Lucknow,Uttar Pradesh,,2024-07-16,
Zepto,C09361,Ahmedabad,Gujarat,,2023-07-18,
Zepto,C09362,Pune,Maharashtra,,2023-10-28,
Zepto,C09363,Mumbai,Maharashtra,,2024-02-11,
Zepto,C09364,Jaipur,Rajasthan,,2024-11-16,
Zepto,C09365,Chennai,Tamil Nadu,,2023-08-26,
Zepto,C09366,Pune,Maharashtra,,2024-03-12,
Zepto,C09367,Pune,Maharashtra,,2024-01-28,
Zepto,C09368,Lucknow,Uttar Pradesh,,2024-07-04,
Zepto,C09369,Ahmedabad,Gujarat,,2024-08-24,
Zepto,C09370,Kolkata,West Bengal,,2023-09-01,
Zepto,C09371,Mumbai,Maharashtra,,2024-02-14,
Zepto,C09372,Hyderabad,Telangana,,2024-05-11,
Zepto,C09373,Hyderabad,Telangana,,2023-08-19,
Zepto,C09374,Bengaluru,Karnataka,,2024-01-02,
Zepto,C09375,Jaipur,Rajasthan,,2024-10-07,
Zepto,C09376,Hyderabad,Telangana,,2023-09-22,
Zepto,C09377,Mumbai,Maharashtra,,2024-08-04,
Zepto,C09378,Mumbai,Maharashtra,,2023-02-10,
Zepto,C09379,Kolkata,West Bengal,,2023-04-03,
Zepto,C09380,Kolkata,West Bengal,,2023-09-20,
Zepto,C09381,Bengaluru,Karnataka,,2024-05-21,
Zepto,C09382,Chennai,Tamil Nadu,,2023-06-15,
Zepto,C09383,Delhi,Delhi,,2024-01-06,
Zepto,C09384,Bengaluru,Karnataka,,2024-05-07,
Zepto,C09385,Delhi,Delhi,,2024-01-20,
Zepto,C09386,Hyderabad,Telangana,,2024-06-27,
Zepto,C09387,Mumbai,Maharashtra,,2023-04-29,
Zepto,C09388,Jaipur,Rajasthan,,2023-08-15,
Zepto,C09389,Ahmedabad,Gujarat,,2023-11-28,
Zepto,C09390,Delhi,Delhi,,2023-05-16,
Zepto,C09391,Chennai,Tamil Nadu,,2024-09-04,
Zepto,C09392,Chennai,Tamil Nadu,,2023-03-15,
Zepto,C09393,Delhi,Delhi,,2024-01-24,
Zepto,C09394,Lucknow,Uttar Pradesh,,2024-07-27,
Zepto,C09395,Bengaluru,Karnataka,,2024-03-31,
Zepto,C09396,Chennai,Tamil Nadu,,2024-12-13,
Zepto,C09397,Pune,Maharashtra,,2024-11-02,
Zepto,C09398,Lucknow,Uttar Pradesh,,2023-03-24,
Zepto,C09399,Hyderabad,Telangana,,2023-12-11,
Zepto,C09400,Lucknow,Uttar Pradesh,,2024-02-01,
Zepto,C09401,Pune,Maharashtra,,2024-09-30,
Zepto,C09402,Lucknow,Uttar Pradesh,,2023-04-13,
Zepto,C09403,Mumbai,Maharashtra,,2023-05-21,
Zepto,C09404,Mumbai,Maharashtra,,2024-10-08,
Zepto,C09405,Kolkata,West Bengal,,2023-01-23,
Zepto,C09406,Mumbai,Maharashtra,,2023-02-04,
Zepto,C09407,Pune,Maharashtra,,2023-05-28,
Zepto,C09408,Kolkata,West Bengal,,2023-11-18,
Zepto,C09409,Kolkata,West Bengal,,2024-12-22,
Zepto,C09410,Mumbai,Maharashtra,,2024-10-20,
Zepto,C09411,Delhi,Delhi,,2023-01-19,
Zepto,C09412,Lucknow,Uttar Pradesh,,2023-08-10,
Zepto,C09413,Kolkata,West Bengal,,2023-09-15,
Zepto,C09414,Jaipur,Rajasthan,,2023-07-12,
Zepto,C09415,Bengaluru,Karnataka,,2023-02-25,
Zepto,C09416,Jaipur,Rajasthan,,2023-07-20,
Zepto,C09417,Bengaluru,Karnataka,,2024-01-06,
Zepto,C09418,Hyderabad,Telangana,,2024-07-25,
Zepto,C09419,Bengaluru,Karnataka,,2023-12-12,
Zepto,C09420,Ahmedabad,Gujarat,,2023-08-30,
Zepto,C09421,Chennai,Tamil Nadu,,2024-03-10,
Zepto,C09422,Lucknow,Uttar Pradesh,,2023-12-01,
Zepto,C09423,Mumbai,Maharashtra,,2023-08-06,
Zepto,C09424,Mumbai,Maharashtra,,2023-10-10,
Zepto,C09425,Lucknow,Uttar Pradesh,,2024-07-06,
Zepto,C09426,Chennai,Tamil Nadu,,2023-02-12,
Zepto,C09427,Ahmedabad,Gujarat,,2024-02-18,
Zepto,C09428,Jaipur,Rajasthan,,2024-11-17,
Zepto,C09429,Ahmedabad,Gujarat,,2024-02-04,
Zepto,C09430,Chennai,Tamil Nadu,,2023-11-16,
Zepto,C09431,Mumbai,Maharashtra,,2023-03-30,
Zepto,C09432,Kolkata,West Bengal,,2024-03-27,
Zepto,C09433,Bengaluru,Karnataka,,2023-04-03,
Zepto,C09434,Bengaluru,Karnataka,,2023-07-15,
Zepto,C09435,Delhi,Delhi,,2024-12-06,
Zepto,C09436,Pune,Maharashtra,,2024-04-12,
Zepto,C09437,Mumbai,Maharashtra,,2023-10-24,
Zepto,C09438,Kolkata,West Bengal,,2023-05-31,
Zepto,C09439,Hyderabad,Telangana,,2023-08-12,
Zepto,C09440,Kolkata,West Bengal,,2023-08-11,
Zepto,C09441,Jaipur,Rajasthan,,2023-05-27,
Zepto,C09442,Kolkata,West Bengal,,2024-09-28,
Zepto,C09443,Lucknow,Uttar Pradesh,,2024-05-16,
Zepto,C09444,Pune,Maharashtra,,2024-06-24,
Zepto,C09445,Lucknow,Uttar Pradesh,,2024-06-20,
Zepto,C09446,Lucknow,Uttar Pradesh,,2023-01-22,
Zepto,C09447,Delhi,Delhi,,2023-12-22,
Zepto,C09448,Lucknow,Uttar Pradesh,,2024-10-02,
Zepto,C09449,Kolkata,West Bengal,,2023-04-17,
Zepto,C09450,Delhi,Delhi,,2024-05-14,
Zepto,C09451,Ahmedabad,Gujarat,,2023-01-09,
Zepto,C09452,Delhi,Delhi,,2023-12-31,
Zepto,C09453,Mumbai,Maharashtra,,2024-01-19,
Zepto,C09454,Kolkata,West Bengal,,2024-09-16,
Zepto,C09455,Kolkata,West Bengal,,2024-07-18,
Zepto,C09456,Ahmedabad,Gujarat,,2023-03-27,
Zepto,C09457,Ahmedabad,Gujarat,,2024-12-24,
Zepto,C09458,Pune,Maharashtra,,2024-04-07,
Zepto,C09459,Hyderabad,Telangana,,2023-02-06,
Zepto,C09460,Mumbai,Maharashtra,,2023-11-29,
Zepto,C09461,Ahmedabad,Gujarat,,2023-05-21,
Zepto,C09462,Hyderabad,Telangana,,2023-03-10,
Zepto,C09463,Mumbai,Maharashtra,,2024-10-29,
Zepto,C09464,Pune,Maharashtra,,2023-01-21,
Zepto,C09465,Delhi,Delhi,,2024-07-14,
Zepto,C09466,Ahmedabad,Gujarat,,2023-01-04,
Zepto,C09467,Hyderabad,Telangana,,2024-01-02,
Zepto,C09468,Kolkata,West Bengal,,2023-09-18,
Zepto,C09469,Bengaluru,Karnataka,,2024-10-07,
Zepto,C09470,Hyderabad,Telangana,,2023-04-01,
Zepto,C09471,Jaipur,Rajasthan,,2024-10-27,
Zepto,C09472,Jaipur,Rajasthan,,2023-09-14,
Zepto,C09473,Mumbai,Maharashtra,,2023-07-01,
Zepto,C09474,Mumbai,Maharashtra,,2023-05-13,
Zepto,C09475,Ahmedabad,Gujarat,,2023-05-10,
Zepto,C09476,Chennai,Tamil Nadu,,2023-10-05,
Zepto,C09477,Ahmedabad,Gujarat,,2023-11-01,
Zepto,C09478,Hyderabad,Telangana,,2023-01-16,
Zepto,C09479,Delhi,Delhi,,2023-01-20,
Zepto,C09480,Chennai,Tamil Nadu,,2023-07-09,
Zepto,C09481,Lucknow,Uttar Pradesh,,2024-04-12,
Zepto,C09482,Jaipur,Rajasthan,,2024-10-28,
Zepto,C09483,Pune,Maharashtra,,2023-01-27,
Zepto,C09484,Kolkata,West Bengal,,2024-10-17,
Zepto,C09485,Ahmedabad,Gujarat,,2023-04-24,
Zepto,C09486,Ahmedabad,Gujarat,,2023-12-10,
Zepto,C09487,Bengaluru,Karnataka,,2023-02-16,
Zepto,C09488,Chennai,Tamil Nadu,,2023-05-17,
Zepto,C09489,Ahmedabad,Gujarat,,2024-10-17,
Zepto,C09490,Pune,Maharashtra,,2023-02-03,
Zepto,C09491,Hyderabad,Telangana,,2024-07-10,
Zepto,C09492,Hyderabad,Telangana,,2024-02-21,
Zepto,C09493,Lucknow,Uttar Pradesh,,2023-03-14,
Zepto,C09494,Delhi,Delhi,,2023-08-14,
Zepto,C09495,Bengaluru,Karnataka,,2024-09-02,
Zepto,C09496,Lucknow,Uttar Pradesh,,2023-11-16,
Zepto,C09497,Jaipur,Rajasthan,,2024-06-21,
Zepto,C09498,Hyderabad,Telangana,,2023-09-07,
Zepto,C09499,Delhi,Delhi,,2023-04-10,
Zepto,C09500,Chennai,Tamil Nadu,,2024-09-12,
Zepto,C09501,Lucknow,Uttar Pradesh,,2023-04-27,
Zepto,C09502,Pune,Maharashtra,,2024-10-20,
Zepto,C09503,Kolkata,West Bengal,,2024-05-09,
Zepto,C09504,Pune,Maharashtra,,2023-04-14,
Zepto,C09505,Kolkata,West Bengal,,2023-06-18,
Zepto,C09506,Pune,Maharashtra,,2024-03-08,
Zepto,C09507,Bengaluru,Karnataka,,2024-12-22,
Zepto,C09508,Ahmedabad,Gujarat,,2024-02-15,
Zepto,C09509,Pune,Maharashtra,,2024-11-17,
Zepto,C09510,Hyderabad,Telangana,,2023-08-24,
Zepto,C09511,Lucknow,Uttar Pradesh,,2024-01-29,
Zepto,C09512,Bengaluru,Karnataka,,2024-09-21,
Zepto,C09513,Hyderabad,Telangana,,2023-12-13,
Zepto,C09514,Delhi,Delhi,,2023-03-24,
Zepto,C09515,Chennai,Tamil Nadu,,2024-04-03,
Zepto,C09516,Bengaluru,Karnataka,,2023-01-04,
Zepto,C09517,Kolkata,West Bengal,,2024-09-23,
Zepto,C09518,Kolkata,West Bengal,,2024-09-09,
Zepto,C09519,Mumbai,Maharashtra,,2024-12-31,
Zepto,C09520,Ahmedabad,Gujarat,,2023-10-02,
Zepto,C09521,Lucknow,Uttar Pradesh,,2024-08-22,
Zepto,C09522,Delhi,Delhi,,2023-05-06,
Zepto,C09523,Bengaluru,Karnataka,,2023-05-26,
Zepto,C09524,Bengaluru,Karnataka,,2023-06-20,
Zepto,C09525,Ahmedabad,Gujarat,,2023-01-31,
Zepto,C09526,Ahmedabad,Gujarat,,2024-11-30,
Zepto,C09527,Mumbai,Maharashtra,,2023-01-31,
Zepto,C09528,Delhi,Delhi,,2023-06-04,
Zepto,C09529,Lucknow,Uttar Pradesh,,2024-10-17,
Zepto,C09530,Delhi,Delhi,,2024-10-29,
Zepto,C09531,Kolkata,West Bengal,,2024-03-23,
Zepto,C09532,Lucknow,Uttar Pradesh,,2024-01-03,
Zepto,C09533,Chennai,Tamil Nadu,,2024-11-17,
Zepto,C09534,Jaipur,Rajasthan,,2023-06-12,
Zepto,C09535,Jaipur,Rajasthan,,2024-05-29,
Zepto,C09536,Chennai,Tamil Nadu,,2024-06-14,
Zepto,C09537,Chennai,Tamil Nadu,,2024-08-06,
Zepto,C09538,Hyderabad,Telangana,,2024-05-26,
Zepto,C09539,Pune,Maharashtra,,2023-05-23,
Zepto,C09540,Hyderabad,Telangana,,2024-06-14,
Zepto,C09541,Delhi,Delhi,,2024-03-18,
Zepto,C09542,Chennai,Tamil Nadu,,2024-05-30,
Zepto,C09543,Kolkata,West Bengal,,2023-05-01,
Zepto,C09544,Hyderabad,Telangana,,2024-06-08,
Zepto,C09545,Jaipur,Rajasthan,,2023-12-13,
Zepto,C09546,Jaipur,Rajasthan,,2024-09-09,
Zepto,C09547,Pune,Maharashtra,,2023-08-09,
Zepto,C09548,Delhi,Delhi,,2024-09-18,
Zepto,C09549,Hyderabad,Telangana,,2024-07-08,
Zepto,C09550,Chennai,Tamil Nadu,,2023-05-16,
Zepto,C09551,Mumbai,Maharashtra,,2024-11-21,
Zepto,C09552,Kolkata,West Bengal,,2023-11-26,
Zepto,C09553,Delhi,Delhi,,2024-12-07,
Zepto,C09554,Chennai,Tamil Nadu,,2023-12-01,
Zepto,C09555,Hyderabad,Telangana,,2024-02-05,
Zepto,C09556,Bengaluru,Karnataka,,2024-11-06,
Zepto,C09557,Bengaluru,Karnataka,,2023-04-10,
Zepto,C09558,Jaipur,Rajasthan,,2023-07-10,
Zepto,C09559,Ahmedabad,Gujarat,,2023-02-17,
Zepto,C09560,Lucknow,Uttar Pradesh,,2023-08-11,
Zepto,C09561,Bengaluru,Karnataka,,2024-09-06,
Zepto,C09562,Delhi,Delhi,,2023-08-28,
Zepto,C09563,Ahmedabad,Gujarat,,2023-10-01,
Zepto,C09564,Chennai,Tamil Nadu,,2024-09-08,
Zepto,C09565,Bengaluru,Karnataka,,2023-07-21,
Zepto,C09566,Hyderabad,Telangana,,2024-07-13,
Zepto,C09567,Jaipur,Rajasthan,,2023-01-15,
Zepto,C09568,Kolkata,West Bengal,,2024-04-11,
Zepto,C09569,Chennai,Tamil Nadu,,2024-05-25,
Zepto,C09570,Kolkata,West Bengal,,2023-03-31,
Zepto,C09571,Delhi,Delhi,,2023-01-12,
Zepto,C09572,Lucknow,Uttar Pradesh,,2023-07-08,
Zepto,C09573,Jaipur,Rajasthan,,2024-08-16,
Zepto,C09574,Bengaluru,Karnataka,,2023-02-12,
Zepto,C09575,Delhi,Delhi,,2023-01-08,
Zepto,C09576,Ahmedabad,Gujarat,,2023-11-04,
Zepto,C09577,Lucknow,Uttar Pradesh,,2023-11-13,
Zepto,C09578,Hyderabad,Telangana,,2023-11-11,
Zepto,C09579,Chennai,Tamil Nadu,,2023-05-22,
Zepto,C09580,Jaipur,Rajasthan,,2023-12-06,
Zepto,C09581,Bengaluru,Karnataka,,2023-08-09,
Zepto,C09582,Delhi,Delhi,,2023-02-26,
Zepto,C09583,Lucknow,Uttar Pradesh,,2023-04-06,
Zepto,C09584,Lucknow,Uttar Pradesh,,2024-12-21,
Zepto,C09585,Bengaluru,Karnataka,,2023-11-05,
Zepto,C09586,Hyderabad,Telangana,,2023-04-19,
Zepto,C09587,Chennai,Tamil Nadu,,2023-10-16,
Zepto,C09588,Kolkata,West Bengal,,2024-11-20,
Zepto,C09589,Kolkata,West Bengal,,2024-10-10,
Zepto,C09590,Bengaluru,Karnataka,,2023-01-21,
Zepto,C09591,Delhi,Delhi,,2023-03-01,
Zepto,C09592,Jaipur,Rajasthan,,2023-06-03,
Zepto,C09593,Pune,Maharashtra,,2023-04-10,
Zepto,C09594,Delhi,Delhi,,2023-11-24,
Zepto,C09595,Chennai,Tamil Nadu,,2024-09-15,
Zepto,C09596,Mumbai,Maharashtra,,2024-01-18,
Zepto,C09597,Pune,Maharashtra,,2024-11-04,
Zepto,C09598,Mumbai,Maharashtra,,2023-10-17,
Zepto,C09599,Jaipur,Rajasthan,,2024-07-10,
Zepto,C09600,Bengaluru,Karnataka,,2024-06-18,
Zepto,C09601,Pune,Maharashtra,,2024-07-19,
Zepto,C09602,Ahmedabad,Gujarat,,2023-01-16,
Zepto,C09603,Jaipur,Rajasthan,,2023-05-23,
Zepto,C09604,Chennai,Tamil Nadu,,2024-11-16,
Zepto,C09605,Jaipur,Rajasthan,,2023-07-26,
Zepto,C09606,Delhi,Delhi,,2024-01-25,
Zepto,C09607,Hyderabad,Telangana,,2024-12-31,
Zepto,C09608,Jaipur,Rajasthan,,2024-08-09,
Zepto,C09609,Chennai,Tamil Nadu,,2024-10-28,
Zepto,C09610,Mumbai,Maharashtra,,2023-10-06,
Zepto,C09611,Jaipur,Rajasthan,,2023-03-25,
Zepto,C09612,Hyderabad,Telangana,,2023-12-18,
Zepto,C09613,Jaipur,Rajasthan,,2024-11-10,
Zepto,C09614,Lucknow,Uttar Pradesh,,2024-11-01,
Zepto,C09615,Hyderabad,Telangana,,2023-03-10,
Zepto,C09616,Pune,Maharashtra,,2023-12-11,
Zepto,C09617,Bengaluru,Karnataka,,2023-05-21,
Zepto,C09618,Chennai,Tamil Nadu,,2024-05-22,
Zepto,C09619,Hyderabad,Telangana,,2023-07-08,
Zepto,C09620,Pune,Maharashtra,,2024-08-31,
Zepto,C09621,Mumbai,Maharashtra,,2023-04-28,
Zepto,C09622,Hyderabad,Telangana,,2023-10-09,
Zepto,C09623,Kolkata,West Bengal,,2024-10-08,
Zepto,C09624,Delhi,Delhi,,2024-03-27,
Zepto,C09625,Hyderabad,Telangana,,2023-06-29,
Zepto,C09626,Lucknow,Uttar Pradesh,,2024-04-20,
Zepto,C09627,Bengaluru,Karnataka,,2024-07-13,
Zepto,C09628,Chennai,Tamil Nadu,,2023-01-24,
Zepto,C09629,Ahmedabad,Gujarat,,2024-12-26,
Zepto,C09630,Mumbai,Maharashtra,,2024-10-16,
Zepto,C09631,Mumbai,Maharashtra,,2024-11-18,
Zepto,C09632,Ahmedabad,Gujarat,,2024-12-21,
Zepto,C09633,Delhi,Delhi,,2024-10-05,
Zepto,C09634,Bengaluru,Karnataka,,2023-04-24,
Zepto,C09635,Chennai,Tamil Nadu,,2023-03-16,
Zepto,C09636,Ahmedabad,Gujarat,,2024-10-27,
Zepto,C09637,Lucknow,Uttar Pradesh,,2023-07-23,
Zepto,C09638,Pune,Maharashtra,,2024-10-27,
Zepto,C09639,Hyderabad,Telangana,,2023-01-12,
Zepto,C09640,Delhi,Delhi,,2024-01-06,
Zepto,C09641,Jaipur,Rajasthan,,2024-04-26,
Zepto,C09642,Hyderabad,Telangana,,2023-04-25,
Zepto,C09643,Mumbai,Maharashtra,,2023-02-21,
Zepto,C09644,Delhi,Delhi,,2023-04-29,
Zepto,C09645,Ahmedabad,Gujarat,,2024-07-04,
Zepto,C09646,Chennai,Tamil Nadu,,2024-06-02,
Zepto,C09647,Hyderabad,Telangana,,2023-11-05,
Zepto,C09648,Jaipur,Rajasthan,,2023-06-01,
Zepto,C09649,Jaipur,Rajasthan,,2023-04-10,
Zepto,C09650,Delhi,Delhi,,2024-08-18,
Zepto,C09651,Ahmedabad,Gujarat,,2023-08-20,
Zepto,C09652,Pune,Maharashtra,,2023-12-18,
Zepto,C09653,Kolkata,West Bengal,,2023-08-08,
Zepto,C09654,Hyderabad,Telangana,,2024-06-21,
Zepto,C09655,Lucknow,Uttar Pradesh,,2023-09-25,
Zepto,C09656,Mumbai,Maharashtra,,2023-06-13,
Zepto,C09657,Bengaluru,Karnataka,,2023-09-26,
Zepto,C09658,Delhi,Delhi,,2023-01-30,
Zepto,C09659,Jaipur,Rajasthan,,2023-01-25,
Zepto,C09660,Jaipur,Rajasthan,,2024-12-28,
Zepto,C09661,Lucknow,Uttar Pradesh,,2023-02-17,
Zepto,C09662,Delhi,Delhi,,2024-06-30,
Zepto,C09663,Kolkata,West Bengal,,2023-06-03,
Zepto,C09664,Pune,Maharashtra,,2023-09-24,
Zepto,C09665,Pune,Maharashtra,,2023-11-26,
Zepto,C09666,Delhi,Delhi,,2023-09-29,
Zepto,C09667,Delhi,Delhi,,2024-07-25,
Zepto,C09668,Hyderabad,Telangana,,2024-09-25,
Zepto,C09669,Pune,Maharashtra,,2024-12-20,
Zepto,C09670,Bengaluru,Karnataka,,2024-04-03,
Zepto,C09671,Pune,Maharashtra,,2024-08-18,
Zepto,C09672,Hyderabad,Telangana,,2023-08-21,
Zepto,C09673,Pune,Maharashtra,,2023-08-25,
Zepto,C09674,Hyderabad,Telangana,,2023-02-24,
Zepto,C09675,Jaipur,Rajasthan,,2023-07-31,
Zepto,C09676,Kolkata,West Bengal,,2023-08-11,
Zepto,C09677,Pune,Maharashtra,,2024-12-05,
Zepto,C09678,Lucknow,Uttar Pradesh,,2023-07-24,
Zepto,C09679,Delhi,Delhi,,2024-02-14,
Zepto,C09680,Jaipur,Rajasthan,,2024-08-29,
Zepto,C09681,Hyderabad,Telangana,,2023-09-30,
Zepto,C09682,Hyderabad,Telangana,,2024-01-08,
Zepto,C09683,Delhi,Delhi,,2023-11-29,
Zepto,C09684,Ahmedabad,Gujarat,,2023-03-25,
Zepto,C09685,Kolkata,West Bengal,,2024-05-04,
Zepto,C09686,Delhi,Delhi,,2024-02-27,
Zepto,C09687,Delhi,Delhi,,2024-12-19,
Zepto,C09688,Chennai,Tamil Nadu,,2023-09-29,
Zepto,C09689,Pune,Maharashtra,,2023-08-19,
Zepto,C09690,Lucknow,Uttar Pradesh,,2023-04-14,
Zepto,C09691,Hyderabad,Telangana,,2024-08-12,
Zepto,C09692,Ahmedabad,Gujarat,,2024-08-26,
Zepto,C09693,Jaipur,Rajasthan,,2024-08-18,
Zepto,C09694,Pune,Maharashtra,,2024-03-04,
Zepto,C09695,Ahmedabad,Gujarat,,2024-07-21,
Zepto,C09696,Jaipur,Rajasthan,,2024-05-03,
Zepto,C09697,Mumbai,Maharashtra,,2023-12-28,
Zepto,C09698,Jaipur,Rajasthan,,2023-12-18,
Zepto,C09699,Ahmedabad,Gujarat,,2024-11-12,
Zepto,C09700,Kolkata,West Bengal,,2024-10-28,
Zepto,C09701,Mumbai,Maharashtra,,2024-07-11,
Zepto,C09702,Kolkata,West Bengal,,2023-08-26,
Zepto,C09703,Lucknow,Uttar Pradesh,,2024-01-20,
Zepto,C09704,Kolkata,West Bengal,,2023-01-12,
Zepto,C09705,Mumbai,Maharashtra,,2024-10-28,
Zepto,C09706,Hyderabad,Telangana,,2024-05-27,
Zepto,C09707,Bengaluru,Karnataka,,2024-07-11,
Zepto,C09708,Ahmedabad,Gujarat,,2024-10-18,
Zepto,C09709,Jaipur,Rajasthan,,2023-06-28,
Zepto,C09710,Mumbai,Maharashtra,,2023-06-25,
Zepto,C09711,Mumbai,Maharashtra,,2023-05-29,
Zepto,C09712,Kolkata,West Bengal,,2023-03-27,
Zepto,C09713,Jaipur,Rajasthan,,2024-03-19,
Zepto,C09714,Ahmedabad,Gujarat,,2023-02-23,
Zepto,C09715,Hyderabad,Telangana,,2024-08-07,
Zepto,C09716,Lucknow,Uttar Pradesh,,2024-12-29,
Zepto,C09717,Ahmedabad,Gujarat,,2024-02-19,
Zepto,C09718,Chennai,Tamil Nadu,,2023-06-21,
Zepto,C09719,Mumbai,Maharashtra,,2024-11-26,
Zepto,C09720,Mumbai,Maharashtra,,2024-09-27,
Zepto,C09721,Pune,Maharashtra,,2023-05-26,
Zepto,C09722,Ahmedabad,Gujarat,,2023-04-24,
Zepto,C09723,Jaipur,Rajasthan,,2023-02-14,
Zepto,C09724,Mumbai,Maharashtra,,2023-03-23,
Zepto,C09725,Mumbai,Maharashtra,,2023-02-23,
Zepto,C09726,Kolkata,West Bengal,,2023-11-12,
Zepto,C09727,Pune,Maharashtra,,2023-11-24,
Zepto,C09728,Bengaluru,Karnataka,,2023-09-24,
Zepto,C09729,Bengaluru,Karnataka,,2023-01-24,
Zepto,C09730,Mumbai,Maharashtra,,2024-08-13,
Zepto,C09731,Kolkata,West Bengal,,2023-12-08,
Zepto,C09732,Delhi,Delhi,,2024-03-31,
Zepto,C09733,Hyderabad,Telangana,,2024-03-07,
Zepto,C09734,Bengaluru,Karnataka,,2024-02-22,
Zepto,C09735,Bengaluru,Karnataka,,2023-03-02,
Zepto,C09736,Kolkata,West Bengal,,2023-04-14,
Zepto,C09737,Jaipur,Rajasthan,,2024-08-14,
Zepto,C09738,Lucknow,Uttar Pradesh,,2023-01-22,
Zepto,C09739,Delhi,Delhi,,2024-07-19,
Zepto,C09740,Delhi,Delhi,,2023-03-03,
Zepto,C09741,Delhi,Delhi,,2023-08-17,
Zepto,C09742,Mumbai,Maharashtra,,2024-01-30,
Zepto,C09743,Mumbai,Maharashtra,,2023-07-13,
Zepto,C09744,Ahmedabad,Gujarat,,2024-09-24,
Zepto,C09745,Ahmedabad,Gujarat,,2023-12-07,
Zepto,C09746,Bengaluru,Karnataka,,2024-08-14,
Zepto,C09747,Ahmedabad,Gujarat,,2023-07-27,
Zepto,C09748,Delhi,Delhi,,2023-09-20,
Zepto,C09749,Lucknow,Uttar Pradesh,,2023-11-16,
Zepto,C09750,Hyderabad,Telangana,,2023-05-25,
Zepto,C09751,Jaipur,Rajasthan,,2024-01-20,
Zepto,C09752,Jaipur,Rajasthan,,2023-03-10,
Zepto,C09753,Delhi,Delhi,,2023-10-19,
Zepto,C09754,Hyderabad,Telangana,,2023-06-23,
Zepto,C09755,Delhi,Delhi,,2024-04-12,
Zepto,C09756,Delhi,Delhi,,2024-08-18,
Zepto,C09757,Kolkata,West Bengal,,2023-04-27,
Zepto,C09758,Hyderabad,Telangana,,2024-12-25,
Zepto,C09759,Chennai,Tamil Nadu,,2023-05-07,
Zepto,C09760,Kolkata,West Bengal,,2024-08-01,
Zepto,C09761,Kolkata,West Bengal,,2023-07-18,
Zepto,C09762,Lucknow,Uttar Pradesh,,2023-05-15,
Zepto,C09763,Bengaluru,Karnataka,,2023-05-29,
Zepto,C09764,Chennai,Tamil Nadu,,2024-11-14,
Zepto,C09765,Kolkata,West Bengal,,2023-01-17,
Zepto,C09766,Bengaluru,Karnataka,,2024-05-30,
Zepto,C09767,Lucknow,Uttar Pradesh,,2024-01-14,
Zepto,C09768,Jaipur,Rajasthan,,2023-12-10,
Zepto,C09769,Delhi,Delhi,,2024-01-24,
Zepto,C09770,Chennai,Tamil Nadu,,2024-07-01,
Zepto,C09771,Bengaluru,Karnataka,,2024-06-26,
Zepto,C09772,Pune,Maharashtra,,2023-06-11,
Zepto,C09773,Pune,Maharashtra,,2023-08-06,
Zepto,C09774,Ahmedabad,Gujarat,,2024-07-20,
Zepto,C09775,Chennai,Tamil Nadu,,2023-03-16,
Zepto,C09776,Jaipur,Rajasthan,,2023-03-10,
Zepto,C09777,Pune,Maharashtra,,2024-10-03,
Zepto,C09778,Pune,Maharashtra,,2023-10-24,
Zepto,C09779,Jaipur,Rajasthan,,2024-06-14,
Zepto,C09780,Mumbai,Maharashtra,,2024-02-01,
Zepto,C09781,Ahmedabad,Gujarat,,2024-06-11,
Zepto,C09782,Lucknow,Uttar Pradesh,,2024-10-17,
Zepto,C09783,Mumbai,Maharashtra,,2023-05-30,
Zepto,C09784,Lucknow,Uttar Pradesh,,2023-11-11,
Zepto,C09785,Jaipur,Rajasthan,,2024-08-10,
Zepto,C09786,Ahmedabad,Gujarat,,2024-05-25,
Zepto,C09787,Delhi,Delhi,,2023-12-04,
Zepto,C09788,Hyderabad,Telangana,,2023-07-27,
Zepto,C09789,Lucknow,Uttar Pradesh,,2024-05-20,
Zepto,C09790,Delhi,Delhi,,2024-12-23,
Zepto,C09791,Bengaluru,Karnataka,,2024-01-18,
Zepto,C09792,Jaipur,Rajasthan,,2024-06-05,
Zepto,C09793,Bengaluru,Karnataka,,2024-05-12,
Zepto,C09794,Delhi,Delhi,,2023-04-01,
Zepto,C09795,Pune,Maharashtra,,2023-01-16,
Zepto,C09796,Delhi,Delhi,,2024-02-03,
Zepto,C09797,Ahmedabad,Gujarat,,2024-05-11,
Zepto,C09798,Pune,Maharashtra,,2023-04-08,
Zepto,C09799,Bengaluru,Karnataka,,2023-02-28,
Zepto,C09800,Mumbai,Maharashtra,,2023-10-18,
Zepto,C09801,Jaipur,Rajasthan,,2023-12-17,
Zepto,C09802,Chennai,Tamil Nadu,,2023-12-12,
Zepto,C09803,Chennai,Tamil Nadu,,2023-09-02,
Zepto,C09804,Kolkata,West Bengal,,2024-03-14,
Zepto,C09805,Lucknow,Uttar Pradesh,,2024-05-28,
Zepto,C09806,Mumbai,Maharashtra,,2024-08-05,
Zepto,C09807,Hyderabad,Telangana,,2023-03-29,
Zepto,C09808,Ahmedabad,Gujarat,,2023-02-04,
Zepto,C09809,Ahmedabad,Gujarat,,2023-02-28,
Zepto,C09810,Chennai,Tamil Nadu,,2024-02-04,
Zepto,C09811,Chennai,Tamil Nadu,,2023-06-11,
Zepto,C09812,Hyderabad,Telangana,,2023-05-25,
Zepto,C09813,Chennai,Tamil Nadu,,2024-11-18,
Zepto,C09814,Ahmedabad,Gujarat,,2023-06-10,
Zepto,C09815,Delhi,Delhi,,2023-09-10,
Zepto,C09816,Delhi,Delhi,,2024-06-13,
Zepto,C09817,Kolkata,West Bengal,,2024-08-25,
Zepto,C09818,Pune,Maharashtra,,2024-12-20,
Zepto,C09819,Kolkata,West Bengal,,2023-03-27,
Zepto,C09820,Jaipur,Rajasthan,,2024-11-22,
Zepto,C09821,Bengaluru,Karnataka,,2023-11-24,
Zepto,C09822,Ahmedabad,Gujarat,,2024-03-22,
Zepto,C09823,Chennai,Tamil Nadu,,2023-04-22,
Zepto,C09824,Kolkata,West Bengal,,2023-03-14,
Zepto,C09825,Mumbai,Maharashtra,,2023-01-28,
Zepto,C09826,Kolkata,West Bengal,,2024-12-07,
Zepto,C09827,Lucknow,Uttar Pradesh,,2024-12-21,
Zepto,C09828,Kolkata,West Bengal,,2024-01-24,
Zepto,C09829,Bengaluru,Karnataka,,2023-11-09,
Zepto,C09830,Delhi,Delhi,,2023-06-30,
Zepto,C09831,Bengaluru,Karnataka,,2024-05-31,
Zepto,C09832,Lucknow,Uttar Pradesh,,2024-07-20,
Zepto,C09833,Jaipur,Rajasthan,,2023-03-17,
Zepto,C09834,Delhi,Delhi,,2023-07-01,
Zepto,C09835,Chennai,Tamil Nadu,,2023-02-07,
Zepto,C09836,Bengaluru,Karnataka,,2023-11-28,
Zepto,C09837,Delhi,Delhi,,2023-01-31,
Zepto,C09838,Pune,Maharashtra,,2024-02-06,
Zepto,C09839,Delhi,Delhi,,2023-07-06,
Zepto,C09840,Jaipur,Rajasthan,,2023-01-27,
Zepto,C09841,Ahmedabad,Gujarat,,2024-05-10,
Zepto,C09842,Bengaluru,Karnataka,,2023-01-17,
Zepto,C09843,Mumbai,Maharashtra,,2024-02-14,
Zepto,C09844,Jaipur,Rajasthan,,2024-08-30,
Zepto,C09845,Chennai,Tamil Nadu,,2023-08-20,
Zepto,C09846,Chennai,Tamil Nadu,,2024-01-04,
Zepto,C09847,Pune,Maharashtra,,2024-09-09,
Zepto,C09848,Pune,Maharashtra,,2023-02-10,
Zepto,C09849,Kolkata,West Bengal,,2024-10-20,
Zepto,C09850,Mumbai,Maharashtra,,2024-08-15,
Zepto,C09851,Lucknow,Uttar Pradesh,,2024-10-17,
Zepto,C09852,Jaipur,Rajasthan,,2023-09-10,
Zepto,C09853,Bengaluru,Karnataka,,2023-04-24,
Zepto,C09854,Mumbai,Maharashtra,,2023-06-14,
Zepto,C09855,Chennai,Tamil Nadu,,2024-09-21,
Zepto,C09856,Lucknow,Uttar Pradesh,,2024-11-08,
Zepto,C09857,Chennai,Tamil Nadu,,2024-11-22,
Zepto,C09858,Pune,Maharashtra,,2023-09-05,
Zepto,C09859,Chennai,Tamil Nadu,,2023-10-19,
Zepto,C09860,Hyderabad,Telangana,,2023-02-23,
Zepto,C09861,Jaipur,Rajasthan,,2023-10-02,
Zepto,C09862,Delhi,Delhi,,2023-12-03,
Zepto,C09863,Mumbai,Maharashtra,,2024-09-02,
Zepto,C09864,Ahmedabad,Gujarat,,2024-03-14,
Zepto,C09865,Bengaluru,Karnataka,,2024-11-23,
Zepto,C09866,Ahmedabad,Gujarat,,2023-08-21,
Zepto,C09867,Bengaluru,Karnataka,,2024-04-12,
Zepto,C09868,Hyderabad,Telangana,,2023-01-13,
Zepto,C09869,Chennai,Tamil Nadu,,2024-02-09,
Zepto,C09870,Kolkata,West Bengal,,2023-11-18,
Zepto,C09871,Jaipur,Rajasthan,,2024-03-09,
Zepto,C09872,Mumbai,Maharashtra,,2024-11-14,
Zepto,C09873,Pune,Maharashtra,,2024-04-22,
Zepto,C09874,Hyderabad,Telangana,,2024-07-20,
Zepto,C09875,Lucknow,Uttar Pradesh,,2024-04-25,
Zepto,C09876,Delhi,Delhi,,2023-07-12,
Zepto,C09877,Kolkata,West Bengal,,2023-08-09,
Zepto,C09878,Chennai,Tamil Nadu,,2024-09-08,
Zepto,C09879,Ahmedabad,Gujarat,,2024-11-27,
Zepto,C09880,Ahmedabad,Gujarat,,2023-04-22,
Zepto,C09881,Chennai,Tamil Nadu,,2023-02-09,
Zepto,C09882,Lucknow,Uttar Pradesh,,2024-03-27,
Zepto,C09883,Kolkata,West Bengal,,2023-08-12,
Zepto,C09884,Delhi,Delhi,,2023-02-05,
Zepto,C09885,Kolkata,West Bengal,,2024-09-21,
Zepto,C09886,Ahmedabad,Gujarat,,2024-05-31,
Zepto,C09887,Kolkata,West Bengal,,2023-08-01,
Zepto,C09888,Bengaluru,Karnataka,,2023-11-08,
Zepto,C09889,Bengaluru,Karnataka,,2023-02-17,
Zepto,C09890,Ahmedabad,Gujarat,,2023-06-11,
Zepto,C09891,Lucknow,Uttar Pradesh,,2023-03-30,
Zepto,C09892,Jaipur,Rajasthan,,2023-08-05,
Zepto,C09893,Chennai,Tamil Nadu,,2024-01-31,
Zepto,C09894,Kolkata,West Bengal,,2024-10-17,
Zepto,C09895,Mumbai,Maharashtra,,2023-02-02,
Zepto,C09896,Jaipur,Rajasthan,,2024-02-14,
Zepto,C09897,Mumbai,Maharashtra,,2023-01-19,
Zepto,C09898,Delhi,Delhi,,2023-11-01,
Zepto,C09899,Mumbai,Maharashtra,,2023-08-04,
Zepto,C09900,Ahmedabad,Gujarat,,2023-06-27,
Zepto,C09901,Kolkata,West Bengal,,2024-06-21,
Zepto,C09902,Lucknow,Uttar Pradesh,,2024-02-02,
Zepto,C09903,Delhi,Delhi,,2023-05-31,
Zepto,C09904,Jaipur,Rajasthan,,2023-08-20,
Zepto,C09905,Delhi,Delhi,,2024-02-21,
Zepto,C09906,Hyderabad,Telangana,,2024-03-08,
Zepto,C09907,Mumbai,Maharashtra,,2024-07-10,
Zepto,C09908,Mumbai,Maharashtra,,2024-12-27,
Zepto,C09909,Lucknow,Uttar Pradesh,,2024-08-10,
Zepto,C09910,Jaipur,Rajasthan,,2024-07-14,
Zepto,C09911,Bengaluru,Karnataka,,2023-09-24,
Zepto,C09912,Lucknow,Uttar Pradesh,,2024-12-08,
Zepto,C09913,Ahmedabad,Gujarat,,2024-01-13,
Zepto,C09914,Kolkata,West Bengal,,2023-07-10,
Zepto,C09915,Lucknow,Uttar Pradesh,,2023-07-04,
Zepto,C09916,Ahmedabad,Gujarat,,2024-01-29,
Zepto,C09917,Kolkata,West Bengal,,2023-12-14,
Zepto,C09918,Ahmedabad,Gujarat,,2024-11-25,
Zepto,C09919,Hyderabad,Telangana,,2024-06-20,
Zepto,C09920,Pune,Maharashtra,,2024-10-03,
Zepto,C09921,Bengaluru,Karnataka,,2024-09-07,
Zepto,C09922,Mumbai,Maharashtra,,2023-03-31,
Zepto,C09923,Bengaluru,Karnataka,,2024-05-04,
Zepto,C09924,Kolkata,West Bengal,,2023-12-26,
Zepto,C09925,Bengaluru,Karnataka,,2024-06-06,
Zepto,C09926,Chennai,Tamil Nadu,,2023-05-08,
Zepto,C09927,Lucknow,Uttar Pradesh,,2024-10-05,
Zepto,C09928,Chennai,Tamil Nadu,,2023-09-18,
Zepto,C09929,Pune,Maharashtra,,2024-08-10,
Zepto,C09930,Ahmedabad,Gujarat,,2024-01-30,
Zepto,C09931,Jaipur,Rajasthan,,2023-06-22,
Zepto,C09932,Bengaluru,Karnataka,,2023-03-18,
Zepto,C09933,Mumbai,Maharashtra,,2023-12-19,
Zepto,C09934,Mumbai,Maharashtra,,2024-07-19,
Zepto,C09935,Jaipur,Rajasthan,,2024-05-21,
Zepto,C09936,Chennai,Tamil Nadu,,2024-03-28,
Zepto,C09937,Pune,Maharashtra,,2024-04-20,
Zepto,C09938,Lucknow,Uttar Pradesh,,2023-07-11,
Zepto,C09939,Ahmedabad,Gujarat,,2024-10-31,
Zepto,C09940,Kolkata,West Bengal,,2024-08-12,
Zepto,C09941,Ahmedabad,Gujarat,,2023-05-27,
Zepto,C09942,Delhi,Delhi,,2024-01-28,
Zepto,C09943,Bengaluru,Karnataka,,2024-05-24,
Zepto,C09944,Mumbai,Maharashtra,,2023-06-19,
Zepto,C09945,Mumbai,Maharashtra,,2024-07-16,
Zepto,C09946,Delhi,Delhi,,2023-11-08,
Zepto,C09947,Delhi,Delhi,,2023-12-04,
Zepto,C09948,Lucknow,Uttar Pradesh,,2023-06-21,
Zepto,C09949,Hyderabad,Telangana,,2024-08-25,
Zepto,C09950,Bengaluru,Karnataka,,2024-06-25,
Zepto,C09951,Chennai,Tamil Nadu,,2023-05-25,
Zepto,C09952,Mumbai,Maharashtra,,2024-08-24,
Zepto,C09953,Lucknow,Uttar Pradesh,,2024-03-13,
Zepto,C09954,Lucknow,Uttar Pradesh,,2024-04-18,
Zepto,C09955,Lucknow,Uttar Pradesh,,2023-03-09,
Zepto,C09956,Hyderabad,Telangana,,2023-05-06,
Zepto,C09957,Pune,Maharashtra,,2024-12-16,
Zepto,C09958,Hyderabad,Telangana,,2023-07-30,
Zepto,C09959,Jaipur,Rajasthan,,2024-01-07,
Zepto,C09960,Bengaluru,Karnataka,,2024-10-10,
Zepto,C09961,Ahmedabad,Gujarat,,2023-10-08,
Zepto,C09962,Lucknow,Uttar Pradesh,,2024-03-19,
Zepto,C09963,Bengaluru,Karnataka,,2023-12-13,
Zepto,C09964,Hyderabad,Telangana,,2024-06-07,
Zepto,C09965,Hyderabad,Telangana,,2024-01-13,
Zepto,C09966,Delhi,Delhi,,2023-01-12,
Zepto,C09967,Jaipur,Rajasthan,,2024-08-05,
Zepto,C09968,Delhi,Delhi,,2024-03-05,
Zepto,C09969,Kolkata,West Bengal,,2023-10-22,
Zepto,C09970,Chennai,Tamil Nadu,,2023-10-12,
Zepto,C09971,Lucknow,Uttar Pradesh,,2023-07-05,
Zepto,C09972,Delhi,Delhi,,2024-09-23,
Zepto,C09973,Chennai,Tamil Nadu,,2023-06-17,
Zepto,C09974,Delhi,Delhi,,2024-09-05,
Zepto,C09975,Chennai,Tamil Nadu,,2024-05-14,
Zepto,C09976,Pune,Maharashtra,,2023-07-17,
Zepto,C09977,Chennai,Tamil Nadu,,2023-08-02,
Zepto,C09978,Hyderabad,Telangana,,2023-07-15,
Zepto,C09979,Chennai,Tamil Nadu,,2023-07-21,
Zepto,C09980,Hyderabad,Telangana,,2023-12-26,
Zepto,C09981,Jaipur,Rajasthan,,2023-07-19,
Zepto,C09982,Chennai,Tamil Nadu,,2023-08-24,
Zepto,C09983,Chennai,Tamil Nadu,,2023-05-26,
Zepto,C09984,Pune,Maharashtra,,2024-03-02,
Zepto,C09985,Bengaluru,Karnataka,,2024-06-17,
Zepto,C09986,Kolkata,West Bengal,,2024-09-04,
Zepto,C09987,Mumbai,Maharashtra,,2024-03-03,
Zepto,C09988,Bengaluru,Karnataka,,2023-12-15,
Zepto,C09989,Hyderabad,Telangana,,2023-01-06,
Zepto,C09990,Jaipur,Rajasthan,,2024-05-16,
Zepto,C09991,Mumbai,Maharashtra,,2023-06-18,
Zepto,C09992,Pune,Maharashtra,,2024-04-03,
Zepto,C09993,Kolkata,West Bengal,,2023-02-18,
Zepto,C09994,Hyderabad,Telangana,,2024-03-17,
Zepto,C09995,Mumbai,Maharashtra,,2024-01-05,
Zepto,C09996,Ahmedabad,Gujarat,,2024-05-14,
Zepto,C09997,Jaipur,Rajasthan,,2024-06-25,
Zepto,C09998,Kolkata,West Bengal,,2023-08-18,
Zepto,C09999,Hyderabad,Telangana,,2023-08-24,
Zepto,C10000,Hyderabad,Telangana,,2023-12-10,
Blinkit,97475543,Bihar Sharif,,321865,2023-05-13,High Value
Blinkit,22077605,Srinagar,,149394,2024-06-18,Inactive
Blinkit,47822591,Darbhanga,,621411,2024-09-25,Frequent Shopper
Blinkit,79726146,Alappuzha,,826054,2023-10-04,New User
Blinkit,57102800,Ambarnath,,730539,2024-03-22,Inactive
Blinkit,54748429,Durg,,883122,2024-04-22,New User
Blinkit,49152878,Gandhinagar,,649817,2024-09-13,High Value
Blinkit,16379942,Sikar,,332997,2024-04-10,Inactive
Blinkit,11071601,Ramgarh,,528426,2023-07-04,Inactive
Blinkit,68164013,Hospet,,4515,2023-06-29,New User
Blinkit,80404839,Mathura,,642727,2023-04-13,Inactive
Blinkit,27038630,Danapur,,393286,2023-04-27,Frequent Shopper
Blinkit,1655637,Visakhapatnam,,548633,2023-09-17,Frequent Shopper
Blinkit,75566105,Madhyamgram,,871594,2024-03-20,Frequent Shopper
Blinkit,23961725,Purnia,,629210,2024-05-11,Frequent Shopper
Blinkit,67749649,Silchar,,222577,2024-04-10,Inactive
Blinkit,61461253,Moradabad,,381991,2024-08-29,Inactive
Blinkit,30619659,Nashik,,400041,2024-09-18,Inactive
Blinkit,50229203,Avadi,,598757,2023-09-14,Frequent Shopper
Blinkit,13567338,Jamshedpur,,509163,2024-10-14,High Value
Blinkit,7591711,Nellore,,792550,2024-01-30,Frequent Shopper
Blinkit,22102079,Barasat,,595920,2024-06-21,High Value
Blinkit,48910430,Aurangabad,,125846,2024-09-04,High Value
Blinkit,27604184,Pudukkottai,,279361,2023-10-06,New User
Blinkit,79672044,Bhopal,,964688,2023-12-17,New User
Blinkit,13461704,Ludhiana,,770516,2024-04-04,High Value
Blinkit,66135710,Coimbatore,,352680,2023-11-28,New User
Blinkit,50572914,Siliguri,,654429,2023-10-21,Frequent Shopper
Blinkit,4386273,Khora,,494307,2024-06-26,Inactive
Blinkit,57537308,Bhiwani,,779981,2024-05-18,New User
Blinkit,34526442,Ghaziabad,,674102,2023-09-27,Frequent Shopper
Blinkit,67383024,Jalandhar,,436202,2024-04-10,High Value
Blinkit,28350645,Patiala,,360999,2024-01-12,Inactive
Blinkit,81940369,,,522947,2024-02-24,High Value
Blinkit,89950235,Tadepalligudem,,334280,2023-12-24,High Value
Blinkit,88202341,Tirupati,,174979,2023-08-20,Inactive
Blinkit,41155125,Berhampore,,82916,2024-04-22,Inactive
Blinkit,46369552,Bangalore,,688982,2024-09-16,Frequent Shopper
Blinkit,48943848,Orai,,993533,2024-06-21,High Value
Blinkit,39645619,Imphal,,740640,2023-06-17,Frequent Shopper
Blinkit,76917159,Sambhal,,591173,2024-06-23,High Value
Blinkit,72366758,Mumbai,,228827,2023-11-19,Inactive
Blinkit,66140659,Bettiah,,15696,2023-12-09,High Value
Blinkit,87457446,Chittoor,,525466,2024-07-02,High Value
Blinkit,10830043,Jammu,,548469,2023-10-15,New User
Blinkit,97150234,Anantapuram,,945899,2023-11-22,New User
Blinkit,72489544,Madurai,,332066,2024-09-19,Inactive
Blinkit,81352781,Satna,,455587,2024-02-27,Frequent Shopper
Blinkit,88130777,Machilipatnam,,424291,2023-10-17,New User
Blinkit,65294340,Anantapur,,835263,2024-04-16,New User
Blinkit,40387944,Mirzapur,,373298,2024-03-15,Frequent Shopper
Blinkit,91868185,Uluberia,,517675,2023-10-15,New User
Blinkit,31846190,Patna,,264654,2024-09-08,New User
Blinkit,15529446,Patna,,665417,2023-10-10,High Value
Blinkit,20956158,Machilipatnam,,767570,2024-03-10,High Value
Blinkit,68159723,Madurai,,197279,2024-05-21,New User
Blinkit,48554440,Bhiwani,,231443,2024-03-28,Frequent Shopper
Blinkit,966247,Kamarhati,,410259,2023-11-16,Inactive
Blinkit,40015980,Bijapur,,118043,2023-06-28,New User
Blinkit,63262519,Udupi,,681242,2024-02-21,Frequent Shopper
Blinkit,81763298,Tezpur,,469063,2023-07-29,High Value
Blinkit,49985597,Kurnool,,147502,2024-08-06,Frequent Shopper
Blinkit,21282544,Ujjain,,808063,2024-08-28,Frequent Shopper
Blinkit,78868716,Morena,,179333,2023-12-10,Inactive
Blinkit,30733165,Dhanbad,,119364,2024-05-10,Inactive
Blinkit,78678612,Bellary,,505469,2024-06-20,High Value
Blinkit,48511124,Sagar,,315557,2023-05-15,Inactive
Blinkit,26412689,Gangtok,,693005,2024-06-13,Frequent Shopper
Blinkit,26303194,Raichur,,544786,2023-04-29,High Value
Blinkit,93735495,Adoni,,984732,2023-05-23,Frequent Shopper
Blinkit,8395610,Nandyal,,820741,2024-03-23,Inactive
Blinkit,41640262,Gandhidham,,275919,2023-08-17,Inactive
Blinkit,60618999,Satna,,596613,2024-07-28,Frequent Shopper
Blinkit,77220027,Aurangabad,,387538,2023-12-11,High Value
Blinkit,32019725,Pondicherry,,791364,2024-01-19,High Value
Blinkit,38709137,Udaipur,,855661,2023-07-07,Inactive
Blinkit,11540364,Ujjain,,94033,2024-09-24,New User
Blinkit,59207798,Miryalaguda,,78765,2023-07-02,High Value
Blinkit,10797688,Kottayam,,220981,2023-05-22,New User
Blinkit,88965399,,,563500,2024-05-28,Frequent Shopper
Blinkit,10608845,Tadipatri,,702163,2024-03-29,High Value
Blinkit,28603182,Ulhasnagar,,663469,2024-08-02,New User
Blinkit,1152215,Motihari,,251590,2024-05-27,Inactive
Blinkit,24357425,Madurai,,399792,2024-07-17,Inactive
Blinkit,93924203,Aligarh,,23557,2023-04-21,High Value
Blinkit,61406908,Aizawl,,365307,2023-12-24,Frequent Shopper
Blinkit,78841932,Bhatpara,,907803,2024-04-19,Inactive
Blinkit,67310893,Ajmer,,286135,2024-04-10,New User
Blinkit,666589,Visakhapatnam,,852969,2023-07-31,Frequent Shopper
Blinkit,73639935,Aligarh,,528705,2023-09-21,Inactive
Blinkit,51592174,Bhagalpur,,271886,2023-08-11,New User
Blinkit,12338529,Bhilwara,,448389,2024-10-03,New User
Blinkit,81757554,Ujjain,,591693,2024-04-18,High Value
Blinkit,95372766,Bahraich,,609032,2024-01-15,Frequent Shopper
Blinkit,28111842,Bijapur,,734693,2024-09-09,High Value
Blinkit,27878182,Jhansi,,474639,2023-03-30,Inactive
Blinkit,27353891,Jabalpur,,889940,2023-06-25,High Value
Blinkit,19179897,Tezpur,,757209,2023-08-14,High Value
Blinkit,63630649,Mumbai,,178528,2023-09-02,High Value
Blinkit,16359370,Nanded,,945900,2023-12-05,High Value
Blinkit,92123198,Tiruchirappalli,,505894,2023-08-30,Frequent Shopper
Blinkit,77306672,Berhampore,,249750,2024-09-16,Frequent Shopper
Blinkit,67696145,Bihar Sharif,,523966,2023-06-06,Frequent Shopper
Blinkit,29902416,Khammam,,401415,2023-07-17,Inactive
Blinkit,11446157,Sultan Pur Majra,,681393,2024-09-18,Inactive
Blinkit,84377964,Khammam,,257432,2024-10-24,Inactive
Blinkit,12591752,Junagadh,,711091,2023-05-28,Inactive
Blinkit,4940671,Kolkata,,431653,2024-06-17,Inactive
Blinkit,88111697,Rajahmundry,,413102,2024-01-30,Frequent Shopper
Blinkit,98241853,Gandhidham,,575103,2024-04-25,High Value
Blinkit,75482,Sikar,,298093,2024-09-19,Frequent Shopper
Blinkit,6291143,Mysore,,135844,2023-08-05,Inactive
Blinkit,20209237,Thiruvananthapuram,,467793,2024-02-11,Frequent Shopper
Blinkit,85435560,Anantapur,,660678,2024-07-28,Inactive
Blinkit,68063317,Kirari Suleman Nagar,,732932,2024-10-21,Inactive
Blinkit,82594354,Nizamabad,,345071,2024-01-04,Frequent Shopper
Blinkit,51040116,Unnao,,595645,2023-11-14,Frequent Shopper
Blinkit,78053306,Kozhikode,,436981,2024-06-27,Inactive
Blinkit,66761643,Ichalkaranji,,695591,2023-05-07,Frequent Shopper
Blinkit,81932548,Raiganj,,439705,2024-10-31,High Value
Blinkit,19682060,Patna,,273810,2024-02-12,Inactive
Blinkit,1719710,Dindigul,,798390,2023-06-26,New User
Blinkit,74195536,Ambarnath,,861407,2024-10-09,High Value
Blinkit,15534747,Dehradun,,76910,2023-09-19,Inactive
Blinkit,95558510,Tenali,,565088,2023-06-25,Inactive
Blinkit,767523,Kakinada,,375272,2023-05-27,Inactive
Blinkit,55056284,Jaunpur,,969027,2024-05-13,Inactive
Blinkit,86167288,Bettiah,,155646,2023-08-14,Inactive
Blinkit,96511007,Ajmer,,470156,2024-06-26,New User
Blinkit,31084686,Baranagar,,587018,2024-06-20,Frequent Shopper
Blinkit,99594960,Shimoga,,446417,2023-06-12,Inactive
Blinkit,53815931,Sonipat,,663082,2023-07-19,Inactive
Blinkit,21597477,Nadiad,,801132,2023-09-21,Inactive
Blinkit,243838,Dhule,,865844,2024-05-16,New User
Blinkit,15484407,Medininagar,,457519,2024-06-11,High Value
Blinkit,21677923,Nagpur,,247798,2023-07-18,New User
Blinkit,24845814,Shimoga,,46092,2023-03-31,Frequent Shopper
Blinkit,99893898,Dehradun,,893327,2023-11-22,New User
Blinkit,95856869,Nandyal,,650085,2024-03-08,New User
Blinkit,40275138,Bhiwani,,833704,2024-01-05,Inactive
Blinkit,12814732,Dhanbad,,768626,2023-05-26,Frequent Shopper
Blinkit,4057678,Bikaner,,383118,2023-05-27,Inactive
Blinkit,46682777,Thanjavur,,705746,2024-07-02,Inactive
Blinkit,10562528,Malda,,579690,2024-07-11,High Value
Blinkit,31978160,Bharatpur,,506540,2024-05-01,New User
Blinkit,14207332,Silchar,,571862,2024-01-03,Frequent Shopper
Blinkit,76019750,Guwahati,,320360,2024-01-04,New User
Blinkit,36833857,Hajipur,,319422,2024-02-26,High Value
Blinkit,84275450,Agra,,809285,2024-03-10,High Value
Blinkit,6367136,Jalgaon,,337064,2024-02-17,Frequent Shopper
Blinkit,27049432,Ambala,,68240,2023-07-08,High Value
Blinkit,69863493,Meerut,,342288,2023-06-09,Frequent Shopper
Blinkit,35349582,Panihati,,563148,2024-01-28,High Value
Blinkit,20148223,Proddatur,,675142,2023-05-26,Inactive
Blinkit,46684081,Hindupur,,519748,2023-04-01,High Value
Blinkit,49795571,Khandwa,,73093,2024-03-08,High Value
Blinkit,44935198,Bikaner,,112464,2023-12-05,New User
Blinkit,74515162,Pali,,233703,2024-08-19,New User
Blinkit,54885705,Jalna,,359792,2024-03-30,High Value
Blinkit,96793479,Saharanpur,,540050,2024-08-23,Inactive
Blinkit,87335844,Nangloi Jat,,133563,2023-06-29,High Value
Blinkit,67340606,Madurai,,991020,2024-06-20,High Value
Blinkit,72667140,Srinagar,,827748,2023-07-30,High Value
Blinkit,71956734,Parbhani,,396862,2024-07-04,New User
Blinkit,8536503,Bharatpur,,111678,2023-04-19,Frequent Shopper
Blinkit,70179018,Phagwara,,759090,2024-09-11,New User
Blinkit,68219091,Nadiad,,443175,2024-10-04,Frequent Shopper
Blinkit,71890882,Akola,,316173,2024-03-16,High Value
Blinkit,44928499,Lucknow,,227609,2023-04-09,New User
Blinkit,35302195,Allahabad,,476166,2023-04-03,New User
Blinkit,25641500,Nizamabad,,580141,2024-10-20,High Value
Blinkit,29272253,Ozhukarai,,373917,2024-09-19,New User
Blinkit,30643619,Gwalior,,499186,2024-03-31,Inactive
Blinkit,40800762,Madhyamgram,,455611,2023-10-30,Inactive
Blinkit,74212242,Giridih,,725534,2023-10-12,High Value
Blinkit,30265929,Thrissur,,844891,2024-08-04,High Value
Blinkit,22321208,Buxar,,740752,2024-10-02,Frequent Shopper
Blinkit,60385293,Jammu,,950046,2024-02-22,High Value
Blinkit,94137242,Narasaraopet,,104396,2023-04-17,New User
Blinkit,45477575,Medininagar,,117423,2024-01-05,Inactive
Blinkit,9401406,Khandwa,,128140,2023-11-18,Frequent Shopper
Blinkit,21948041,Jaipur,,541006,2024-03-21,New User
Blinkit,39968800,Srinagar,,385040,2023-09-29,New User
Blinkit,29097987,Kollam,,56400,2024-04-23,Inactive
Blinkit,83304571,Nagaon,,356502,2023-11-27,New User
Blinkit,69126963,Guna,,838057,2024-02-21,High Value
Blinkit,26903313,Jalna,,460961,2023-04-25,Frequent Shopper
Blinkit,50899600,Pondicherry,,87102,2023-11-15,New User
Blinkit,12988801,Raurkela Industrial Township,,701201,2024-09-02,New User
Blinkit,85869195,Tirunelveli,,313275,2024-07-10,Frequent Shopper
Blinkit,76327561,Guwahati,,471009,2023-08-14,Inactive
Blinkit,54580166,Shimla,,67494,2023-08-11,Frequent Shopper
Blinkit,15931134,Serampore,,121150,2024-03-10,Inactive
Blinkit,79919160,Guna,,216361,2023-12-30,High Value
Blinkit,5763963,Kharagpur,,773179,2023-03-30,Frequent Shopper
Blinkit,75213636,Sonipat,,971252,2024-07-01,Inactive
Blinkit,16543242,Indore,,887597,2023-06-05,High Value
Blinkit,61568565,Naihati,,522411,2024-10-25,New User
Blinkit,42227189,Bokaro,,618575,2024-03-14,Frequent Shopper
Blinkit,23996221,Bardhaman,,243517,2023-10-10,Inactive
Blinkit,76309170,Nanded,,592981,2023-11-26,Frequent Shopper
Blinkit,78157360,Shimoga,,574799,2024-08-05,Frequent Shopper
Blinkit,49833888,Amaravati,,925782,2024-03-31,Inactive
Blinkit,60591625,Aligarh,,623581,2023-07-30,New User
Blinkit,5238055,Raurkela Industrial Township,,745044,2024-01-29,Frequent Shopper
Blinkit,25221501,Mehsana,,179348,2023-09-09,Frequent Shopper
Blinkit,71905368,Ichalkaranji,,943076,2023-05-24,High Value
Blinkit,54057428,Khandwa,,751652,2023-11-28,New User
Blinkit,68475914,Anantapur,,766236,2023-10-27,Inactive
Blinkit,48358028,Bhagalpur,,666095,2024-05-08,High Value
Blinkit,43367112,Pudukkottai,,276624,2023-12-14,New User
Blinkit,69034027,Kolkata,,299457,2024-06-02,Frequent Shopper
Blinkit,7687234,Raichur,,183562,2024-09-27,Inactive
Blinkit,97411107,Orai,,970183,2024-07-26,New User
Blinkit,9423628,Bokaro,,936957,2023-09-03,Inactive
Blinkit,72797175,Mangalore,,660030,2023-11-17,Frequent Shopper
Blinkit,38875754,Anand,,109408,2023-08-12,High Value
Blinkit,49881540,Nashik,,59206,2024-09-13,Inactive
Blinkit,13462905,Jhansi,,96804,2023-03-23,High Value
Blinkit,37556526,Muzaffarpur,,243420,2024-06-14,Inactive
Blinkit,52032226,Amroha,,921195,2023-08-26,High Value
Blinkit,75289676,Thoothukudi,,123617,2023-07-20,Inactive
Blinkit,9274874,Darbhanga,,271335,2024-09-26,Frequent Shopper
Blinkit,36428139,Bardhaman,,993212,2024-04-09,High Value
Blinkit,51994597,Chandrapur,,964776,2024-08-23,Frequent Shopper
Blinkit,95309983,Udupi,,373773,2024-09-07,New User
Blinkit,2391900,Rajahmundry,,348478,2024-09-26,New User
Blinkit,82425179,New Delhi,,367377,2024-06-13,Frequent Shopper
Blinkit,45868300,Aurangabad,,406941,2023-08-24,High Value
Blinkit,1855421,Satara,,608163,2023-06-30,Inactive
Blinkit,87256913,Silchar,,398030,2024-10-01,Frequent Shopper
Blinkit,15545780,Nangloi Jat,,953801,2024-04-13,Frequent Shopper
Blinkit,20951294,Khammam,,766714,2023-08-29,High Value
Blinkit,11636968,Bharatpur,,213214,2024-09-21,Inactive
Blinkit,86636273,Imphal,,958910,2023-07-15,Inactive
Blinkit,40593638,Chandrapur,,432260,2023-12-12,High Value
Blinkit,701493,Dibrugarh,,845299,2024-02-11,Inactive
Blinkit,29664214,Bhavnagar,,979766,2024-01-08,Frequent Shopper
Blinkit,26278566,Darbhanga,,604955,2024-01-25,New User
Blinkit,87251489,Jamalpur,,171389,2024-03-04,High Value
Blinkit,67465084,Pondicherry,,549174,2023-11-02,High Value
Blinkit,83236183,,,760694,2023-03-26,New User
Blinkit,66710182,Rohtak,,565436,2024-03-18,Inactive
Blinkit,93507573,Jaunpur,,88946,2024-10-23,High Value
Blinkit,8733344,Amaravati,,100521,2024-02-02,High Value
Blinkit,73098723,Karimnagar,,17255,2024-02-22,New User
Blinkit,49050014,Dharmavaram,,610068,2023-11-15,High Value
Blinkit,98144693,Katihar,,839641,2024-11-04,High Value
Blinkit,43034188,Latur,,569612,2024-01-28,Inactive
Blinkit,77673290,,,627474,2024-11-04,High Value
Blinkit,41494517,Satna,,726616,2024-04-09,Inactive
Blinkit,85233498,Karnal,,369390,2024-06-17,New User
Blinkit,79592021,Jorhat,,463029,2024-02-16,Frequent Shopper
Blinkit,40104482,Thiruvananthapuram,,752996,2023-08-19,New User
Blinkit,1469696,Alappuzha,,74329,2023-06-24,High Value
Blinkit,21658322,Suryapet,,216235,2024-07-29,Frequent Shopper
Blinkit,55094848,Patna,,90667,2023-04-02,High Value
Blinkit,15897933,Aurangabad,,337945,2023-03-18,Frequent Shopper
Blinkit,8138417,Kumbakonam,,773735,2024-06-28,High Value
Blinkit,24581427,Panihati,,644558,2023-08-20,High Value
Blinkit,73428596,Bareilly,,530738,2023-08-18,Inactive
Blinkit,95428692,Raurkela Industrial Township,,512761,2023-03-21,New User
Blinkit,51048402,Srinagar,,68801,2024-02-13,High Value
Blinkit,13455530,Kozhikode,,419575,2024-04-05,Inactive
Blinkit,62742184,Hosur,,575266,2023-10-21,High Value
Blinkit,26285589,Bhalswa Jahangir Pur,,962533,2024-10-29,New User
Blinkit,31991019,Ulhasnagar,,151851,2023-09-28,Frequent Shopper
Blinkit,52862822,Bhatpara,,618615,2024-07-16,Frequent Shopper
Blinkit,2365348,Thoothukudi,,119006,2024-09-23,Frequent Shopper
Blinkit,62917794,Thane,,198010,2024-02-12,Frequent Shopper
Blinkit,49806393,Jorhat,,918497,2023-03-31,Frequent Shopper
Blinkit,65382130,Gangtok,,88366,2023-06-24,Frequent Shopper
Blinkit,97111119,Jabalpur,,980279,2024-09-11,Frequent Shopper
Blinkit,48268435,Bally,,631598,2024-04-05,Inactive
Blinkit,10796846,Nizamabad,,379070,2024-06-10,Frequent Shopper
Blinkit,31233120,Navi Mumbai,,9792,2024-05-03,Frequent Shopper
Blinkit,4192351,Kavali,,871014,2024-01-20,Inactive
Blinkit,9347990,Kolkata,,16949,2024-04-01,High Value
Blinkit,46699982,Haridwar,,837587,2023-10-10,Inactive
Blinkit,46515922,Gandhinagar,,793626,2024-09-05,Frequent Shopper
Blinkit,2164524,Morbi,,398241,2023-04-16,Inactive
Blinkit,94854830,Haridwar,,194790,2023-07-27,Inactive
Blinkit,53886685,Giridih,,771068,2024-05-01,New User
Blinkit,89223620,Kulti,,487205,2023-07-21,Inactive
Blinkit,17597449,Srikakulam,,433729,2023-04-06,Inactive
Blinkit,14167111,Buxar,,21360,2023-08-03,New User
Blinkit,93867669,Thane,,755055,2024-02-21,Inactive
Blinkit,8886587,Tiruppur,,171879,2023-08-27,Frequent Shopper
Blinkit,53292177,Kirari Suleman Nagar,,635480,2024-10-27,Inactive
Blinkit,66130660,Chandigarh,,773293,2024-04-20,New User
Blinkit,29562254,Nagercoil,,853545,2023-07-19,Inactive
Blinkit,40703374,Anantapuram,,854748,2024-09-02,Frequent Shopper
Blinkit,18259715,Deoghar,,635726,2023-05-14,Frequent Shopper
Blinkit,63184222,Saharanpur,,304440,2024-01-04,Inactive
Blinkit,5540556,Nashik,,166077,2023-08-28,Frequent Shopper
Blinkit,36587003,Nizamabad,,471550,2023-03-31,New User
Blinkit,55028958,Thoothukudi,,918618,2023-05-10,New User
Blinkit,86995126,Shivpuri,,924849,2023-06-12,New User
Blinkit,22358567,Bhagalpur,,410334,2023-04-02,Inactive
Blinkit,10745302,Jamalpur,,49444,2023-10-26,High Value
Blinkit,31410886,Pallavaram,,122681,2024-05-20,Inactive
Blinkit,80476444,Dhule,,868809,2024-05-27,High Value
Blinkit,98709982,Dehri,,79160,2024-04-11,Inactive
Blinkit,36142455,Bhagalpur,,388331,2023-03-19,High Value
Blinkit,71607166,Chapra,,242409,2023-09-18,Inactive
Blinkit,6622751,Barasat,,690638,2024-06-10,Inactive
Blinkit,77217240,Arrah,,585326,2024-09-11,High Value
Blinkit,31537100,Pondicherry,,147671,2024-02-16,Frequent Shopper
Blinkit,38969732,Jabalpur,,893205,2024-09-08,New User
Blinkit,81091233,Panipat,,538157,2024-04-24,Frequent Shopper
Blinkit,13424885,Ichalkaranji,,905782,2024-01-14,High Value
Blinkit,91789216,Aurangabad,,386024,2024-01-05,New User
Blinkit,25661033,Ludhiana,,761294,2023-05-23,New User
Blinkit,24153726,Ambala,,411944,2024-06-19,High Value
Blinkit,87222820,Bharatpur,,651234,2023-03-25,Inactive
Blinkit,79628054,Navi Mumbai,,820810,2024-10-25,High Value
Blinkit,99156138,Chinsurah,,906839,2023-06-10,Frequent Shopper
Blinkit,6150721,Phusro,,15615,2023-11-07,New User
Blinkit,12531927,Panipat,,581091,2024-05-12,New User
Blinkit,87200291,Faridabad,,603624,2024-02-03,Inactive
Blinkit,34897081,Mysore,,647500,2023-07-22,High Value
Blinkit,68754962,Ahmednagar,,12144,2023-10-26,Inactive
Blinkit,38613642,Tiruvottiyur,,325134,2024-11-03,Frequent Shopper
Blinkit,70589930,Dehradun,,353937,2023-09-29,High Value
Blinkit,93937586,Orai,,683079,2023-07-04,New User
Blinkit,8817168,Begusarai,,294382,2023-08-19,Inactive
Blinkit,85763665,Hindupur,,238167,2024-06-26,High Value
Blinkit,39423691,Bellary,,923560,2024-05-28,New User
Blinkit,17675915,Gurgaon,,107960,2024-01-18,Inactive
Blinkit,59141605,Berhampur,,58086,2024-07-10,New User
Blinkit,89418072,Orai,,115200,2024-10-11,Frequent Shopper
Blinkit,89412038,Medininagar,,198327,2023-09-09,New User
Blinkit,14632090,Bihar Sharif,,564210,2024-03-31,Frequent Shopper
Blinkit,70220141,Yamunanagar,,988097,2024-03-24,High Value
Blinkit,79298972,Siwan,,685405,2023-06-25,Frequent Shopper
Blinkit,78572233,Hyderabad,,584166,2023-10-26,Frequent Shopper
Blinkit,91382237,Agra,,733394,2024-03-18,Frequent Shopper
Blinkit,25659794,Jorhat,,619160,2023-05-25,Inactive
Blinkit,88203688,Meerut,,743672,2023-04-16,New User
Blinkit,60732869,Amritsar,,625859,2023-04-08,New User
Blinkit,40563029,Maheshtala,,24783,2024-08-23,Inactive
Blinkit,34237583,Barasat,,769474,2024-09-08,New User
Blinkit,51174875,Kochi,,739236,2023-05-26,Inactive
Blinkit,41261495,Sonipat,,78428,2024-10-20,Inactive
Blinkit,46876240,Proddatur,,447804,2023-06-16,High Value
Blinkit,20940403,Gurgaon,,711075,2023-05-08,High Value
Blinkit,52234494,Pali,,648848,2023-07-25,High Value
Blinkit,25503067,Mau,,730983,2023-08-15,New User
Blinkit,3491230,Kota,,876370,2023-06-01,New User
Blinkit,16420489,Medininagar,,543319,2024-04-01,New User
Blinkit,57291761,Dhule,,260349,2024-08-29,Frequent Shopper
Blinkit,21573815,South Dumdum,,583410,2023-09-26,High Value
Blinkit,82854537,Aligarh,,690385,2024-05-05,Inactive
Blinkit,88684966,Pali,,612723,2024-07-08,New User
Blinkit,65143359,Secunderabad,,238085,2024-02-17,High Value
Blinkit,77625089,Hospet,,735727,2023-10-23,New User
Blinkit,8361353,Berhampur,,528702,2024-02-17,New User
Blinkit,95269737,Bathinda,,468669,2024-03-10,Frequent Shopper
Blinkit,83701325,Narasaraopet,,227249,2023-04-11,High Value
Blinkit,98667584,Parbhani,,439446,2024-10-27,High Value
Blinkit,51476157,Mahbubnagar,,928472,2024-08-21,Inactive
Blinkit,2848415,Nanded,,529864,2024-07-13,Inactive
Blinkit,71235336,Saharanpur,,551761,2024-01-30,Frequent Shopper
Blinkit,79206969,Mango,,574469,2023-11-17,Frequent Shopper
Blinkit,27971619,Jodhpur,,466962,2023-10-11,New User
Blinkit,66427343,Gudivada,,212034,2023-08-25,High Value
Blinkit,50392139,Mangalore,,361935,2024-07-02,Inactive
Blinkit,46088132,Adoni,,881157,2024-05-09,New User
Blinkit,61226563,Mahbubnagar,,584496,2024-01-06,Frequent Shopper
Blinkit,5386246,Durg,,956529,2023-05-19,Inactive
Blinkit,97739583,Phagwara,,333808,2023-07-21,Inactive
Blinkit,67711384,Jehanabad,,116890,2024-09-06,High Value
Blinkit,77320193,Bettiah,,816791,2024-10-03,High Value
Blinkit,44409533,Nagpur,,789300,2024-03-10,New User
Blinkit,84287579,Dhanbad,,625329,2023-11-14,High Value
Blinkit,25595836,Kumbakonam,,103518,2023-10-22,New User
Blinkit,17681645,Siliguri,,392367,2023-12-21,High Value
Blinkit,95364457,Sri Ganganagar,,738005,2024-02-21,High Value
Blinkit,23348269,Dindigul,,398963,2024-02-28,Inactive
Blinkit,95858939,Chandrapur,,353023,2023-10-19,Frequent Shopper
Blinkit,46313756,Korba,,449091,2023-03-26,High Value
Blinkit,38694209,Ramgarh,,377044,2024-08-23,High Value
Blinkit,54680459,Allahabad,,319468,2023-08-29,Frequent Shopper
Blinkit,67952740,Guna,,304107,2024-07-17,Frequent Shopper
Blinkit,90665975,Panchkula,,402144,2023-09-24,Inactive
Blinkit,35237846,Nanded,,546699,2023-09-11,High Value
Blinkit,85476508,Bareilly,,314585,2024-05-22,Inactive
Blinkit,20122449,Bahraich,,19668,2024-01-22,New User
Blinkit,40392019,Kozhikode,,287315,2024-02-08,High Value
Blinkit,25587553,Bhimavaram,,369946,2023-09-24,Frequent Shopper
Blinkit,27727819,Bhopal,,165069,2023-10-28,Inactive
Blinkit,65396354,Madhyamgram,,725268,2023-03-18,Inactive
Blinkit,84953008,Danapur,,290142,2024-09-09,Inactive
Blinkit,22081691,Siliguri,,999018,2023-11-16,New User
Blinkit,77086074,North Dumdum,,41866,2023-12-02,Frequent Shopper
Blinkit,13978108,South Dumdum,,596608,2024-03-16,High Value
Blinkit,3421258,Erode,,192064,2024-06-19,High Value
Blinkit,82160592,Raichur,,741410,2023-12-31,New User
Blinkit,4458329,Jammu,,842142,2024-07-01,Inactive
Blinkit,92038780,Thrissur,,536778,2023-08-03,High Value
Blinkit,63376126,Dehri,,926884,2024-10-30,Inactive
Blinkit,62816600,Bikaner,,243459,2024-04-24,Inactive
Blinkit,25713335,,,855454,2024-02-10,New User
Blinkit,58111297,Tadepalligudem,,390809,2023-08-16,Frequent Shopper
Blinkit,22571994,Jammu,,83717,2024-07-08,Frequent Shopper
Blinkit,47711422,Kishanganj,,244531,2023-10-26,Inactive
Blinkit,35885052,Pondicherry,,745674,2023-09-24,Inactive
Blinkit,51503088,Kirari Suleman Nagar,,867510,2024-02-23,New User
Blinkit,47043878,Naihati,,280957,2024-06-13,High Value
Blinkit,72495274,Gulbarga,,945908,2024-01-30,New User
Blinkit,6081270,Udaipur,,603031,2024-08-17,Inactive
Blinkit,38048329,Shimla,,987355,2024-10-01,New User
Blinkit,69089982,Proddatur,,758620,2024-09-16,Inactive
Blinkit,59909004,Sambhal,,910220,2023-11-09,New User
Blinkit,79607319,Jaunpur,,988411,2023-08-31,New User
Blinkit,66742602,Katni,,749857,2023-07-01,New User
Blinkit,24032469,Navi Mumbai,,722292,2023-11-07,New User
Blinkit,65772743,Khammam,,283776,2024-08-02,Frequent Shopper
Blinkit,15661901,Indore,,996843,2024-10-31,Frequent Shopper
Blinkit,21866852,Mau,,428400,2023-11-14,High Value
Blinkit,79478655,Begusarai,,627881,2024-08-15,Frequent Shopper
Blinkit,13164195,Kulti,,142902,2023-11-26,High Value
Blinkit,38565569,Karaikudi,,200521,2024-03-01,High Value
Blinkit,10225164,Darbhanga,,625283,2024-09-25,Inactive
Blinkit,72946405,Gorakhpur,,547077,2024-02-07,High Value
Blinkit,97557157,Sirsa,,361111,2024-01-22,Frequent Shopper
Blinkit,32595806,Ranchi,,980380,2024-05-30,Inactive
Blinkit,53100521,Orai,,108712,2024-03-02,Inactive
Blinkit,59252433,Udupi,,598368,2024-09-20,Frequent Shopper
Blinkit,59890331,Etawah,,382306,2024-11-01,High Value
Blinkit,95001589,Bidar,,376431,2024-08-23,Frequent Shopper
Blinkit,53076417,Malda,,592396,2024-02-23,Inactive
Blinkit,82286725,Tirunelveli,,730156,2024-10-17,High Value
Blinkit,13383642,Jorhat,,385101,2024-04-02,Frequent Shopper
Blinkit,52215833,Jammu,,414814,2024-09-27,Frequent Shopper
Blinkit,67271824,Tadipatri,,368044,2024-09-13,Inactive
Blinkit,78903046,Nagpur,,481302,2023-04-16,Frequent Shopper
Blinkit,90021871,Ongole,,326796,2023-08-04,Frequent Shopper
Blinkit,97286925,Bettiah,,106555,2023-08-30,Inactive
Blinkit,6186471,Madanapalle,,410608,2024-09-18,New User
Blinkit,5039883,Hazaribagh,,360444,2023-12-19,Inactive
Blinkit,90882023,Uluberia,,686278,2023-06-12,High Value
Blinkit,33295496,Tiruchirappalli,,234933,2024-01-12,High Value
Blinkit,72393904,Thrissur,,130954,2024-07-25,Inactive
Blinkit,15830066,Hosur,,652139,2024-10-18,New User
Blinkit,93341057,Karawal Nagar,,660740,2023-10-15,Inactive
Blinkit,64106072,Loni,,787371,2023-04-13,Inactive
Blinkit,62742797,Tirunelveli,,407022,2023-08-30,High Value
Blinkit,79591237,Rajpur Sonarpur,,394025,2023-12-23,High Value
Blinkit,59095971,Nashik,,238579,2023-09-08,Inactive
Blinkit,34768050,Thoothukudi,,35987,2023-11-21,Inactive
Blinkit,15221182,Ramagundam,,639677,2023-08-19,Inactive
Blinkit,66655397,Dewas,,154251,2023-04-23,New User
Blinkit,63971358,Adoni,,621459,2023-06-24,Frequent Shopper
Blinkit,38615653,Hosur,,309098,2024-03-30,Frequent Shopper
Blinkit,30192942,Bhiwani,,907183,2024-02-04,High Value
Blinkit,4444673,Mysore,,440337,2023-06-24,New User
Blinkit,25850478,Ambarnath,,112691,2024-04-05,Inactive
Blinkit,50484778,Shivpuri,,7186,2024-05-16,Inactive
Blinkit,30891209,Anand,,347450,2024-07-22,New User
Blinkit,91144803,Avadi,,509332,2023-09-16,Frequent Shopper
Blinkit,79764621,Tezpur,,148516,2023-05-15,High Value
Blinkit,87823209,Kurnool,,826255,2023-04-08,Inactive
Blinkit,26432512,South Dumdum,,53631,2023-12-17,New User
Blinkit,34526570,Bhagalpur,,369619,2024-07-29,New User
Blinkit,35358395,Ramagundam,,587334,2023-10-05,Inactive
Blinkit,20634789,Latur,,885507,2024-07-02,New User
Blinkit,11047835,Nashik,,553038,2024-01-31,Frequent Shopper
Blinkit,17201639,Madhyamgram,,139363,2023-05-23,New User
Blinkit,87718744,Singrauli,,966966,2023-09-29,Frequent Shopper
Blinkit,75474920,Cuttack,,234962,2024-10-20,Frequent Shopper
Blinkit,57956497,Dharmavaram,,2246,2024-10-05,Inactive
Blinkit,14114543,Guwahati,,76708,2023-03-29,Inactive
Blinkit,5043760,New Delhi,,638623,2023-11-28,Frequent Shopper
Blinkit,66359719,Bhavnagar,,262617,2024-05-20,Frequent Shopper
Blinkit,32656885,Thiruvananthapuram,,278727,2023-08-01,New User
Blinkit,2457734,Khora,,317271,2023-05-27,High Value
Blinkit,9702217,Muzaffarnagar,,708661,2024-09-17,New User
Blinkit,55425478,Sultan Pur Majra,,408102,2024-07-05,Inactive
Blinkit,50781611,Sikar,,441000,2023-05-24,Frequent Shopper
Blinkit,39150258,Bhavnagar,,788644,2023-04-19,Inactive
Blinkit,77035814,Guntakal,,250593,2023-06-03,Inactive
Blinkit,35459748,Giridih,,635776,2024-01-29,Inactive
Blinkit,7728356,Anand,,211437,2024-03-18,New User
Blinkit,75632045,Ludhiana,,207255,2023-08-10,Frequent Shopper
Blinkit,40667183,Bijapur,,428468,2024-09-09,New User
Blinkit,63368244,Aizawl,,905945,2024-08-01,New User
Blinkit,16448993,Jaipur,,426587,2023-09-19,Inactive
Blinkit,3096845,Mau,,853373,2023-10-22,New User
Blinkit,26863280,Ramagundam,,80555,2023-11-25,Inactive
Blinkit,28428852,Sikar,,367282,2023-04-11,Inactive
Blinkit,37691544,Varanasi,,210271,2024-10-15,Inactive
Blinkit,70976153,Pudukkottai,,541588,2024-03-01,New User
Blinkit,25287111,Madurai,,443182,2024-02-25,Inactive
Blinkit,82900175,Arrah,,248293,2023-06-01,New User
Blinkit,93699264,Kakinada,,527137,2023-10-14,Inactive
Blinkit,73869823,Satara,,570165,2023-05-18,Frequent Shopper
Blinkit,32293017,Gudivada,,371366,2024-01-21,Inactive
Blinkit,44030130,Jehanabad,,59886,2024-07-31,Frequent Shopper
Blinkit,1200365,,,151739,2023-06-21,Frequent Shopper
Blinkit,96903782,Proddatur,,206769,2024-01-12,Frequent Shopper
Blinkit,35278126,Sirsa,,365840,2023-12-24,High Value
Blinkit,6756256,Nagaon,,83206,2023-07-06,High Value
Blinkit,8073518,Nangloi Jat,,377431,2024-01-07,High Value
Blinkit,76857266,Mango,,3787,2024-06-22,High Value
Blinkit,49241309,Jaipur,,751303,2024-06-19,Inactive
Blinkit,80952275,Bharatpur,,154167,2024-07-06,New User
Blinkit,31576845,Ahmedabad,,6864,2023-07-07,New User
Blinkit,47515046,Vijayawada,,440555,2023-12-27,New User
Blinkit,98930670,Howrah,,463489,2024-06-11,Frequent Shopper
Blinkit,24621386,Khammam,,607110,2023-11-15,High Value
Blinkit,53399500,Ghaziabad,,687962,2024-07-01,Frequent Shopper
Blinkit,52815265,Rohtak,,765060,2024-05-12,New User
Blinkit,61015113,Baranagar,,471074,2023-11-17,Frequent Shopper
Blinkit,63624332,Surat,,391559,2023-08-17,Inactive
Blinkit,28286754,Dibrugarh,,463264,2024-03-18,Frequent Shopper
Blinkit,60835946,Bulandshahr,,847170,2024-04-24,Inactive
Blinkit,59620534,Munger,,529502,2024-01-16,High Value
Blinkit,820740,Ambala,,634784,2023-11-15,High Value
Blinkit,91602727,Pali,,798247,2023-08-31,Inactive
Blinkit,50848069,Shimla,,881993,2024-03-07,Inactive
Blinkit,55049973,Howrah,,633900,2024-03-27,Frequent Shopper
Blinkit,12397668,Sikar,,637399,2024-05-09,High Value
Blinkit,61516967,Noida,,250388,2024-02-20,Frequent Shopper
Blinkit,96853930,Nangloi Jat,,349563,2023-07-03,High Value
Blinkit,91853589,Loni,,649749,2024-06-17,New User
Blinkit,7228206,Ludhiana,,132617,2023-05-25,New User
Blinkit,41612464,Ozhukarai,,521802,2023-08-06,Frequent Shopper
Blinkit,10683250,Patna,,545885,2024-07-19,Frequent Shopper
Blinkit,94078407,Morena,,208164,2024-01-23,High Value
Blinkit,26364643,Raurkela Industrial Township,,6749,2024-08-22,Inactive
Blinkit,85016568,Nadiad,,355326,2024-07-17,Frequent Shopper
Blinkit,11153360,Sonipat,,724136,2024-04-01,Inactive
Blinkit,88532418,Bardhaman,,13574,2024-10-21,New User
Blinkit,66023110,Bhimavaram,,636641,2023-11-03,New User
Blinkit,18229949,Berhampore,,397135,2023-04-15,Inactive
Blinkit,58873572,Durgapur,,745599,2023-09-10,High Value
Blinkit,5001749,,,761952,2023-06-06,Inactive
Blinkit,6668498,Nagpur,,62592,2024-05-08,Inactive
Blinkit,13441874,Suryapet,,970701,2023-04-09,Inactive
Blinkit,52915166,Deoghar,,272048,2024-06-28,Inactive
Blinkit,41647393,Varanasi,,149812,2023-11-09,Inactive
Blinkit,51945420,Bahraich,,611743,2023-04-05,High Value
Blinkit,53640286,Phusro,,28426,2023-11-12,High Value
Blinkit,15599514,Jamnagar,,170702,2023-04-18,Frequent Shopper
Blinkit,55552600,Chinsurah,,81284,2024-10-30,Frequent Shopper
Blinkit,78439088,Gurgaon,,527348,2024-06-27,Frequent Shopper
Blinkit,42947770,Raiganj,,582630,2024-09-18,New User
Blinkit,66252737,Madurai,,272505,2024-09-12,High Value
Blinkit,71615827,Pondicherry,,346706,2024-03-23,High Value
Blinkit,15487049,Jorhat,,716665,2024-02-13,New User
Blinkit,85218071,Motihari,,908140,2023-04-28,New User
Blinkit,24456825,Pallavaram,,382788,2023-12-21,Inactive
Blinkit,15043066,Bhilwara,,707096,2024-02-12,Inactive
Blinkit,98246574,Gandhidham,,638222,2023-03-24,High Value
Blinkit,80567870,Shivpuri,,390449,2024-06-05,Frequent Shopper
Blinkit,92843141,Gangtok,,595099,2023-04-02,High Value
Blinkit,62416456,Ongole,,121675,2023-09-25,Inactive
Blinkit,6245778,Kakinada,,850565,2024-01-11,High Value
Blinkit,80315623,,,205436,2024-10-14,New User
Blinkit,46623192,Anantapur,,232354,2024-10-22,New User
Blinkit,27504517,Rajahmundry,,833561,2023-06-30,New User
Blinkit,22800586,Bareilly,,339864,2024-06-12,New User
Blinkit,17287733,Siliguri,,410335,2024-04-27,High Value
Blinkit,87691707,Farrukhabad,,930945,2024-04-05,Inactive
Blinkit,8655667,Jalandhar,,479960,2023-07-16,High Value
Blinkit,2442235,Vellore,,117097,2024-05-17,High Value
Blinkit,41073776,Hindupur,,658588,2024-03-02,High Value
Blinkit,45659330,Maheshtala,,236335,2024-07-28,New User
Blinkit,79369660,Aurangabad,,782515,2023-12-11,High Value
Blinkit,44269569,,,129271,2024-06-16,New User
Blinkit,46848302,Medininagar,,748017,2024-07-15,High Value
Blinkit,83034412,Rourkela,,743423,2024-04-22,New User
Blinkit,26912171,Motihari,,426824,2024-06-21,New User
Blinkit,71229024,Gangtok,,761366,2024-02-10,New User
Blinkit,20835909,Saharsa,,681334,2023-04-02,High Value
Blinkit,83155219,Mangalore,,88020,2024-02-18,Inactive
Blinkit,80286283,Gangtok,,167124,2023-10-10,Frequent Shopper
Blinkit,30367559,Gorakhpur,,885164,2024-09-29,Frequent Shopper
Blinkit,76082627,Bijapur,,877090,2024-07-03,Inactive
Blinkit,41874489,Agra,,285855,2023-04-09,Frequent Shopper
Blinkit,47335806,Thrissur,,553989,2024-05-25,Frequent Shopper
Blinkit,59824662,Dibrugarh,,406032,2024-05-18,High Value
Blinkit,16436359,Bokaro,,362536,2024-07-26,New User
Blinkit,45383958,Sonipat,,626591,2024-10-02,New User
Blinkit,52613657,Khora,,685992,2023-03-16,New User
Blinkit,36675827,Jaipur,,230470,2024-10-07,Inactive
Blinkit,80800079,Tiruchirappalli,,221116,2023-05-12,Inactive
Blinkit,45066676,Bhilwara,,469678,2023-03-25,High Value
Blinkit,1060685,Gorakhpur,,449803,2024-03-07,Inactive
Blinkit,87536050,Sirsa,,593400,2023-04-02,Frequent Shopper
Blinkit,67829645,Munger,,675581,2023-11-08,New User
Blinkit,45700473,Begusarai,,88698,2023-12-23,Inactive
Blinkit,90144978,Rohtak,,216756,2024-07-10,Frequent Shopper
Blinkit,96629258,Lucknow,,918398,2023-07-07,Inactive
Blinkit,76925460,Yamunanagar,,501619,2024-05-17,Frequent Shopper
Blinkit,59190584,Phusro,,483920,2024-05-19,High Value
Blinkit,24323106,Siwan,,840367,2024-02-12,Inactive
Blinkit,66354642,Rajkot,,696330,2024-03-30,High Value
Blinkit,17390673,Anand,,669102,2024-10-23,Frequent Shopper
Blinkit,80419534,Bharatpur,,841623,2024-01-02,High Value
Blinkit,4439806,Jalgaon,,838796,2024-04-19,New User
Blinkit,89811984,Kakinada,,309567,2023-07-26,Frequent Shopper
Blinkit,44223796,Tirunelveli,,41954,2023-06-16,Frequent Shopper
Blinkit,88223261,Panihati,,578028,2024-01-14,Frequent Shopper
Blinkit,90372221,Rampur,,262984,2023-05-30,Frequent Shopper
Blinkit,87213891,Phusro,,813317,2023-06-03,New User
Blinkit,45729563,Sri Ganganagar,,919273,2023-08-13,New User
Blinkit,10706516,Karaikudi,,85972,2024-08-18,Frequent Shopper
Blinkit,25526479,Ongole,,154794,2023-03-16,Frequent Shopper
Blinkit,90902199,Kottayam,,502489,2024-06-27,Frequent Shopper
Blinkit,89874335,Chandigarh,,701928,2023-04-14,New User
Blinkit,27381533,Kochi,,831630,2023-08-06,High Value
Blinkit,50652833,Ahmednagar,,138728,2024-04-20,High Value
Blinkit,65391539,Jamshedpur,,480445,2024-04-27,New User
Blinkit,59517074,Davanagere,,862020,2023-05-12,High Value
Blinkit,66943324,Saharsa,,851838,2023-08-13,High Value
Blinkit,67386193,Baranagar,,488313,2024-06-01,Frequent Shopper
Blinkit,96009692,Proddatur,,700626,2024-07-28,Frequent Shopper
Blinkit,89986926,Bijapur,,455704,2024-11-04,New User
Blinkit,58170168,Anantapuram,,480016,2023-08-03,High Value
Blinkit,17392512,Vijayanagaram,,103058,2024-07-04,High Value
Blinkit,10038382,Anand,,605355,2023-08-15,Inactive
Blinkit,98691989,Parbhani,,312609,2024-08-30,Frequent Shopper
Blinkit,14323169,Miryalaguda,,781242,2023-05-15,Inactive
Blinkit,67729191,Mumbai,,981853,2023-12-31,New User
Blinkit,57063557,Ahmednagar,,307921,2023-06-27,Inactive
Blinkit,83058329,Belgaum,,807586,2024-07-13,Inactive
Blinkit,17521263,Bally,,580825,2024-06-23,Inactive
Blinkit,37904682,Bidhannagar,,730139,2024-10-03,High Value
Blinkit,30447453,Panihati,,425881,2023-06-01,High Value
Blinkit,73661993,Madhyamgram,,170699,2024-08-28,Inactive
Blinkit,97277696,Bulandshahr,,190033,2023-06-21,High Value
Blinkit,27336589,Pune,,702025,2023-12-28,New User
Blinkit,66499992,Serampore,,240315,2024-04-17,Frequent Shopper
Blinkit,14367270,Guna,,191949,2024-03-28,Inactive
Blinkit,30373140,Guntur,,125766,2024-07-28,Frequent Shopper
Blinkit,96171594,Nadiad,,808731,2023-06-28,Frequent Shopper
Blinkit,35402531,,,872429,2023-06-04,New User
Blinkit,82989313,Dharmavaram,,667126,2024-09-20,Inactive
Blinkit,93826036,Kurnool,,267488,2023-03-20,High Value
Blinkit,87444738,Hazaribagh,,647152,2023-08-16,Inactive
Blinkit,92356639,,,558949,2023-07-20,Inactive
Blinkit,46836361,Tinsukia,,287396,2023-11-22,High Value
Blinkit,25770577,Kurnool,,799444,2023-07-17,Frequent Shopper
Blinkit,59094034,Khammam,,513907,2023-05-22,Frequent Shopper
Blinkit,65543312,Faridabad,,706490,2024-07-28,New User
Blinkit,28205701,Motihari,,289627,2024-10-25,Inactive
Blinkit,81346291,Sambhal,,656769,2023-08-07,High Value
Blinkit,79764458,,,466737,2023-12-21,New User
Blinkit,42101831,Ballia,,546948,2023-09-16,Inactive
Blinkit,34657654,Rourkela,,189096,2024-06-24,Inactive
Blinkit,3730316,Cuttack,,968515,2023-03-20,Frequent Shopper
Blinkit,86479284,Nellore,,315863,2024-10-17,High Value
Blinkit,81174361,Burhanpur,,487403,2024-07-16,Inactive
Blinkit,13251137,Silchar,,87377,2023-05-19,High Value
Blinkit,53523251,Farrukhabad,,290313,2024-03-17,New User
Blinkit,84382654,Bhiwandi,,843683,2024-10-24,Inactive
Blinkit,22076522,Ambarnath,,271246,2024-05-13,Frequent Shopper
Blinkit,26521850,Phusro,,263131,2023-06-10,New User
Blinkit,12277039,Parbhani,,287796,2023-09-13,Frequent Shopper
Blinkit,39153585,Kishanganj,,325976,2024-03-03,High Value
Blinkit,99231937,Satara,,246460,2023-08-13,Frequent Shopper
Blinkit,49970560,Madurai,,787564,2023-10-17,Frequent Shopper
Blinkit,68985290,Jamshedpur,,770279,2023-12-11,High Value
Blinkit,48000260,Imphal,,230718,2023-09-28,Inactive
Blinkit,2136830,Parbhani,,598513,2023-09-19,New User
Blinkit,44426129,South Dumdum,,945784,2023-09-23,Frequent Shopper
Blinkit,57081965,Vijayawada,,779376,2024-10-14,Frequent Shopper
Blinkit,34156884,Farrukhabad,,769142,2023-06-02,Frequent Shopper
Blinkit,27694927,Dewas,,711139,2024-06-11,High Value
Blinkit,16230299,Mau,,858006,2024-08-22,Frequent Shopper
Blinkit,99424244,Dhule,,184817,2024-03-30,High Value
Blinkit,3893903,Hazaribagh,,546301,2023-03-23,New User
Blinkit,42989999,Kota,,396934,2024-03-17,New User
Blinkit,16617201,Kavali,,790556,2024-01-20,New User
Blinkit,46615831,Nizamabad,,947965,2024-05-28,Inactive
Blinkit,55286608,Tadepalligudem,,112691,2024-04-11,New User
Blinkit,79789048,Jalandhar,,401049,2023-11-04,Frequent Shopper
Blinkit,92885616,Gaya,,342749,2024-02-07,Inactive
Blinkit,8375298,Tadepalligudem,,665539,2023-06-16,High Value
Blinkit,75560116,Rampur,,425210,2024-10-04,Frequent Shopper
Blinkit,81462774,Phusro,,513437,2024-03-13,Frequent Shopper
Blinkit,89784343,Bangalore,,451264,2024-04-02,High Value
Blinkit,38355752,Berhampore,,848392,2023-10-31,High Value
Blinkit,39976965,Chapra,,858879,2024-05-03,Frequent Shopper
Blinkit,33280073,Nizamabad,,102918,2023-07-01,Inactive
Blinkit,46594066,Chittoor,,731803,2024-07-15,High Value
Blinkit,90298394,Kulti,,744905,2023-04-22,Frequent Shopper
Blinkit,42465414,Kamarhati,,486794,2024-01-26,Frequent Shopper
Blinkit,13850004,Kishanganj,,23455,2023-12-15,High Value
Blinkit,55060796,Karnal,,268202,2024-07-02,New User
Blinkit,25829710,Gorakhpur,,289481,2024-01-21,New User
Blinkit,53782978,Bongaigaon,,690652,2024-08-05,New User
Blinkit,76441843,Anantapur,,583506,2023-05-28,New User
Blinkit,4543215,Kolhapur,,339165,2023-10-21,High Value
Blinkit,86444757,Shimoga,,546325,2023-05-25,New User
Blinkit,22161071,Durgapur,,571163,2023-06-30,New User
Blinkit,66310963,Visakhapatnam,,874424,2023-05-27,Inactive
Blinkit,57340963,Nagercoil,,479748,2024-02-29,Frequent Shopper
Blinkit,49147776,Purnia,,468561,2024-07-04,Inactive
Blinkit,90743791,Shivpuri,,187890,2023-04-16,Inactive
Blinkit,54222320,Nellore,,375546,2023-07-24,Frequent Shopper
Blinkit,6184558,Salem,,80875,2023-06-06,Frequent Shopper
Blinkit,46989310,Moradabad,,8262,2024-10-03,Frequent Shopper
Blinkit,35420673,Jalgaon,,472044,2023-10-16,High Value
Blinkit,9450435,Thiruvananthapuram,,630243,2023-11-19,Frequent Shopper
Blinkit,34853377,Ambarnath,,986269,2023-06-04,High Value
Blinkit,91384030,Chennai,,418798,2023-12-25,High Value
Blinkit,84641682,Sirsa,,103668,2024-09-23,Inactive
Blinkit,97259564,Moradabad,,14378,2024-02-18,High Value
Blinkit,88553721,Tadipatri,,858622,2023-09-10,Frequent Shopper
Blinkit,59518795,Secunderabad,,589920,2023-11-09,New User
Blinkit,81533356,Tenali,,63954,2024-01-28,High Value
Blinkit,12469338,Sonipat,,728275,2024-01-30,Inactive
Blinkit,60561655,Udupi,,563888,2023-12-26,Frequent Shopper
Blinkit,9105829,Nanded,,450245,2023-07-14,Frequent Shopper
Blinkit,33034249,Raebareli,,684458,2024-10-19,Inactive
Blinkit,69632084,Jorhat,,59625,2024-04-07,High Value
Blinkit,69516494,Rohtak,,520506,2024-09-23,Frequent Shopper
Blinkit,87120918,Haldia,,526640,2024-04-12,Inactive
Blinkit,25665997,Rajahmundry,,684302,2024-08-21,Frequent Shopper
Blinkit,48778633,Bettiah,,519996,2023-12-13,New User
Blinkit,89617089,Orai,,710095,2024-04-20,New User
Blinkit,61877649,Durgapur,,251525,2023-10-25,High Value
Blinkit,46185579,Tinsukia,,88753,2024-08-18,High Value
Blinkit,8734819,Farrukhabad,,150558,2023-11-11,New User
Blinkit,46208150,Mau,,266700,2024-02-05,New User
Blinkit,13189939,Ballia,,626288,2024-05-04,Inactive
Blinkit,93318833,Mumbai,,920281,2024-01-10,New User
Blinkit,75640174,Adoni,,186830,2024-07-26,High Value
Blinkit,69415494,Ongole,,742368,2023-03-23,New User
Blinkit,58505903,Suryapet,,289118,2024-01-22,New User
Blinkit,90184276,Howrah,,264663,2024-02-12,Inactive
Blinkit,5226128,Tinsukia,,227013,2024-03-09,New User
Blinkit,99347871,Baranagar,,535677,2023-12-01,Frequent Shopper
Blinkit,57081917,Nagercoil,,420892,2023-12-16,Inactive
Blinkit,18791381,Anantapur,,585239,2024-03-02,High Value
Blinkit,94979163,Tumkur,,98338,2024-05-14,New User
Blinkit,81822935,Bhind,,425857,2023-08-19,Frequent Shopper
Blinkit,63310076,Sambalpur,,334921,2024-05-15,Frequent Shopper
Blinkit,80862136,Haldia,,924868,2024-03-31,High Value
Blinkit,64316806,Sonipat,,930174,2024-07-07,Frequent Shopper
Blinkit,37183511,Bardhaman,,231644,2024-07-29,New User
Blinkit,52085702,Munger,,231895,2023-09-13,New User
Blinkit,16376189,Alappuzha,,840977,2024-02-25,High Value
Blinkit,17132416,Agra,,302449,2024-01-02,Frequent Shopper
Blinkit,66440188,Mahbubnagar,,894414,2023-08-15,High Value
Blinkit,10700664,Jabalpur,,287997,2024-10-10,Frequent Shopper
Blinkit,12769552,Junagadh,,414930,2023-05-03,Frequent Shopper
Blinkit,89142848,Bikaner,,286052,2024-01-01,New User
Blinkit,32006907,Hindupur,,192156,2023-09-28,Frequent Shopper
Blinkit,85072416,Durg,,973101,2024-01-03,New User
Blinkit,23755474,Gulbarga,,891412,2024-09-13,High Value
Blinkit,26752630,Bongaigaon,,313960,2024-09-25,Inactive
Blinkit,59353207,Berhampur,,89328,2023-05-31,Inactive
Blinkit,12090436,Chandigarh,,684483,2023-03-19,Frequent Shopper
Blinkit,97419742,Shahjahanpur,,603224,2023-10-09,Inactive
Blinkit,99772709,Jalna,,798755,2023-09-03,Frequent Shopper
Blinkit,88667557,Bhilwara,,478377,2024-04-16,New User
Blinkit,4394659,Bhagalpur,,92392,2023-08-25,New User
Blinkit,52757321,Nellore,,262684,2024-04-26,New User
Blinkit,19275474,Alappuzha,,916112,2024-10-22,New User
Blinkit,55404382,Hospet,,245224,2023-09-25,High Value
Blinkit,70084516,,,932798,2024-03-10,New User
Blinkit,29265216,Varanasi,,638496,2024-04-22,New User
Blinkit,16785724,Bilaspur,,61886,2023-08-06,Frequent Shopper
Blinkit,14272050,Malegaon,,120950,2023-11-26,New User
Blinkit,95736310,Bhiwani,,759352,2024-01-08,High Value
Blinkit,14079305,Bhalswa Jahangir Pur,,702601,2024-09-08,High Value
Blinkit,71189232,Bettiah,,116341,2024-06-28,Inactive
Blinkit,61486140,Jamshedpur,,569153,2023-12-15,Inactive
Blinkit,76008165,Silchar,,262577,2024-02-07,High Value
Blinkit,63060947,Alappuzha,,56676,2024-06-11,New User
Blinkit,25706121,Kakinada,,466303,2024-03-03,High Value
Blinkit,55803572,Nagaon,,391552,2023-03-27,High Value
Blinkit,38133873,Haridwar,,123704,2024-04-13,High Value
Blinkit,73735548,Raipur,,567104,2023-06-11,High Value
Blinkit,12778027,Bihar Sharif,,862253,2023-05-26,New User
Blinkit,42781544,Sambalpur,,898529,2023-12-05,New User
Blinkit,78725001,Satna,,343097,2024-11-01,Frequent Shopper
Blinkit,20254516,Nadiad,,696091,2024-07-23,Inactive
Blinkit,97928781,Raichur,,464706,2024-05-24,Inactive
Blinkit,3875480,Bhind,,743842,2024-05-26,Inactive
Blinkit,27416314,Bhatpara,,803498,2024-03-02,Inactive
Blinkit,77214094,Kanpur,,105283,2023-07-09,New User
Blinkit,77661491,Rajpur Sonarpur,,276733,2024-06-23,New User
Blinkit,10285414,Kirari Suleman Nagar,,186927,2023-07-13,Inactive
Blinkit,8205155,Mahbubnagar,,165438,2023-08-12,New User
Blinkit,29361038,Bhatpara,,160138,2023-08-14,New User
Blinkit,6319646,Phusro,,413954,2024-02-20,Frequent Shopper
Blinkit,22738465,Chennai,,890953,2023-07-02,Inactive
Blinkit,37947202,Silchar,,87344,2024-01-25,Frequent Shopper
Blinkit,93284515,Amravati,,953623,2023-12-01,New User
Blinkit,84161531,Moradabad,,902770,2024-07-12,High Value
Blinkit,22293666,Gudivada,,447206,2023-04-09,New User
Blinkit,15236510,Tadepalligudem,,264052,2023-12-13,New User
Blinkit,34787383,Bhimavaram,,29302,2024-10-12,High Value
Blinkit,18954314,Chandigarh,,381178,2024-10-18,Inactive
Blinkit,20298398,Bhilai,,278627,2023-12-22,New User
Blinkit,33617546,Asansol,,755104,2024-09-24,New User
Blinkit,76359458,Gandhidham,,894432,2023-07-22,New User
Blinkit,96640716,Howrah,,505940,2024-10-15,New User
Blinkit,78847070,Jamnagar,,478537,2023-07-27,Inactive
Blinkit,27513158,Sirsa,,769023,2024-03-05,New User
Blinkit,65618148,Jamshedpur,,748222,2023-03-29,Inactive
Blinkit,68307253,Kolkata,,100051,2024-10-24,High Value
Blinkit,87889031,Arrah,,48081,2023-06-10,Frequent Shopper
Blinkit,70243933,Jamshedpur,,829779,2023-08-05,Frequent Shopper
Blinkit,12141418,Siwan,,97395,2023-09-04,Inactive
Blinkit,60565603,Bellary,,390752,2024-07-18,New User
Blinkit,64906311,Kadapa,,417724,2024-07-26,Inactive
Blinkit,12851610,Bongaigaon,,304595,2024-08-06,Inactive
Blinkit,84937877,Nangloi Jat,,711210,2023-06-11,High Value
Blinkit,49574186,Munger,,505155,2024-09-17,High Value
Blinkit,65221572,Ramgarh,,305120,2024-03-04,New User
Blinkit,4758426,Chandrapur,,415274,2024-01-06,New User
Blinkit,84826389,Rajkot,,965944,2023-11-28,High Value
Blinkit,42102289,Chapra,,499108,2024-09-05,New User
Blinkit,11063505,Bhiwani,,434196,2024-11-01,New User
Blinkit,84862161,Korba,,770374,2024-02-14,New User
Blinkit,88520326,Hosur,,37026,2023-11-26,High Value
Blinkit,8025622,Amravati,,177515,2024-03-14,Frequent Shopper
Blinkit,99361865,Ramgarh,,172106,2023-05-21,New User
Blinkit,40841791,Ballia,,227417,2023-06-26,New User
Blinkit,20360447,Hapur,,329409,2024-10-25,New User
Blinkit,90647204,Giridih,,603717,2023-10-14,New User
Blinkit,78748184,Tinsukia,,273092,2023-11-22,Frequent Shopper
Blinkit,65121696,Vijayanagaram,,329948,2024-10-19,New User
Blinkit,99729547,Patna,,81603,2023-12-07,New User
Blinkit,65692224,Nashik,,542226,2023-03-18,Frequent Shopper
Blinkit,22613559,Allahabad,,776802,2023-12-21,High Value
Blinkit,17749347,Rohtak,,821987,2024-07-26,High Value
Blinkit,57526322,Hosur,,207296,2023-07-19,High Value
Blinkit,1589656,Sambalpur,,374983,2024-05-26,High Value
Blinkit,58085779,Bangalore,,652494,2024-08-09,New User
Blinkit,70221073,Satara,,358801,2023-05-22,High Value
Blinkit,77869660,Deoghar,,843445,2023-11-20,High Value
Blinkit,38957713,Tiruchirappalli,,3946,2023-08-05,New User
Blinkit,51544662,Agra,,346670,2023-12-17,New User
Blinkit,37309023,Dibrugarh,,716024,2023-12-05,High Value
Blinkit,99707100,Howrah,,361839,2024-02-24,Inactive
Blinkit,59643062,Jamshedpur,,88100,2024-09-27,Inactive
Blinkit,22227829,Tirunelveli,,499199,2024-09-18,New User
Blinkit,20343501,Aizawl,,655005,2023-04-12,Inactive
Blinkit,48409448,Bhimavaram,,743825,2024-05-07,New User
Blinkit,55038040,Kottayam,,875201,2024-01-14,New User
Blinkit,34755436,Raipur,,370073,2023-06-01,New User
Blinkit,87463923,Begusarai,,276564,2024-03-21,Inactive
Blinkit,28499191,Secunderabad,,190084,2023-07-24,High Value
Blinkit,37759707,Surat,,626543,2023-10-02,High Value
Blinkit,26936578,Pali,,200144,2024-04-05,Frequent Shopper
Blinkit,22020776,Hajipur,,681898,2023-05-23,Frequent Shopper
Blinkit,47618810,,,423916,2024-05-27,Inactive
Blinkit,53605257,Shimoga,,809794,2023-09-23,Frequent Shopper
Blinkit,28289030,Nangloi Jat,,383972,2024-10-11,Frequent Shopper
Blinkit,26935187,Tiruvottiyur,,741984,2023-11-03,High Value
Blinkit,75944533,Rajkot,,760017,2023-10-21,Inactive
Blinkit,31389750,Raipur,,251735,2023-08-18,New User
Blinkit,99784559,Rampur,,407983,2024-07-14,Inactive
Blinkit,87450286,Jamalpur,,895547,2023-12-25,High Value
Blinkit,94850985,Rajpur Sonarpur,,80190,2023-11-08,New User
Blinkit,3660263,Madurai,,202676,2023-05-27,Frequent Shopper
Blinkit,61982521,Anand,,493391,2023-11-29,Inactive
Blinkit,29973346,Jehanabad,,521032,2024-02-02,High Value
Blinkit,894128,Rajahmundry,,13150,2023-07-20,Inactive
Blinkit,40871915,Thoothukudi,,80248,2024-02-10,High Value
Blinkit,41972994,Machilipatnam,,238845,2023-07-21,Inactive
Blinkit,11082181,Ulhasnagar,,816410,2024-02-15,High Value
Blinkit,26040510,Berhampur,,393692,2023-10-03,High Value
Blinkit,82770142,Ghaziabad,,719292,2024-09-08,New User
Blinkit,46504355,Aligarh,,603176,2023-04-04,Frequent Shopper
Blinkit,40419593,Phusro,,493928,2024-08-27,Inactive
Blinkit,31076002,Karnal,,177431,2023-05-19,New User
Blinkit,91590001,Korba,,465150,2023-09-19,High Value
Blinkit,76377003,Bhatpara,,145664,2024-08-07,Inactive
Blinkit,40626729,Muzaffarpur,,419606,2024-03-19,Frequent Shopper
Blinkit,50680889,Kharagpur,,99859,2024-02-22,New User
Blinkit,41439103,Panipat,,893610,2024-09-20,High Value
Blinkit,35782051,Rampur,,523577,2023-11-26,New User
Blinkit,71252391,Anand,,40488,2024-05-24,New User
Blinkit,56764791,Hosur,,876143,2024-09-08,Frequent Shopper
Blinkit,50652909,Amaravati,,124819,2024-02-25,Frequent Shopper
Blinkit,29451600,Bangalore,,191584,2023-04-15,New User
Blinkit,38114014,Adoni,,438966,2024-01-03,New User
Blinkit,25977417,Raebareli,,363245,2024-04-13,Inactive
Blinkit,39418109,Anand,,729388,2023-07-29,Inactive
Blinkit,80761521,Aligarh,,257938,2024-05-17,Inactive
Blinkit,54375571,Allahabad,,207211,2023-09-30,High Value
Blinkit,50968312,Dindigul,,195956,2024-02-17,Inactive
Blinkit,33829924,Guna,,182213,2023-12-18,New User
Blinkit,29562072,Guna,,976259,2023-08-10,New User
Blinkit,4618801,Avadi,,869099,2023-11-16,High Value
Blinkit,30535703,Begusarai,,267760,2024-06-06,Frequent Shopper
Blinkit,10605484,Nanded,,411956,2024-05-17,Inactive
Blinkit,8164639,Ramagundam,,975982,2024-05-27,High Value
Blinkit,63360864,Karaikudi,,402853,2024-03-28,Inactive
Blinkit,2361575,Guwahati,,160994,2023-09-14,New User
Blinkit,59485034,Morena,,931347,2023-03-20,New User
Blinkit,6025470,Jammu,,644361,2024-08-17,High Value
Blinkit,31371112,Salem,,351799,2023-11-17,Frequent Shopper
Blinkit,14294171,Karnal,,84734,2023-12-23,Frequent Shopper
Blinkit,92245432,Davanagere,,863697,2024-06-02,High Value
Blinkit,2928026,Ajmer,,960708,2024-03-20,New User
Blinkit,98687927,Saharsa,,337430,2023-09-23,High Value
Blinkit,15796277,Davanagere,,223700,2024-08-02,New User
Blinkit,92604392,Ranchi,,853795,2023-11-16,High Value
Blinkit,77303171,Haldia,,876392,2023-08-22,Inactive
Blinkit,24144240,Bhusawal,,49861,2023-09-06,Frequent Shopper
Blinkit,74548003,Nagercoil,,455503,2024-07-15,Frequent Shopper
Blinkit,8122530,Farrukhabad,,666,2023-05-30,Inactive
Blinkit,97664747,Sambhal,,474294,2024-03-21,High Value
Blinkit,79960955,Panvel,,606822,2023-05-23,New User
Blinkit,99643057,Narasaraopet,,931414,2024-11-01,Inactive
Blinkit,1313292,Belgaum,,990395,2024-03-04,Inactive
Blinkit,94453274,Ajmer,,208007,2024-10-14,Frequent Shopper
Blinkit,1588560,Gopalpur,,900047,2023-12-01,New User
Blinkit,30029998,,,654240,2024-09-01,New User
Blinkit,37095171,Amritsar,,294022,2023-12-04,Inactive
Blinkit,79773912,Gandhidham,,669886,2023-10-06,Frequent Shopper
Blinkit,30317733,Ranchi,,98666,2024-06-28,Inactive
Blinkit,48188624,Kirari Suleman Nagar,,740511,2024-02-19,Frequent Shopper
Blinkit,59197894,Orai,,519759,2023-10-14,Inactive
Blinkit,34697768,,,37920,2023-03-17,Frequent Shopper
Blinkit,82372427,Kota,,992332,2023-10-19,New User
Blinkit,41008070,Hapur,,129888,2024-05-01,New User
Blinkit,87220860,Pondicherry,,736698,2024-04-22,Frequent Shopper
Blinkit,19705695,Dehradun,,520564,2024-07-26,High Value
Blinkit,60974181,Udaipur,,118581,2024-01-22,High Value
Blinkit,90621147,Amaravati,,334137,2024-10-05,High Value
Blinkit,68661619,Berhampore,,164675,2024-07-18,Inactive
Blinkit,64748953,Amravati,,190188,2023-06-29,Inactive
Blinkit,6579892,Akola,,511482,2023-10-03,Frequent Shopper
Blinkit,85747175,Bettiah,,456459,2023-11-27,High Value
Blinkit,30455484,Rampur,,819570,2023-05-08,New User
Blinkit,37802267,Aurangabad,,693570,2023-11-24,New User
Blinkit,17341194,Ambattur,,328247,2023-04-21,High Value
Blinkit,22047134,Shivpuri,,40280,2024-10-26,Inactive
Blinkit,54893418,Jamnagar,,271286,2024-02-14,High Value
Blinkit,48647253,Morbi,,950220,2024-03-15,Inactive
Blinkit,1705969,Ichalkaranji,,962834,2024-05-23,High Value
Blinkit,59398136,Tezpur,,460348,2023-08-24,Frequent Shopper
Blinkit,94165062,Bhagalpur,,291980,2023-08-16,Inactive
Blinkit,47206881,Tiruvottiyur,,396198,2024-07-24,High Value
Blinkit,37915052,Kadapa,,215907,2023-11-16,Frequent Shopper
Blinkit,98211325,Silchar,,30634,2024-06-26,Frequent Shopper
Blinkit,76218218,Erode,,638879,2024-05-04,Inactive
Blinkit,58152923,Amroha,,950528,2023-07-04,High Value
Blinkit,42262168,Ichalkaranji,,606137,2024-02-23,Frequent Shopper
Blinkit,40256341,Aurangabad,,60405,2024-10-27,Frequent Shopper
Blinkit,33998721,Warangal,,702364,2024-02-11,New User
Blinkit,49260858,Maheshtala,,494573,2023-07-05,Frequent Shopper
Blinkit,22524981,Nizamabad,,907188,2023-10-28,New User
Blinkit,50015282,Patna,,448354,2023-04-20,Frequent Shopper
Blinkit,98088303,Hajipur,,50491,2023-08-22,New User
Blinkit,19425804,Siwan,,705258,2023-04-06,Inactive
Blinkit,14974554,Bhiwandi,,739444,2024-10-10,New User
Blinkit,25128143,Udupi,,251772,2024-11-02,High Value
Blinkit,21524495,Kochi,,396358,2024-01-05,High Value
Blinkit,49136375,Karawal Nagar,,843234,2024-08-01,Inactive
Blinkit,97507853,Begusarai,,910042,2024-10-07,Frequent Shopper
Blinkit,68857118,Davanagere,,149991,2024-06-23,New User
Blinkit,81183415,Bhiwani,,593985,2024-01-31,Frequent Shopper
Blinkit,91196901,Lucknow,,1489,2024-04-15,High Value
Blinkit,8228843,Saharanpur,,542334,2024-07-06,Inactive
Blinkit,50518311,Sambalpur,,183905,2024-08-31,Frequent Shopper
Blinkit,21779155,Morbi,,764470,2023-10-04,New User
Blinkit,94281220,Arrah,,185375,2024-05-05,Frequent Shopper
Blinkit,15631726,Nadiad,,47849,2024-02-05,Inactive
Blinkit,9573071,Navi Mumbai,,856100,2023-11-07,New User
Blinkit,31026200,Tirunelveli,,690956,2024-03-18,New User
Blinkit,49457685,Bhubaneswar,,464123,2023-10-30,Inactive
Blinkit,82169898,Barasat,,891289,2024-03-21,High Value
Blinkit,72132838,Ahmednagar,,367210,2023-10-28,High Value
Blinkit,954629,Panchkula,,107720,2024-02-26,New User
Blinkit,44139071,Vijayawada,,769214,2024-01-16,Frequent Shopper
Blinkit,6344345,Erode,,789598,2024-10-03,High Value
Blinkit,31981068,Korba,,990270,2023-06-12,Frequent Shopper
Blinkit,30788486,,,643683,2024-03-01,New User
Blinkit,48368085,Aurangabad,,418461,2024-10-31,High Value
Blinkit,82374625,Bhilai,,789283,2023-03-22,New User
Blinkit,75674671,Srikakulam,,851131,2024-04-01,New User
Blinkit,34668988,Belgaum,,723012,2023-08-10,Inactive
Blinkit,53354003,Saharanpur,,821014,2024-09-23,New User
Blinkit,78732957,Katihar,,654544,2024-08-12,New User
Blinkit,10210309,Tenali,,318476,2024-05-08,Inactive
Blinkit,23984022,Baranagar,,971471,2023-08-19,Frequent Shopper
Blinkit,95371787,Bhavnagar,,296207,2023-03-20,New User
Blinkit,89968482,Farrukhabad,,913086,2023-03-30,Frequent Shopper
Blinkit,31527100,Kharagpur,,816490,2023-11-21,Inactive
Blinkit,8791577,Gopalpur,,999631,2023-08-29,Frequent Shopper
Blinkit,63217390,Karaikudi,,65670,2023-07-18,Inactive
Blinkit,62526813,Solapur,,608018,2024-08-19,Inactive
Blinkit,16561710,Thane,,881409,2023-09-16,New User
Blinkit,91550885,Srikakulam,,96313,2023-05-17,New User
Blinkit,75025941,Belgaum,,210807,2023-03-26,High Value
Blinkit,90649019,Kulti,,578000,2023-04-07,New User
Blinkit,88550139,Dhule,,703403,2024-08-11,New User
Blinkit,66932104,Fatehpur,,219750,2023-10-19,High Value
Blinkit,45481936,Siliguri,,202068,2023-08-04,High Value
Blinkit,5961261,Tiruchirappalli,,113744,2023-06-28,High Value
Blinkit,17696094,Warangal,,23472,2024-09-18,New User
Blinkit,91408854,Sikar,,572574,2024-02-08,New User
Blinkit,32203588,Tezpur,,622176,2024-04-06,High Value
Blinkit,63339001,Noida,,273531,2023-09-09,New User
Blinkit,45553300,Morbi,,710487,2024-06-19,High Value
Blinkit,67960179,Udaipur,,366198,2024-06-28,High Value
Blinkit,40085705,Etawah,,530403,2023-09-02,New User
Blinkit,60700850,Madurai,,311501,2024-07-22,Frequent Shopper
Blinkit,12059049,Ichalkaranji,,696590,2024-09-23,Frequent Shopper
Blinkit,52409516,Dewas,,502565,2023-04-23,Inactive
Blinkit,66269844,Dibrugarh,,818957,2023-08-23,High Value
Blinkit,8513589,Chinsurah,,645238,2024-02-08,New User
Blinkit,6335221,Bhagalpur,,713686,2024-01-05,High Value
Blinkit,69925688,Erode,,920703,2024-02-25,Inactive
Blinkit,18326028,Udupi,,685813,2024-04-10,Inactive
Blinkit,15661674,Farrukhabad,,300794,2023-11-10,Frequent Shopper
Blinkit,92642745,Ozhukarai,,404970,2024-05-07,Frequent Shopper
Blinkit,72164737,Malda,,685858,2023-08-16,High Value
Blinkit,35912599,Jamalpur,,525952,2024-05-08,Frequent Shopper
Blinkit,46717997,Imphal,,789057,2023-12-20,New User
Blinkit,38478423,Amaravati,,156234,2024-03-29,High Value
Blinkit,47990044,Sambalpur,,404979,2024-09-29,New User
Blinkit,18465047,Ahmedabad,,531091,2024-03-25,New User
Blinkit,36737539,Madurai,,671833,2024-02-06,Inactive
Blinkit,23286884,Mahbubnagar,,408435,2024-03-16,High Value
Blinkit,34297405,Patiala,,49880,2023-12-13,New User
Blinkit,85626346,Rajkot,,130770,2024-08-14,Frequent Shopper
Blinkit,84468124,Maheshtala,,311182,2023-04-20,High Value
Blinkit,11470681,Bahraich,,928068,2023-08-23,New User
Blinkit,77903462,Nagaon,,224382,2024-09-20,Inactive
Blinkit,68341636,Bhatpara,,778819,2024-08-27,High Value
Blinkit,7522036,Etawah,,173000,2024-01-24,High Value
Blinkit,69364309,Faridabad,,55710,2024-09-22,Frequent Shopper
Blinkit,51661209,Thiruvananthapuram,,211320,2023-06-23,New User
Blinkit,4849477,Alwar,,328080,2023-07-22,High Value
Blinkit,74313592,Bikaner,,683667,2024-09-10,High Value
Blinkit,26245432,Dindigul,,459997,2024-01-11,Inactive
Blinkit,78412820,Ratlam,,795903,2024-07-18,New User
Blinkit,11254582,Panipat,,331326,2023-08-13,Inactive
Blinkit,3399251,Anand,,498701,2023-05-03,New User
Blinkit,70820304,Loni,,918082,2024-01-17,High Value
Blinkit,17861428,Kanpur,,396282,2024-03-04,Inactive
Blinkit,39317905,Hapur,,289050,2024-05-10,New User
Blinkit,36885115,Bellary,,930913,2023-04-22,Frequent Shopper
Blinkit,36462363,Berhampur,,649341,2024-10-31,Inactive
Blinkit,85490177,Jalandhar,,223428,2024-07-24,Frequent Shopper
Blinkit,63402854,Pallavaram,,393814,2024-08-31,New User
Blinkit,99301505,Amravati,,331633,2024-08-11,Inactive
Blinkit,92098757,Jammu,,773475,2023-11-19,New User
Blinkit,79916464,Ujjain,,261246,2024-02-13,New User
Blinkit,10240052,Katihar,,388744,2024-03-25,Frequent Shopper
Blinkit,9738801,Phusro,,86659,2024-03-02,Inactive
Blinkit,2233446,Kolkata,,125919,2023-12-27,New User
Blinkit,35434373,Mau,,407353,2023-07-30,High Value
Blinkit,89476734,Mumbai,,454361,2023-07-12,Inactive
Blinkit,51833636,Sirsa,,255774,2024-03-03,Frequent Shopper
Blinkit,75913572,Rajahmundry,,325080,2024-03-26,Inactive
Blinkit,40277444,Baranagar,,401259,2023-05-10,New User
Blinkit,80833965,Karimnagar,,268118,2023-09-05,Inactive
Blinkit,46146390,Salem,,255938,2023-04-19,High Value
Blinkit,59436131,Thanjavur,,400123,2024-09-02,New User
Blinkit,14479168,Jamshedpur,,854880,2024-02-06,New User
Blinkit,43784632,Nagaon,,171799,2023-04-12,Inactive
Blinkit,33331259,Hapur,,14967,2024-08-07,Inactive
Blinkit,85838438,Ahmedabad,,544363,2024-04-25,Inactive
Blinkit,57674875,Bilaspur,,110402,2023-05-07,Frequent Shopper
Blinkit,37227953,Sambhal,,970382,2024-09-11,Inactive
Blinkit,83867512,Faridabad,,693161,2024-06-22,Inactive
Blinkit,17100301,Secunderabad,,119736,2024-08-06,High Value
Blinkit,12967305,Allahabad,,963984,2023-12-24,New User
Blinkit,72079189,Guna,,446112,2023-05-23,Inactive
Blinkit,83348353,Nandyal,,447354,2024-08-23,Inactive
Blinkit,80954112,Dindigul,,296499,2023-06-06,New User
Blinkit,61320989,Amravati,,611718,2023-07-01,Frequent Shopper
Blinkit,45166203,Phusro,,350967,2023-10-26,Frequent Shopper
Blinkit,25294147,Coimbatore,,125429,2024-06-16,New User
Blinkit,33706378,Indore,,601242,2023-09-02,New User
Blinkit,82804543,Tenali,,124227,2024-08-02,New User
Blinkit,68016312,Bahraich,,118987,2024-09-24,Frequent Shopper
Blinkit,75860724,Bahraich,,763550,2023-06-12,High Value
Blinkit,10541231,Dhanbad,,94381,2024-07-17,High Value
Blinkit,18035010,Avadi,,67286,2024-01-30,High Value
Blinkit,36400756,Jamalpur,,984457,2023-04-04,Inactive
Blinkit,4869199,Naihati,,803941,2024-10-16,New User
Blinkit,52659908,Panipat,,108922,2024-05-02,Frequent Shopper
Blinkit,2517955,Sikar,,52692,2024-02-28,Frequent Shopper
Blinkit,63858550,Adoni,,742412,2024-05-05,High Value
Blinkit,71755645,Vijayanagaram,,279065,2024-04-12,Frequent Shopper
Blinkit,92203470,,,432216,2023-11-10,Frequent Shopper
Blinkit,77161976,Loni,,243125,2024-07-05,Frequent Shopper
Blinkit,28663279,Ahmedabad,,321770,2023-03-30,High Value
Blinkit,23098216,Shimla,,153137,2023-11-01,New User
Blinkit,75752515,Aurangabad,,636676,2024-04-17,High Value
Blinkit,54730270,Patiala,,706203,2023-03-22,New User
Blinkit,12655794,Raurkela Industrial Township,,806093,2024-03-07,Frequent Shopper
Blinkit,44557943,Proddatur,,391984,2024-01-23,Inactive
Blinkit,72089140,Kurnool,,462353,2024-06-04,Frequent Shopper
Blinkit,77768189,Bhusawal,,468910,2023-06-17,Frequent Shopper
Blinkit,60300263,Karnal,,314082,2023-10-07,New User
Blinkit,22210238,Nandyal,,118790,2024-06-10,New User
Blinkit,30979436,Gopalpur,,57642,2024-07-26,Frequent Shopper
Blinkit,23676689,Mathura,,822374,2023-10-03,High Value
Blinkit,82025691,Gurgaon,,407090,2023-06-24,Frequent Shopper
Blinkit,68128937,Bongaigaon,,688117,2024-03-07,New User
Blinkit,23081177,Chittoor,,828437,2024-06-14,New User
Blinkit,90745023,Coimbatore,,300261,2023-10-28,Inactive
Blinkit,83262890,Bahraich,,561730,2023-10-15,New User
Blinkit,3588443,Gwalior,,586174,2024-04-11,High Value
Blinkit,92509376,Singrauli,,260252,2024-09-03,Frequent Shopper
Blinkit,77031496,,,196025,2023-12-28,New User
Blinkit,51119088,Guwahati,,538718,2023-07-26,Frequent Shopper
Blinkit,9107360,Hospet,,390035,2024-04-23,Inactive
Blinkit,88866835,Srikakulam,,65460,2023-11-01,High Value
Blinkit,50527764,Bhiwandi,,957367,2023-12-28,High Value
Blinkit,19400174,Rajkot,,467162,2024-05-22,New User
Blinkit,80517784,Proddatur,,418404,2024-07-05,Frequent Shopper
Blinkit,60446619,Vellore,,797149,2024-06-15,Frequent Shopper
Blinkit,85074810,Malegaon,,439383,2024-09-14,Frequent Shopper
Blinkit,73654821,Bhilai,,570349,2023-10-16,New User
Blinkit,47387512,Pali,,858549,2023-07-08,Frequent Shopper
Blinkit,35988028,Imphal,,996267,2024-08-31,High Value
Blinkit,92583164,,,526523,2023-09-29,High Value
Blinkit,8155924,Guntur,,92581,2024-03-30,Frequent Shopper
Blinkit,72702075,Durg,,362822,2024-07-01,Frequent Shopper
Blinkit,79155946,Bardhaman,,506102,2023-09-05,New User
Blinkit,31708103,Bhiwandi,,479673,2023-09-25,New User
Blinkit,77345018,Karawal Nagar,,407746,2024-07-26,Frequent Shopper
Blinkit,25722990,Agartala,,344843,2024-03-13,Frequent Shopper
Blinkit,60062501,Amritsar,,250202,2024-01-04,New User
Blinkit,33472376,Darbhanga,,123186,2024-01-16,High Value
Blinkit,34073080,Sikar,,227379,2023-05-04,Frequent Shopper
Blinkit,86897973,Amritsar,,603962,2024-03-30,Inactive
Blinkit,85198177,Kollam,,741033,2023-04-01,High Value
Blinkit,8395343,Fatehpur,,809596,2024-03-10,New User
Blinkit,51557673,Varanasi,,270793,2023-08-01,New User
Blinkit,75892474,Jammu,,353826,2023-08-27,New User
Blinkit,67092149,Mysore,,619381,2023-12-16,High Value
Blinkit,35554129,Ghaziabad,,464641,2024-08-11,High Value
Blinkit,18889370,Surendranagar Dudhrej,,255117,2023-06-14,Frequent Shopper
Blinkit,16764246,,,638631,2024-09-28,High Value
Blinkit,43459807,Bhimavaram,,886183,2023-04-08,High Value
Blinkit,10857389,Kolkata,,893621,2024-07-29,Inactive
Blinkit,59329145,Raipur,,776510,2024-08-30,Frequent Shopper
Blinkit,31456752,Jamnagar,,988334,2024-06-21,High Value
Blinkit,96583772,Anantapur,,675854,2023-11-19,New User
Blinkit,18394558,Hyderabad,,155249,2023-12-30,Frequent Shopper
Blinkit,2584499,Mehsana,,880262,2024-09-13,Frequent Shopper
Blinkit,27709218,Bilaspur,,36144,2024-04-26,Frequent Shopper
Blinkit,99160348,Haridwar,,47733,2024-09-15,Inactive
Blinkit,55693909,Tiruvottiyur,,15855,2024-06-27,High Value
Blinkit,31582950,Dhanbad,,945972,2023-12-20,New User
Blinkit,19482392,,,670607,2023-06-22,Frequent Shopper
Blinkit,4862761,Imphal,,153679,2023-08-31,High Value
Blinkit,45804389,Naihati,,759825,2023-07-02,Inactive
Blinkit,74179536,Deoghar,,835800,2024-10-14,Inactive
Blinkit,91024604,Rajkot,,463411,2023-08-27,Inactive
Blinkit,31923338,Belgaum,,838368,2024-03-13,New User
Blinkit,33574338,Pali,,139810,2023-08-12,Inactive
Blinkit,82322028,Nagercoil,,718072,2023-07-16,New User
Blinkit,51812283,Rajpur Sonarpur,,474877,2024-03-14,Frequent Shopper
Blinkit,68419593,Tezpur,,602979,2023-10-19,Inactive
Blinkit,54205055,Mirzapur,,964252,2024-05-18,Frequent Shopper
Blinkit,84456355,Bhiwani,,536746,2023-09-26,New User
Blinkit,93458307,Guwahati,,531962,2023-10-25,Inactive
Blinkit,27304827,Medininagar,,986968,2024-06-01,High Value
Blinkit,67302239,Meerut,,525311,2023-10-29,Frequent Shopper
Blinkit,12305040,Panchkula,,910150,2023-07-20,Frequent Shopper
Blinkit,43377076,Kishanganj,,642567,2023-09-22,New User
Blinkit,52075070,Thiruvananthapuram,,761787,2023-08-31,Frequent Shopper
Blinkit,4378755,Karnal,,583209,2023-11-10,High Value
Blinkit,67215939,Satna,,699508,2024-01-03,New User
Blinkit,13963450,Pali,,663144,2024-03-23,New User
Blinkit,59009727,Bilaspur,,424255,2024-03-16,New User
Blinkit,47274329,Pondicherry,,831272,2024-02-12,New User
Blinkit,97492493,Tirupati,,867234,2023-04-26,Inactive
Blinkit,16256136,Khammam,,36309,2023-09-09,Frequent Shopper
Blinkit,42209203,Aligarh,,528483,2024-03-29,New User
Blinkit,30767655,Miryalaguda,,942916,2024-06-05,Frequent Shopper
Blinkit,81605722,New Delhi,,610584,2023-11-18,Frequent Shopper
Blinkit,16082651,Dehradun,,506119,2023-11-04,Frequent Shopper
Blinkit,52337289,Tirupati,,913898,2023-06-16,New User
Blinkit,24644542,Bhatpara,,77875,2024-03-17,New User
Blinkit,72564495,Meerut,,140024,2024-03-13,New User
Blinkit,95594611,Mangalore,,280153,2023-04-09,Frequent Shopper
Blinkit,23794330,Ongole,,324950,2024-05-28,Frequent Shopper
Blinkit,1771249,Faridabad,,348054,2023-04-14,New User
Blinkit,57360162,Jorhat,,69036,2023-10-30,Frequent Shopper
Blinkit,70230254,Morena,,377043,2023-12-24,New User
Blinkit,30285217,Buxar,,275327,2023-09-23,High Value
Blinkit,14428954,Jhansi,,607637,2024-10-22,High Value
Blinkit,9987182,Kolkata,,35650,2024-08-21,Frequent Shopper
Blinkit,92636025,Guntakal,,292276,2024-09-24,Inactive
Blinkit,19771128,Alwar,,962095,2023-11-26,Frequent Shopper
Blinkit,13122744,Sultan Pur Majra,,491018,2024-02-02,Frequent Shopper
Blinkit,90696847,Alappuzha,,695228,2023-09-19,Frequent Shopper
Blinkit,44050697,North Dumdum,,97187,2023-12-28,New User
Blinkit,44723662,Orai,,205626,2023-10-07,Frequent Shopper
Blinkit,69908484,Hindupur,,819988,2024-08-08,New User
Blinkit,82708090,Maheshtala,,210002,2024-01-01,High Value
Blinkit,83267752,Nashik,,51420,2023-09-25,New User
Blinkit,19259955,South Dumdum,,410844,2023-04-03,Inactive
Blinkit,11616535,Katihar,,285899,2024-08-18,High Value
Blinkit,50557979,Noida,,399392,2024-03-31,High Value
Blinkit,53538932,Katni,,932768,2023-05-11,High Value
Blinkit,63292875,Tiruchirappalli,,980046,2024-09-30,High Value
Blinkit,98858383,Mau,,875536,2023-12-31,Frequent Shopper
Blinkit,86715467,Alwar,,455609,2024-03-18,Inactive
Blinkit,13197985,Tiruchirappalli,,299635,2023-04-19,High Value
Blinkit,85561151,Muzaffarpur,,515548,2024-08-13,Frequent Shopper
Blinkit,94706375,Rewa,,691745,2023-04-05,Frequent Shopper
Blinkit,53974737,Guwahati,,637163,2023-10-30,New User
Blinkit,83039559,Pali,,925122,2023-07-01,High Value
Blinkit,98218863,Belgaum,,603140,2023-06-05,Frequent Shopper
Blinkit,54347213,Morbi,,12673,2024-04-07,High Value
Blinkit,30065862,Sagar,,911359,2024-09-02,Frequent Shopper
Blinkit,42615134,Bidar,,539257,2024-09-22,Inactive
Blinkit,94033330,Vadodara,,609564,2024-09-25,Frequent Shopper
Blinkit,64795608,Faridabad,,176996,2023-10-22,New User
Blinkit,1662375,Bellary,,783266,2023-11-18,New User
Blinkit,91130614,Farrukhabad,,364241,2023-06-22,Inactive
Blinkit,85020453,Ambattur,,938416,2023-05-18,High Value
Blinkit,80875034,Agra,,197561,2023-07-15,Inactive
Blinkit,72605638,Karawal Nagar,,823516,2024-09-02,Inactive
Blinkit,47939657,Gorakhpur,,6891,2024-07-01,Frequent Shopper
Blinkit,35156679,Panvel,,954583,2024-01-07,High Value
Blinkit,47125914,Aurangabad,,723520,2023-03-29,High Value
Blinkit,94713625,Jhansi,,284684,2023-08-15,High Value
Blinkit,43066953,Raiganj,,349157,2024-10-15,Frequent Shopper
Blinkit,32987624,Arrah,,399897,2023-04-05,High Value
Blinkit,11143197,Jhansi,,514698,2023-03-29,Frequent Shopper
Blinkit,77015367,Bellary,,58142,2024-07-17,Frequent Shopper
Blinkit,63571453,New Delhi,,844591,2023-05-14,High Value
Blinkit,95334407,Tinsukia,,347212,2023-03-29,Inactive
Blinkit,2400009,Karimnagar,,690370,2024-02-26,High Value
Blinkit,43519553,Rajpur Sonarpur,,998055,2024-02-07,High Value
Blinkit,91566278,Ratlam,,161156,2024-09-24,High Value
Blinkit,93522848,Bhatpara,,103710,2023-10-29,Inactive
Blinkit,48776805,Satara,,612480,2023-06-01,High Value
Blinkit,6061349,Ozhukarai,,987109,2024-03-17,Frequent Shopper
Blinkit,49617531,Morbi,,856856,2024-03-19,Inactive
Blinkit,25915909,Raipur,,638420,2024-01-18,New User
Blinkit,2058037,Ahmednagar,,493628,2023-11-17,Inactive
Blinkit,43307488,Jamalpur,,793361,2023-08-06,Frequent Shopper
Blinkit,58513300,Mirzapur,,245873,2023-09-25,High Value
Blinkit,41146001,Sonipat,,160105,2023-07-12,Frequent Shopper
Blinkit,89910157,Patna,,166001,2023-03-19,New User
Blinkit,33608451,Udupi,,317235,2023-05-19,Inactive
Blinkit,58214883,Panchkula,,871302,2024-05-05,Frequent Shopper
Blinkit,2875442,Ramgarh,,68994,2023-07-19,High Value
Blinkit,83660688,Hapur,,317201,2024-07-13,High Value
Blinkit,9650263,Chittoor,,40161,2023-04-24,New User
Blinkit,36517334,Karaikudi,,886615,2024-03-30,High Value
Blinkit,1989720,Bettiah,,232753,2023-11-10,Inactive
Blinkit,68486301,Kharagpur,,146326,2023-04-26,Inactive
Blinkit,2134827,Bettiah,,863663,2023-10-22,New User
Blinkit,67896836,Shahjahanpur,,976912,2024-09-16,New User
Blinkit,98152679,Chapra,,917590,2024-08-01,Frequent Shopper
Blinkit,6812439,Raiganj,,940482,2024-10-17,High Value
Blinkit,90038364,Aizawl,,733321,2024-03-18,Frequent Shopper
Blinkit,47215976,Korba,,91065,2024-09-25,High Value
Blinkit,74840437,Bhopal,,807661,2024-03-10,Inactive
Blinkit,10418604,Bharatpur,,850794,2024-04-11,New User
Blinkit,65514005,Jamshedpur,,615240,2023-07-21,Frequent Shopper
Blinkit,1479065,Gurgaon,,717396,2024-02-09,New User
Blinkit,87641623,Haldia,,795752,2023-09-25,Frequent Shopper
Blinkit,34381941,Bhubaneswar,,348234,2023-07-13,Inactive
Blinkit,81822494,Dehradun,,342395,2024-07-14,New User
Blinkit,97191387,Moradabad,,866334,2023-06-03,High Value
Blinkit,25795941,Bhind,,311683,2024-04-14,Frequent Shopper
Blinkit,97825663,Tadipatri,,719362,2023-06-19,Frequent Shopper
Blinkit,19966989,Khammam,,441105,2024-03-06,High Value
Blinkit,57967753,Sambalpur,,869884,2024-01-11,High Value
Blinkit,10694081,Tiruchirappalli,,568324,2023-10-02,Frequent Shopper
Blinkit,4356173,Avadi,,763603,2024-09-10,New User
Blinkit,87266309,Rourkela,,173328,2023-11-17,Frequent Shopper
Blinkit,65134271,Silchar,,108582,2023-12-18,High Value
Blinkit,11928321,Kochi,,554594,2024-06-30,Inactive
Blinkit,32527479,Munger,,597322,2023-11-04,Frequent Shopper
Blinkit,47275378,Ahmedabad,,572351,2023-03-16,High Value
Blinkit,9246851,Dharmavaram,,317869,2024-10-10,New User
Blinkit,12402437,Lucknow,,126465,2024-06-29,New User
Blinkit,95382317,Asansol,,466894,2024-05-20,New User
Blinkit,19523014,Proddatur,,419857,2024-02-24,New User
Blinkit,2188994,Ratlam,,635527,2023-10-26,Inactive
Blinkit,31328762,Jamshedpur,,198685,2024-03-08,High Value
Blinkit,39354312,Guwahati,,154452,2023-09-22,High Value
Blinkit,17939362,Darbhanga,,745281,2024-02-11,Inactive
Blinkit,12755730,Thanjavur,,473540,2023-08-20,Frequent Shopper
Blinkit,64562786,Hazaribagh,,785077,2024-03-13,Inactive
Blinkit,18771682,Karawal Nagar,,865499,2023-07-11,High Value
Blinkit,18170800,Bidhannagar,,501272,2024-07-02,Frequent Shopper
Blinkit,31914222,Chandrapur,,757778,2024-09-29,Inactive
Blinkit,29095552,Morena,,893254,2023-04-19,Inactive
Blinkit,13415362,Morena,,460303,2023-06-25,Inactive
Blinkit,13284996,Akola,,363237,2024-04-11,Frequent Shopper
Blinkit,3410758,,,293062,2023-07-16,Frequent Shopper
Blinkit,14330483,,,943453,2023-08-04,High Value
Blinkit,95768401,Amravati,,760525,2024-11-03,Inactive
Blinkit,57662767,Ulhasnagar,,652094,2023-10-21,High Value
Blinkit,51387106,Gaya,,902417,2023-10-15,New User
Blinkit,89995124,Narasaraopet,,833041,2023-10-29,High Value
Blinkit,73660582,Mathura,,457942,2024-10-20,High Value
Blinkit,70459847,Bhilwara,,973977,2024-08-29,High Value
Blinkit,3999964,Jalandhar,,33590,2023-08-08,High Value
Blinkit,39674723,Solapur,,813010,2024-08-05,New User
Blinkit,23448955,Narasaraopet,,185824,2024-10-12,High Value
Blinkit,76971644,Guwahati,,796020,2024-09-20,Inactive
Blinkit,81382213,Tirunelveli,,952694,2024-05-18,Inactive
Blinkit,21456226,Bathinda,,626620,2023-07-21,New User
Blinkit,46378942,Kolhapur,,319915,2023-11-20,High Value
Blinkit,12088552,Siwan,,82581,2023-04-17,High Value
Blinkit,18642306,Meerut,,877253,2023-12-21,Inactive
Blinkit,11387110,Mehsana,,14359,2023-08-17,High Value
Blinkit,51341672,Hajipur,,789995,2024-04-03,Frequent Shopper
Blinkit,79630614,Vadodara,,880263,2024-07-13,Frequent Shopper
Blinkit,76602787,Deoghar,,856383,2024-04-07,New User
Blinkit,50630016,Lucknow,,926172,2023-08-22,Inactive
Blinkit,85354059,Ambattur,,887933,2023-08-20,High Value
Blinkit,30188374,Bhavnagar,,400684,2024-03-28,New User
Blinkit,13760839,Surat,,412928,2023-08-23,High Value
Blinkit,12455156,Tenali,,317047,2023-04-03,Inactive
Blinkit,13604883,Tadipatri,,638908,2024-09-23,High Value
Blinkit,69240186,Suryapet,,850470,2024-04-16,Frequent Shopper
Blinkit,57765367,Jehanabad,,221493,2024-01-26,High Value
Blinkit,97928541,Amaravati,,917035,2023-06-27,New User
Blinkit,31718565,Kozhikode,,16828,2024-05-29,Frequent Shopper
Blinkit,76438648,Ujjain,,418024,2023-04-10,New User
Blinkit,36146306,Panchkula,,767176,2023-11-10,Frequent Shopper
Blinkit,87160527,Unnao,,720320,2024-10-09,New User
Blinkit,1108176,Suryapet,,902052,2023-07-27,High Value
Blinkit,83610315,Kirari Suleman Nagar,,632904,2023-07-31,Inactive
Blinkit,24043135,Secunderabad,,339705,2024-10-01,Inactive
Blinkit,84448310,Chittoor,,109591,2024-09-28,Frequent Shopper
Blinkit,59769142,Katni,,208439,2024-03-01,New User
Blinkit,90753712,Bhusawal,,22174,2024-06-24,Frequent Shopper
Blinkit,38748727,Kota,,573755,2024-08-04,New User
Blinkit,45033270,Bulandshahr,,372814,2024-04-28,New User
Blinkit,6459100,Karaikudi,,85316,2024-10-04,High Value
Blinkit,60904312,Kakinada,,503282,2024-06-04,Frequent Shopper
Blinkit,98225598,Malda,,731095,2023-05-12,High Value
Blinkit,31813,Maheshtala,,666762,2024-04-10,Frequent Shopper
Blinkit,79135318,Mango,,317779,2023-06-14,Inactive
Blinkit,99627097,Danapur,,437954,2023-03-19,New User
Blinkit,90919603,Kulti,,82827,2023-11-14,Frequent Shopper
Blinkit,46741896,Nanded,,656521,2023-10-21,High Value
Blinkit,58942207,Bijapur,,861467,2024-07-05,Frequent Shopper
Blinkit,86839058,Medininagar,,72586,2024-06-19,Frequent Shopper
Blinkit,82179338,Tezpur,,370025,2023-03-17,New User
Blinkit,1342184,Karawal Nagar,,774395,2024-10-25,Inactive
Blinkit,76604145,Chittoor,,767461,2023-03-22,Frequent Shopper
Blinkit,37702698,Shivpuri,,845884,2023-11-13,New User
Blinkit,3786105,Yamunanagar,,288478,2024-06-02,New User
Blinkit,64535602,Sagar,,236937,2023-08-09,Inactive
Blinkit,29525287,Darbhanga,,891343,2023-11-16,High Value
Blinkit,1683786,Bhagalpur,,775942,2023-09-12,Frequent Shopper
Blinkit,73586244,Bikaner,,392999,2024-02-28,New User
Blinkit,26805477,Firozabad,,593073,2024-05-28,New User
Blinkit,73679086,Ludhiana,,181712,2023-07-12,New User
Blinkit,59677346,Tumkur,,483994,2024-11-02,Inactive
Blinkit,81528623,Proddatur,,156998,2024-06-08,High Value
Blinkit,38420886,Singrauli,,695663,2023-04-08,New User
Blinkit,12302179,Firozabad,,702467,2024-02-01,High Value
Blinkit,88164280,Bhatpara,,413547,2024-09-09,Frequent Shopper
Blinkit,74735607,Satna,,474552,2023-12-30,Inactive
Blinkit,42514124,Anand,,107629,2023-05-10,Inactive
Blinkit,13071673,Mathura,,491822,2024-04-27,Frequent Shopper
Blinkit,68196920,Chittoor,,437649,2023-10-29,Frequent Shopper
Blinkit,26844216,Nagpur,,245058,2024-06-07,High Value
Blinkit,38780509,Jaunpur,,715292,2024-05-11,Frequent Shopper
Blinkit,3292927,Bhatpara,,320465,2024-01-12,New User
Blinkit,28991365,Meerut,,449419,2024-03-20,New User
Blinkit,39999278,Rajpur Sonarpur,,594349,2024-08-02,New User
Blinkit,86050297,Siliguri,,756155,2023-04-15,Inactive
Blinkit,86045277,Unnao,,229457,2024-08-15,New User
Blinkit,88167544,Amroha,,766641,2023-04-15,New User
Blinkit,75984768,Gurgaon,,737567,2024-08-05,Frequent Shopper
Blinkit,15144290,Ludhiana,,789273,2024-10-17,New User
Blinkit,52279849,Erode,,169958,2024-07-10,Frequent Shopper
Blinkit,81160474,Sri Ganganagar,,841396,2023-08-02,High Value
Blinkit,84361534,Hyderabad,,332324,2024-07-24,Frequent Shopper
Blinkit,53025962,Salem,,95444,2024-06-13,High Value
Blinkit,83404008,Aizawl,,573140,2024-09-17,New User
Blinkit,81959925,Solapur,,158515,2023-10-11,Inactive
Blinkit,76850859,Bhubaneswar,,103202,2023-12-29,Inactive
Blinkit,11705793,Ramagundam,,645810,2024-04-12,New User
Blinkit,62068277,New Delhi,,397881,2024-03-03,Frequent Shopper
Blinkit,9048817,Surat,,205466,2023-05-08,Inactive
Blinkit,31619915,Madurai,,297641,2024-06-09,New User
Blinkit,42872865,Tinsukia,,876401,2023-10-09,Inactive
Blinkit,81906973,Machilipatnam,,114641,2023-08-16,New User
Blinkit,82286908,Nadiad,,414399,2024-06-24,New User
Blinkit,1174162,Silchar,,413955,2023-07-02,High Value
Blinkit,62323608,Deoghar,,537361,2023-08-09,New User
Blinkit,72857290,Barasat,,9157,2023-09-20,Inactive
Blinkit,21784094,Raipur,,284389,2024-05-18,Frequent Shopper
Blinkit,82529927,,,934156,2024-04-03,Inactive
Blinkit,14994388,Bharatpur,,941934,2024-04-29,High Value
Blinkit,54216497,Shimoga,,44806,2024-07-07,New User
Blinkit,80796977,Kamarhati,,659205,2024-06-28,High Value
Blinkit,31681710,Faridabad,,728463,2024-01-06,Frequent Shopper
Blinkit,47955004,Bhubaneswar,,204587,2023-08-21,Inactive
Blinkit,23126657,Silchar,,52603,2023-04-23,High Value
Blinkit,91973128,Gulbarga,,645358,2024-07-01,High Value
Blinkit,22915611,Noida,,515734,2023-08-06,Frequent Shopper
Blinkit,76864442,Eluru,,395170,2023-07-31,Frequent Shopper
Blinkit,96628029,Ghaziabad,,454533,2024-03-22,High Value
Blinkit,59216664,Secunderabad,,284974,2023-03-22,Frequent Shopper
Blinkit,70615775,Vijayawada,,912652,2024-01-07,Inactive
Blinkit,34761418,Narasaraopet,,401933,2024-08-19,New User
Blinkit,56248757,Belgaum,,14789,2024-08-05,High Value
Blinkit,31622158,Mango,,478462,2023-05-06,New User
Blinkit,4200802,Fatehpur,,860603,2023-11-15,Inactive
Blinkit,58631874,Bhatpara,,281610,2024-10-01,New User
Blinkit,22036818,Jabalpur,,19178,2023-11-14,New User
Blinkit,7333934,Faridabad,,383021,2023-12-23,New User
Blinkit,5712468,Patna,,858342,2024-03-25,Inactive
Blinkit,17929886,Visakhapatnam,,356407,2023-03-28,New User
Blinkit,408590,Kozhikode,,356268,2024-03-11,Frequent Shopper
Blinkit,42797397,Guna,,518798,2023-05-08,High Value
Blinkit,58929595,Chandigarh,,349867,2024-08-08,Frequent Shopper
Blinkit,41971906,Hazaribagh,,595797,2024-02-13,High Value
Blinkit,80269328,Faridabad,,153808,2023-05-03,High Value
Blinkit,76533277,Ahmedabad,,912071,2023-10-11,New User
Blinkit,50760752,Proddatur,,100658,2023-03-17,New User
Blinkit,83588803,Dewas,,666065,2024-07-11,New User
Blinkit,30755306,Ambattur,,523338,2024-06-14,Inactive
Blinkit,26592009,Nagpur,,16283,2023-11-02,High Value
Blinkit,32830199,Thoothukudi,,531804,2024-08-27,High Value
Blinkit,99824171,Chandrapur,,298856,2024-04-15,Inactive
Blinkit,61618079,Tezpur,,941949,2023-07-14,Inactive
Blinkit,71694275,Amritsar,,914570,2023-06-02,Frequent Shopper
Blinkit,81200164,Kottayam,,891346,2024-08-30,Frequent Shopper
Blinkit,66233704,Baranagar,,836682,2024-05-18,Inactive
Blinkit,66866026,Jamnagar,,410022,2023-07-05,Frequent Shopper
Blinkit,86483673,Tinsukia,,979887,2023-08-18,Frequent Shopper
Blinkit,22483684,Nashik,,70737,2024-03-05,Frequent Shopper
Blinkit,65368179,Tezpur,,212082,2023-10-23,High Value
Blinkit,94430842,Sri Ganganagar,,634446,2024-03-19,New User
Blinkit,18940384,Cuttack,,744492,2023-10-08,New User
Blinkit,25585013,Mirzapur,,699030,2024-05-05,Inactive
Blinkit,9314637,Nandyal,,207302,2024-07-28,Inactive
Blinkit,92409489,Kolkata,,850210,2024-04-09,Frequent Shopper
Blinkit,21425168,Giridih,,189621,2023-08-11,New User
Blinkit,11228463,Jaipur,,834868,2023-07-30,Inactive
Blinkit,57642258,Mumbai,,558798,2024-09-27,High Value
Blinkit,26250082,Burhanpur,,557458,2024-10-24,New User
Blinkit,34580200,Madurai,,46262,2024-06-04,High Value
Blinkit,89531595,Bardhaman,,894540,2023-08-13,Frequent Shopper
Blinkit,72760434,Barasat,,330665,2024-10-07,High Value
Blinkit,86499778,Adoni,,967382,2023-09-21,Frequent Shopper
Blinkit,41395224,Korba,,171941,2024-10-26,Frequent Shopper
Blinkit,21270783,Morena,,551325,2023-05-01,New User
Blinkit,68939350,Tadipatri,,156078,2023-04-28,High Value
Blinkit,14839726,Kochi,,615732,2024-01-24,Frequent Shopper
Blinkit,38808614,Alappuzha,,825269,2023-06-15,High Value
Blinkit,44828791,Purnia,,694027,2023-06-02,New User
Blinkit,1603358,Sultan Pur Majra,,600850,2024-06-09,Inactive
Blinkit,31826,Hajipur,,201602,2023-11-29,New User
Blinkit,191616,Surendranagar Dudhrej,,587079,2023-04-27,Frequent Shopper
Blinkit,45546750,Tenali,,787740,2024-10-28,High Value
Blinkit,33675108,Kurnool,,128202,2023-12-03,Inactive
Blinkit,98896871,Rampur,,479606,2023-06-06,Frequent Shopper
Blinkit,644189,Raiganj,,899027,2023-12-15,High Value
Blinkit,21461764,Jamalpur,,431789,2023-04-18,High Value
Blinkit,70170606,Madurai,,264083,2024-07-11,High Value
Blinkit,65782437,Adoni,,643529,2023-04-12,New User
Blinkit,37245065,Raichur,,796944,2024-07-21,Inactive
Blinkit,42012717,Ghaziabad,,831378,2023-08-18,Frequent Shopper
Blinkit,60399360,Loni,,624598,2024-04-27,High Value
Blinkit,5140660,Gandhidham,,164050,2023-08-18,Inactive
Blinkit,40858753,Ajmer,,674980,2024-05-06,Frequent Shopper
Blinkit,69219122,Bellary,,579100,2024-10-09,High Value
Blinkit,8967266,Munger,,58300,2024-09-01,Frequent Shopper
Blinkit,27304727,Gopalpur,,372198,2024-03-26,Frequent Shopper
Blinkit,62600289,,,72489,2024-02-20,Inactive
Blinkit,50286371,Ozhukarai,,798154,2024-01-10,New User
Blinkit,43799224,Delhi,,8953,2024-06-23,Frequent Shopper
Blinkit,29431960,Dhule,,741828,2024-02-09,High Value
Blinkit,7076456,Bhiwandi,,726872,2024-02-06,Frequent Shopper
Blinkit,43860025,Serampore,,394614,2023-11-20,Frequent Shopper
Blinkit,74833221,Kishanganj,,247247,2024-04-28,Frequent Shopper
Blinkit,13465850,Aligarh,,441097,2023-09-26,High Value
Blinkit,46541905,Unnao,,903499,2024-02-06,New User
Blinkit,21809858,,,146074,2023-04-06,Inactive
Blinkit,75928073,Motihari,,442492,2023-08-01,Inactive
Blinkit,67538982,Amravati,,230324,2023-08-21,High Value
Blinkit,57505804,Shimla,,20322,2024-08-25,New User
Blinkit,88775948,Karawal Nagar,,558701,2024-06-27,New User
Blinkit,89704218,Medininagar,,706845,2023-10-07,High Value
Blinkit,9796585,Sambhal,,253065,2023-11-30,Inactive
Blinkit,1497747,Amravati,,323849,2024-04-11,Inactive
Blinkit,29038113,Phusro,,119441,2024-06-10,New User
Blinkit,61182897,Kirari Suleman Nagar,,685609,2023-03-28,Frequent Shopper
Blinkit,15391556,Panchkula,,687731,2023-10-12,Inactive
Blinkit,1529180,Jalandhar,,516534,2024-06-07,Inactive
Blinkit,32797235,Vadodara,,417102,2023-11-29,Frequent Shopper
Blinkit,78158536,Ichalkaranji,,390560,2024-04-07,High Value
Blinkit,88779806,Tenali,,651071,2023-07-29,Frequent Shopper
Blinkit,93018527,Varanasi,,722749,2024-05-16,New User
Blinkit,52393801,Giridih,,96858,2023-03-20,New User
Blinkit,70529459,Nadiad,,829855,2023-05-04,Frequent Shopper
Blinkit,48481702,Jehanabad,,351248,2024-06-15,Frequent Shopper
Blinkit,15417130,Srikakulam,,866515,2024-03-03,New User
Blinkit,14705462,Sonipat,,575946,2023-09-24,High Value
Blinkit,14944819,,,469217,2023-11-24,High Value
Blinkit,89028323,Aurangabad,,407239,2023-09-03,Frequent Shopper
Blinkit,11775073,Sambalpur,,836825,2023-06-02,Frequent Shopper
Blinkit,54799731,Bhilwara,,387529,2023-05-10,High Value
Blinkit,93617659,Hyderabad,,190336,2024-09-21,Frequent Shopper
Blinkit,45708879,Srinagar,,25486,2024-03-11,Frequent Shopper
Blinkit,62807542,Mahbubnagar,,340166,2023-03-17,High Value
Blinkit,7551173,Bhimavaram,,306374,2023-10-27,New User
Blinkit,65815155,Katni,,760332,2024-09-10,New User
Blinkit,86704661,Davanagere,,812273,2024-03-16,High Value
Blinkit,57896058,Bhiwandi,,487693,2024-06-23,Frequent Shopper
Blinkit,85519349,Bareilly,,99406,2023-12-07,New User
Blinkit,66308810,Bardhaman,,851715,2024-05-27,High Value
Blinkit,13130974,Vellore,,572919,2024-07-31,Inactive
Blinkit,8632679,Nizamabad,,972354,2023-07-20,Frequent Shopper
Blinkit,91072336,Jehanabad,,377289,2023-06-07,High Value
Blinkit,24633671,Lucknow,,99625,2024-09-21,New User
Blinkit,78254569,Faridabad,,427888,2023-11-30,Frequent Shopper
Blinkit,60698094,Purnia,,108567,2024-05-16,New User
Blinkit,84257716,Proddatur,,653569,2023-03-22,New User
Blinkit,84929351,Saharanpur,,169345,2023-12-07,Frequent Shopper
Blinkit,48160359,Morbi,,324202,2024-03-28,High Value
Blinkit,51031122,Ongole,,437180,2023-09-12,Frequent Shopper
Blinkit,3844290,Madurai,,88516,2023-10-29,Inactive
Blinkit,71643758,Kota,,445878,2024-09-16,Inactive
Blinkit,49258916,Raiganj,,153207,2024-04-02,Inactive
Blinkit,60379302,Belgaum,,998032,2023-07-14,New User
Blinkit,88873916,Jalgaon,,230835,2023-09-21,New User
Blinkit,65559853,Bangalore,,160165,2024-05-03,Frequent Shopper
Blinkit,88046313,South Dumdum,,47308,2023-05-29,High Value
Blinkit,76987910,Tenali,,847001,2024-03-08,Inactive
Blinkit,20517871,Ambala,,796497,2023-07-06,High Value
Blinkit,26227445,Bikaner,,632750,2024-09-07,Frequent Shopper
Blinkit,42272393,Vellore,,915410,2023-09-21,New User
Blinkit,12574626,Satara,,409487,2024-05-02,Inactive
Blinkit,63349378,Amaravati,,965143,2024-08-01,Frequent Shopper
Blinkit,88045094,Bhilai,,447280,2023-12-16,High Value
Blinkit,61226835,Dharmavaram,,458894,2023-07-24,High Value
Blinkit,82585664,Rajahmundry,,678835,2023-10-30,Frequent Shopper
Blinkit,69762479,Madhyamgram,,666332,2024-03-25,New User
Blinkit,93675757,Eluru,,264344,2023-11-28,Frequent Shopper
Blinkit,5009458,Noida,,525644,2023-08-17,Inactive
Blinkit,59545278,Panipat,,270678,2024-10-28,New User
Blinkit,59619739,Arrah,,105428,2023-11-12,New User
Blinkit,9097480,Ulhasnagar,,207496,2023-12-21,High Value
Blinkit,56195475,Patiala,,31357,2024-06-25,Frequent Shopper
Blinkit,45052594,Madurai,,740540,2024-06-03,New User
Blinkit,24517523,Tiruppur,,786498,2023-11-12,High Value
Blinkit,97111069,Saharanpur,,143574,2024-02-16,Inactive
Blinkit,88299992,Unnao,,943812,2024-05-17,High Value
Blinkit,60757351,Davanagere,,411662,2024-05-15,High Value
Blinkit,14161586,Jaunpur,,585408,2023-06-14,High Value
Blinkit,35133191,Bhalswa Jahangir Pur,,791176,2024-10-22,Frequent Shopper
Blinkit,56480776,Jamalpur,,573808,2024-03-17,Frequent Shopper
Blinkit,31000129,Bhubaneswar,,396599,2024-03-29,High Value
Blinkit,18113428,Rajpur Sonarpur,,803574,2023-09-15,Frequent Shopper
Blinkit,56250563,Gulbarga,,202458,2023-09-02,High Value
Blinkit,96253172,Danapur,,238657,2023-08-08,Inactive
Blinkit,83023956,Bhiwandi,,313936,2023-09-01,Frequent Shopper
Blinkit,19080489,Faridabad,,236035,2023-03-30,Frequent Shopper
Blinkit,899941,Satna,,12225,2024-06-25,High Value
Blinkit,51014003,Khora,,37529,2023-12-16,Frequent Shopper
Blinkit,55971849,Kota,,920798,2024-04-05,Frequent Shopper
Blinkit,45314389,Shivpuri,,266618,2023-03-26,New User
Blinkit,65426878,Pune,,585704,2023-04-04,Frequent Shopper
Blinkit,8651281,Secunderabad,,173317,2024-10-20,High Value
Blinkit,69353754,Shimla,,818142,2024-01-24,High Value
Blinkit,84119685,Maheshtala,,487548,2023-06-09,Inactive
Blinkit,60656482,Hazaribagh,,745064,2023-10-31,Inactive
Blinkit,54952806,Madhyamgram,,592310,2023-05-04,Frequent Shopper
Blinkit,58644651,Thanjavur,,274378,2024-05-10,New User
Blinkit,35690581,Raipur,,538003,2023-04-12,Inactive
Blinkit,80850753,Hyderabad,,717111,2023-12-15,High Value
Blinkit,29653387,Davanagere,,599799,2024-04-26,New User
Blinkit,47295676,Ghaziabad,,468224,2024-06-02,New User
Blinkit,30900441,Bijapur,,130415,2024-07-25,New User
Blinkit,43980719,Ludhiana,,919813,2024-03-04,New User
Blinkit,96001315,Pune,,429696,2024-02-15,Inactive
Blinkit,5716817,Shimoga,,378247,2024-03-11,Inactive
Blinkit,33658749,Bongaigaon,,877365,2024-03-11,Inactive
Blinkit,63661771,Baranagar,,497779,2023-12-29,Inactive
Blinkit,71767248,Hapur,,966465,2024-11-01,New User
Blinkit,72675976,Ambattur,,99296,2024-07-15,High Value
Blinkit,81994445,Rohtak,,976412,2024-08-01,High Value
Blinkit,54145987,Ludhiana,,697253,2023-10-03,High Value
Blinkit,16485871,Saharsa,,105468,2024-06-25,High Value
Blinkit,43243913,Bhilai,,602923,2024-05-11,Frequent Shopper
Blinkit,19741509,Arrah,,19974,2024-03-11,Frequent Shopper
Blinkit,98540377,,,713632,2023-09-15,Frequent Shopper
Blinkit,88843865,North Dumdum,,281457,2023-10-01,Frequent Shopper
Blinkit,50045027,Agartala,,679096,2023-07-06,Frequent Shopper
Blinkit,59840071,Pondicherry,,628916,2023-06-06,Inactive
Blinkit,51547198,Gurgaon,,730715,2024-08-04,High Value
Blinkit,53624677,Lucknow,,488900,2023-12-21,New User
Blinkit,93122847,Thiruvananthapuram,,537237,2024-09-15,Frequent Shopper
Blinkit,62971413,Madhyamgram,,853732,2023-10-02,Inactive
Blinkit,73933840,Maheshtala,,664697,2024-03-12,Frequent Shopper
Blinkit,80759416,Durg,,680825,2024-02-11,High Value
Blinkit,96042320,Hospet,,698003,2023-12-02,New User
Blinkit,76970363,Narasaraopet,,826966,2023-12-28,Frequent Shopper
Blinkit,84993732,Ramgarh,,170772,2024-09-17,Frequent Shopper
Blinkit,30823988,Raipur,,787767,2024-03-25,High Value
Blinkit,86226771,Bathinda,,411235,2024-08-17,High Value
Blinkit,10048910,Sonipat,,826123,2023-09-25,New User
Blinkit,18935489,Pune,,781987,2024-06-15,New User
Blinkit,61763552,Erode,,82019,2023-05-22,Inactive
Blinkit,88346104,Jhansi,,758,2024-03-19,Frequent Shopper
Blinkit,33651554,Amroha,,202775,2024-09-06,New User
Blinkit,39140039,Kolkata,,316077,2023-11-19,New User
Blinkit,50080663,Thanjavur,,585542,2024-10-06,Inactive
Blinkit,40643232,Dhanbad,,249528,2023-04-12,Frequent Shopper
Blinkit,82134278,South Dumdum,,897757,2023-10-07,High Value
Blinkit,35705377,Bettiah,,31549,2023-04-26,Frequent Shopper
Blinkit,11503405,Kamarhati,,430592,2024-01-14,Frequent Shopper
Blinkit,4988545,Sikar,,576389,2023-04-06,Frequent Shopper
Blinkit,4545935,Nadiad,,731038,2024-08-06,Frequent Shopper
Blinkit,46148283,Korba,,167549,2023-10-07,New User
Blinkit,29324437,Buxar,,869550,2024-08-19,High Value
Blinkit,48730063,Ambattur,,949389,2024-04-03,New User
Blinkit,70608515,Katni,,962036,2024-07-13,Inactive
Blinkit,32003512,Sagar,,476326,2024-10-18,High Value
Blinkit,96989204,Maheshtala,,952634,2024-06-24,Frequent Shopper
Blinkit,4789829,Sambhal,,313467,2024-11-02,Frequent Shopper
Blinkit,15733078,Navi Mumbai,,214451,2023-08-10,Frequent Shopper
Blinkit,48158494,Avadi,,179510,2024-04-30,Inactive
Blinkit,12272282,Noida,,555117,2023-04-09,Frequent Shopper
Blinkit,13265605,Ujjain,,737341,2024-11-04,High Value
Blinkit,80696046,Bangalore,,977594,2023-11-08,Inactive
Blinkit,87266831,Kurnool,,336427,2024-09-29,New User
Blinkit,90346920,Danapur,,677618,2024-09-14,New User
Blinkit,93938425,Gandhidham,,553703,2024-04-19,Frequent Shopper
Blinkit,89699655,Haldia,,340363,2024-02-04,Inactive
Blinkit,87654461,Silchar,,394842,2023-09-01,Inactive
Blinkit,79944855,Pali,,203524,2024-10-31,Frequent Shopper
Blinkit,49617892,Pudukkottai,,113196,2024-02-21,New User
Blinkit,74230420,Bettiah,,421244,2024-03-26,Frequent Shopper
Blinkit,66629497,Deoghar,,229594,2023-04-26,Frequent Shopper
Blinkit,43256928,Kumbakonam,,131278,2023-08-14,Inactive
Blinkit,59345983,Guwahati,,992566,2023-06-25,Frequent Shopper
Blinkit,88252625,Pali,,22342,2024-02-27,New User
Blinkit,14275043,Aligarh,,576267,2024-01-25,New User
Blinkit,64489709,Ludhiana,,300054,2024-04-22,High Value
Blinkit,59815512,Dewas,,92916,2023-11-11,Frequent Shopper
Blinkit,73377004,Bhind,,989634,2023-09-11,Frequent Shopper
Blinkit,74761384,Mangalore,,751611,2024-10-27,High Value
Blinkit,79257353,Pondicherry,,524267,2023-09-24,New User
Blinkit,17159117,Silchar,,778786,2024-05-21,High Value
Blinkit,95912198,Agra,,543627,2024-04-05,Inactive
Blinkit,88215615,Bhind,,542991,2023-05-16,New User
Blinkit,49756591,Bongaigaon,,796425,2024-04-17,Inactive
Blinkit,50650215,Dehri,,550671,2023-11-16,New User
Blinkit,32500305,Deoghar,,277971,2024-06-09,New User
Blinkit,42723554,Nagaon,,41927,2023-05-21,Frequent Shopper
Blinkit,1491857,Gurgaon,,260718,2024-06-05,High Value
Blinkit,81229704,Burhanpur,,89095,2024-03-22,High Value
Blinkit,70966268,Bharatpur,,757376,2023-10-03,New User
Blinkit,97182359,Bangalore,,867805,2024-01-22,New User
Blinkit,46675763,Ballia,,745005,2023-08-15,New User
Blinkit,51034600,Sasaram,,647372,2023-04-25,Inactive
Blinkit,76512976,Aligarh,,874947,2024-07-27,New User
Blinkit,119099,Bidar,,692517,2023-08-01,Inactive
Blinkit,84850688,Rohtak,,244403,2024-09-20,Inactive
Blinkit,95971469,Ghaziabad,,609861,2024-09-09,New User
Blinkit,28413467,Kumbakonam,,541139,2024-07-24,New User
Blinkit,45071436,Kolhapur,,311644,2024-10-11,Inactive
Blinkit,99734256,Danapur,,477588,2024-06-04,High Value
Blinkit,14472401,Pudukkottai,,481131,2024-04-30,Frequent Shopper
Blinkit,4606533,Shivpuri,,696982,2024-07-30,High Value
Blinkit,32426778,Jalna,,484917,2024-05-27,Inactive
Blinkit,63802820,Bhiwani,,743207,2023-11-23,Frequent Shopper
Blinkit,24988999,Jaunpur,,72237,2024-05-12,Frequent Shopper
Blinkit,77497950,Malda,,579158,2023-05-14,New User
Blinkit,16424635,Kollam,,607949,2024-10-01,High Value
Blinkit,93127511,Madhyamgram,,850740,2023-08-27,Inactive
Blinkit,88434834,Rajkot,,852789,2023-10-25,High Value
Blinkit,88067569,Sonipat,,288459,2023-12-25,High Value
Blinkit,86294036,Bahraich,,824264,2023-07-13,Inactive
Blinkit,57331847,Bhimavaram,,67085,2023-09-19,Frequent Shopper
Blinkit,45586151,Mahbubnagar,,488450,2023-11-25,Frequent Shopper
Blinkit,11389698,Orai,,153911,2023-06-08,High Value
Blinkit,95018817,Adoni,,112162,2024-06-04,Inactive
Blinkit,29415527,Dindigul,,675974,2024-04-22,Frequent Shopper
Blinkit,64932019,Thanjavur,,936998,2023-10-09,High Value
Blinkit,48418662,Indore,,124809,2024-06-21,High Value
Blinkit,66485571,Rampur,,618561,2023-09-15,Inactive
Blinkit,85658166,Bharatpur,,74399,2024-05-04,New User
Blinkit,20625627,Jammu,,598993,2024-08-10,High Value
Blinkit,72942753,Dewas,,484481,2024-09-09,Frequent Shopper
Blinkit,1624115,Haldia,,487872,2023-10-26,New User
Blinkit,82918668,Gaya,,244426,2024-08-08,Frequent Shopper
Blinkit,85006599,Raiganj,,664694,2024-01-17,Inactive
Blinkit,73727901,Anantapuram,,164307,2024-05-27,High Value
Blinkit,53636086,Howrah,,342729,2023-11-07,High Value
Blinkit,79076101,Uluberia,,998849,2024-01-15,High Value
Blinkit,65660660,Vijayanagaram,,994735,2023-08-04,Frequent Shopper
Blinkit,64162093,Sultan Pur Majra,,818200,2024-04-22,High Value
Blinkit,91243571,Amravati,,937863,2023-12-15,Inactive
Blinkit,22133362,Bulandshahr,,633882,2024-08-31,Inactive
Blinkit,49915498,Katni,,107053,2023-05-19,High Value
Blinkit,38018949,Thiruvananthapuram,,305457,2024-09-04,High Value
Blinkit,93321933,Darbhanga,,381931,2024-03-17,Inactive
Blinkit,10508763,Nadiad,,489551,2023-12-14,High Value
Blinkit,37362180,Purnia,,826795,2023-08-17,Frequent Shopper
Blinkit,8881320,Bahraich,,108657,2024-10-24,Frequent Shopper
Blinkit,25447967,Avadi,,32438,2023-09-04,Frequent Shopper
Blinkit,64197854,Pune,,265134,2023-10-28,Frequent Shopper
Blinkit,34074184,Kolkata,,401130,2024-03-30,New User
Blinkit,95873651,Khammam,,584545,2024-06-02,Inactive
Blinkit,90150193,Amritsar,,665407,2023-07-14,Inactive
Blinkit,39717448,Kolkata,,549114,2023-06-10,New User
Blinkit,63948546,Kolkata,,524266,2024-01-18,Frequent Shopper
Blinkit,9900288,Bardhaman,,536115,2024-01-09,Frequent Shopper
Blinkit,38496400,Salem,,939391,2024-03-25,High Value
Blinkit,27692428,Chittoor,,691326,2024-05-29,Frequent Shopper
Blinkit,65903057,Bhubaneswar,,847572,2023-04-13,Frequent Shopper
Blinkit,43990799,,,282157,2024-02-04,Frequent Shopper
Blinkit,42208242,Firozabad,,518443,2023-11-19,Frequent Shopper
Blinkit,44776601,Sonipat,,94769,2024-05-13,Frequent Shopper
Blinkit,6724509,Sikar,,118585,2023-04-07,New User
Blinkit,59222551,Mehsana,,351341,2023-08-05,Inactive
Blinkit,44888581,Thiruvananthapuram,,359510,2023-03-28,Inactive
Blinkit,96729650,Tiruppur,,543068,2024-05-04,Inactive
Blinkit,39957741,Ambattur,,883836,2023-11-05,Inactive
Blinkit,24104630,Pune,,670567,2024-01-14,High Value
Blinkit,96434674,Kozhikode,,744458,2023-11-30,Inactive
Blinkit,14255231,Asansol,,516962,2023-06-18,Inactive
Blinkit,83412446,Karimnagar,,389792,2023-05-25,Inactive
Blinkit,11493380,Jammu,,767391,2023-04-20,Frequent Shopper
Blinkit,48821170,Siliguri,,187348,2023-10-09,Inactive
Blinkit,19145354,Guwahati,,763240,2023-05-31,Inactive
Blinkit,76830090,Dewas,,292989,2024-04-04,New User
Blinkit,81808190,Morbi,,611142,2023-07-06,Inactive
Blinkit,40986000,Purnia,,59218,2023-10-17,High Value
Blinkit,60495351,Nagpur,,246691,2023-04-24,New User
Blinkit,39261715,Indore,,859748,2023-12-27,High Value
Blinkit,63793401,Kulti,,308708,2024-03-24,Frequent Shopper
Blinkit,27746432,Sultan Pur Majra,,836547,2023-07-29,Inactive
Blinkit,51670882,Belgaum,,352126,2024-09-27,Inactive
Blinkit,61020,Phusro,,345635,2024-07-27,New User
Blinkit,46802633,Mango,,770230,2024-02-18,High Value
Blinkit,63083547,Nagaon,,42216,2023-12-07,Frequent Shopper
Blinkit,17106161,Vijayawada,,758004,2024-05-01,Inactive
Blinkit,54797119,Malegaon,,793140,2023-12-19,High Value
Blinkit,62721353,Mau,,694263,2024-10-12,Frequent Shopper
Blinkit,40587811,Mau,,524929,2023-12-15,Inactive
Blinkit,25520143,Kozhikode,,688637,2024-01-23,New User
Blinkit,81377917,Madurai,,538657,2023-04-23,Inactive
Blinkit,49433260,Aurangabad,,246851,2024-05-20,High Value
Blinkit,40117357,Jhansi,,177718,2023-03-20,New User
Blinkit,81102955,Ratlam,,804911,2024-07-12,High Value
Blinkit,40192266,Shivpuri,,305319,2024-03-04,New User
Blinkit,51669263,Shimla,,625562,2023-09-23,Inactive
Blinkit,85831746,Munger,,536170,2023-09-11,Frequent Shopper
Blinkit,97466783,Vadodara,,977804,2023-04-07,High Value
Blinkit,23982977,Jehanabad,,569461,2023-07-04,New User
Blinkit,79695653,Rohtak,,361030,2023-08-07,Frequent Shopper
Blinkit,83577942,Yamunanagar,,33088,2024-08-11,New User
Blinkit,44149982,Sambalpur,,603400,2023-08-16,New User
Blinkit,46686696,Mahbubnagar,,992012,2024-03-02,High Value
Blinkit,12184293,Panchkula,,249442,2023-06-16,Inactive
Blinkit,19084027,Panihati,,977602,2023-07-30,New User
Blinkit,77559557,Jammu,,639717,2023-08-28,New User
Blinkit,34713143,Raipur,,759217,2024-08-03,High Value
Blinkit,75073623,Meerut,,470494,2024-05-19,New User
Blinkit,12415659,Allahabad,,813277,2024-05-30,New User
Blinkit,5277675,Karnal,,373380,2024-10-22,High Value
Blinkit,81420960,Vijayanagaram,,367446,2023-05-21,Inactive
Blinkit,97144544,Udaipur,,494838,2024-08-13,Frequent Shopper
Blinkit,6856445,Fatehpur,,833987,2024-01-23,New User
Blinkit,70363568,Chittoor,,354549,2023-08-03,New User
Blinkit,10019218,Singrauli,,700999,2023-08-28,New User
Blinkit,12799092,Chinsurah,,817262,2024-05-19,Inactive
Blinkit,12507907,Gopalpur,,978091,2023-11-22,Frequent Shopper
Blinkit,29584848,Dhule,,469757,2024-10-03,High Value
Blinkit,27955158,Kurnool,,950386,2024-03-16,New User
Blinkit,13651980,Alwar,,707169,2023-05-28,Inactive
Blinkit,90246977,Tirupati,,720144,2023-05-05,High Value
Blinkit,91614690,Bokaro,,343492,2023-06-09,High Value
Blinkit,92027021,Khandwa,,61391,2024-10-17,Inactive
Blinkit,11493300,Coimbatore,,144438,2024-07-26,Frequent Shopper
Blinkit,77862447,Coimbatore,,410832,2023-07-14,New User
Blinkit,47503133,Tiruppur,,321850,2024-10-26,Inactive
Blinkit,65745775,Bhimavaram,,293389,2023-12-08,Inactive
Blinkit,89867195,Kolhapur,,216353,2023-10-11,High Value
Blinkit,6247821,Khora,,691869,2023-07-15,Frequent Shopper
Blinkit,73393269,Bhopal,,857535,2024-06-11,Frequent Shopper
Blinkit,48716374,Allahabad,,590658,2023-05-01,High Value
Blinkit,78614729,Avadi,,591291,2024-09-05,New User
Blinkit,20238921,Tadipatri,,602258,2023-09-29,High Value
Blinkit,84066402,Jalna,,684269,2023-10-11,Frequent Shopper
Blinkit,60271325,Kota,,838512,2024-05-08,New User
Blinkit,40692378,Karaikudi,,75343,2024-09-13,New User
Blinkit,469006,Bhubaneswar,,814266,2023-08-21,Inactive
Blinkit,41811800,Bhiwandi,,755202,2023-10-10,Frequent Shopper
Blinkit,87107263,Faridabad,,784029,2024-10-02,Inactive
Blinkit,89619421,Kharagpur,,161282,2023-11-02,High Value
Blinkit,62828341,Bokaro,,460118,2024-06-27,Inactive
Blinkit,55738118,Gurgaon,,163439,2023-12-29,Frequent Shopper
Blinkit,2684440,Kakinada,,574868,2023-09-05,High Value
Blinkit,77811864,Bhavnagar,,829480,2023-09-10,High Value
Blinkit,43052303,Salem,,907571,2023-06-21,High Value
Blinkit,24478397,Nagercoil,,612763,2024-03-28,New User
Blinkit,22846435,Meerut,,358841,2023-07-15,Inactive
Blinkit,32868927,Udaipur,,28876,2023-04-13,New User
Blinkit,88312515,Sambhal,,186946,2024-02-05,Inactive
Blinkit,33741801,Jamshedpur,,626892,2024-01-27,New User
Blinkit,29502852,Asansol,,870715,2024-08-28,New User
Blinkit,75464725,Udupi,,629342,2023-12-02,Inactive
Blinkit,88745052,Bahraich,,583025,2024-04-12,Frequent Shopper
Blinkit,50632192,Sambhal,,846443,2023-03-17,High Value
Blinkit,81655250,Ajmer,,851454,2023-07-04,Frequent Shopper
Blinkit,29858395,Pondicherry,,511481,2024-09-03,Inactive
Blinkit,56572297,,,25613,2024-10-02,Inactive
Blinkit,18140588,Saharanpur,,895444,2024-07-04,Frequent Shopper
Blinkit,74352908,Bhiwani,,653024,2024-03-31,Inactive
Blinkit,37633848,Mumbai,,622019,2023-08-27,High Value
Blinkit,19180962,Bilaspur,,237601,2024-07-05,Inactive
Blinkit,75739462,Gwalior,,756186,2024-06-23,High Value
Blinkit,47926198,Bhilwara,,321001,2024-02-04,Frequent Shopper
Blinkit,57809174,Navi Mumbai,,284807,2024-04-12,High Value
Blinkit,21786873,Tirupati,,297685,2024-03-07,Frequent Shopper
Blinkit,32564478,Katni,,330178,2024-06-24,High Value
Blinkit,41168392,Imphal,,133041,2024-01-10,High Value
Blinkit,40305293,Medininagar,,597677,2024-09-01,Frequent Shopper
Blinkit,91562028,Bhilai,,248694,2024-10-09,Frequent Shopper
Blinkit,5754255,Bally,,547754,2023-11-12,Inactive
Blinkit,73891999,Silchar,,966637,2024-07-22,New User
Blinkit,91500615,Serampore,,557915,2024-07-27,High Value
Blinkit,79742293,Kurnool,,123910,2024-02-11,Frequent Shopper
Blinkit,71902700,Panipat,,91752,2024-02-05,Frequent Shopper
Blinkit,78267238,Secunderabad,,86601,2024-07-07,Inactive
Blinkit,16780752,Nellore,,320804,2023-12-07,High Value
Blinkit,91312072,Katihar,,409142,2024-04-20,Inactive
Blinkit,28458746,Munger,,97442,2023-09-14,New User
Blinkit,57770044,Sirsa,,900627,2023-11-19,Frequent Shopper
Blinkit,2234490,Hajipur,,529202,2024-08-07,High Value
Blinkit,76202036,Varanasi,,620579,2024-03-11,Inactive
Blinkit,45112520,Eluru,,753100,2024-06-30,High Value
Blinkit,30116949,Chinsurah,,981634,2023-08-23,Inactive
Blinkit,16640907,Katni,,632688,2024-10-05,Frequent Shopper
Blinkit,44174426,Hajipur,,133683,2024-07-02,New User
Blinkit,13939675,Bangalore,,960333,2024-04-05,New User
Blinkit,33394166,Hindupur,,78491,2024-10-03,New User
Blinkit,45323391,Mango,,957395,2024-03-24,New User
Blinkit,71411879,Bidar,,363775,2024-10-23,Frequent Shopper
Blinkit,13585482,Ajmer,,800996,2023-07-06,Inactive
Blinkit,40434527,Bhagalpur,,693390,2024-06-27,Inactive
Blinkit,59830126,Gandhinagar,,50816,2024-10-28,New User
Blinkit,12622901,Vijayanagaram,,724988,2024-08-07,Inactive
Blinkit,3897936,Mangalore,,100457,2023-09-26,High Value
Blinkit,48281892,Visakhapatnam,,691199,2023-04-11,New User
Blinkit,33370343,Tinsukia,,893977,2024-07-07,High Value
Blinkit,40877127,Deoghar,,206065,2023-07-31,High Value
Blinkit,75081265,Gandhinagar,,292847,2023-05-04,High Value
Blinkit,92118758,Secunderabad,,856412,2024-01-03,Frequent Shopper
Blinkit,66766629,Motihari,,408735,2024-02-22,New User
Blinkit,89686431,Thrissur,,850478,2024-08-14,Frequent Shopper
Blinkit,88517890,Amroha,,524369,2024-08-14,High Value
Blinkit,69761993,Bally,,661415,2024-08-06,New User
Blinkit,11562458,Motihari,,227726,2023-11-16,Frequent Shopper
Blinkit,57892837,Thoothukudi,,584566,2024-03-22,High Value
Blinkit,85474732,Bettiah,,79025,2024-01-01,High Value
Blinkit,62541176,Karnal,,929796,2024-08-26,New User
Blinkit,31940833,Rewa,,452880,2023-07-31,New User
Blinkit,76212152,Mangalore,,685797,2024-10-11,High Value
Blinkit,42366724,Jaipur,,260071,2023-07-27,Inactive
Blinkit,54619715,,,660842,2024-10-27,Inactive
Blinkit,24896263,Mehsana,,948603,2024-06-21,Frequent Shopper
Blinkit,5700842,Surendranagar Dudhrej,,864006,2024-09-11,Frequent Shopper
Blinkit,73799927,,,580131,2023-04-28,New User
Blinkit,12867472,Tirupati,,307601,2024-10-14,High Value
Blinkit,97315135,Gangtok,,276056,2024-01-03,New User
Blinkit,48150243,Madanapalle,,175880,2023-11-27,Frequent Shopper
Blinkit,19556566,Akola,,937178,2023-11-01,High Value
Blinkit,59240916,Hajipur,,730723,2023-08-19,Inactive
Blinkit,61002154,Nagpur,,276311,2023-06-16,Frequent Shopper
Blinkit,81584486,Panchkula,,87603,2024-01-24,Inactive
Blinkit,41494867,Nadiad,,118940,2023-12-04,New User
Blinkit,75908967,Bidar,,915923,2023-06-03,Frequent Shopper
Blinkit,38902882,Ratlam,,226571,2024-03-10,Inactive
Blinkit,52048413,Jehanabad,,517187,2023-10-04,Inactive
Blinkit,99412119,Sikar,,868483,2024-05-24,New User
Blinkit,47625855,Nagercoil,,918327,2023-05-21,New User
Blinkit,19393135,Kozhikode,,317769,2023-06-11,Frequent Shopper
Blinkit,87669943,Katni,,961518,2023-04-02,Inactive
Blinkit,90586443,Haldia,,46985,2023-08-30,New User
Blinkit,15066187,Kharagpur,,882141,2023-03-19,Frequent Shopper
Blinkit,78806824,Vellore,,408800,2024-01-08,High Value
Blinkit,59110513,Secunderabad,,594217,2023-06-16,Inactive
Blinkit,64823226,Vijayanagaram,,611999,2023-04-08,High Value
Blinkit,49529811,Arrah,,945135,2024-05-16,Frequent Shopper
Blinkit,18199057,Raebareli,,908599,2023-05-30,Inactive
Blinkit,17805991,Kishanganj,,819317,2024-05-09,New User
Blinkit,56441247,Nashik,,27074,2024-06-02,High Value
Blinkit,91228580,Erode,,627586,2024-05-29,Frequent Shopper
Blinkit,35435896,Uluberia,,920849,2023-09-08,High Value
Blinkit,6867315,Haridwar,,194966,2024-08-31,High Value
Blinkit,54837637,Jalgaon,,478461,2023-09-01,Frequent Shopper
Blinkit,76257013,Cuttack,,643300,2023-08-02,New User
Blinkit,11478478,Guwahati,,955878,2023-10-31,Inactive
Blinkit,91347159,Patna,,1281,2024-06-23,High Value
Blinkit,6982488,Saharanpur,,584733,2024-01-11,New User
Blinkit,38327793,Durgapur,,506488,2024-05-04,Inactive
Blinkit,64722323,Jammu,,61375,2023-05-14,New User
Blinkit,19523856,Kochi,,468885,2023-11-02,High Value
Blinkit,8628482,Buxar,,419317,2023-12-30,New User
Blinkit,58979427,Ramgarh,,771132,2024-01-22,High Value
Blinkit,26716400,Farrukhabad,,89227,2023-07-12,High Value
Blinkit,89998489,Madhyamgram,,332156,2024-10-26,High Value
Blinkit,15808945,Amravati,,890545,2024-04-10,New User
Blinkit,60728956,Bijapur,,785737,2023-06-26,High Value
Blinkit,25430839,Panvel,,853871,2023-09-15,New User
Blinkit,80935110,Bhagalpur,,983869,2023-07-14,Frequent Shopper
Blinkit,70965437,Darbhanga,,361355,2024-03-22,Inactive
Blinkit,53557741,,,407375,2024-10-30,Inactive
Blinkit,12832151,Kochi,,509489,2023-07-12,Inactive
Blinkit,188838,Katihar,,566155,2024-07-16,Inactive
Blinkit,56780331,Sultan Pur Majra,,980372,2024-04-18,High Value
Blinkit,43574734,Begusarai,,537609,2024-05-11,New User
Blinkit,53392567,Avadi,,227395,2024-04-16,Frequent Shopper
Blinkit,20310720,Dehri,,37268,2023-04-03,Frequent Shopper
Blinkit,59427862,Tiruchirappalli,,149001,2024-10-10,High Value
Blinkit,99695529,South Dumdum,,159869,2023-04-11,New User
Blinkit,1134585,Bhatpara,,553914,2024-02-06,Frequent Shopper
Blinkit,65488134,Dehri,,187467,2023-04-28,New User
Blinkit,96461062,Dehradun,,683470,2023-05-29,Frequent Shopper
Blinkit,57637943,Mau,,693916,2024-03-13,High Value
Blinkit,49371494,Arrah,,542949,2023-12-14,Frequent Shopper
Blinkit,75038062,Kumbakonam,,554021,2024-05-18,New User
Blinkit,17299810,Gorakhpur,,344807,2024-03-04,New User
Blinkit,82032191,Tiruvottiyur,,326010,2024-02-20,New User
Blinkit,52417972,Raiganj,,51637,2024-03-06,New User
Blinkit,9049965,Sikar,,224637,2024-04-03,New User
Blinkit,70420271,Bhilai,,913157,2023-12-09,New User
Blinkit,19536688,Ujjain,,881065,2023-09-19,New User
Blinkit,72359843,Katni,,739018,2024-09-24,High Value
Blinkit,9981089,Panchkula,,188765,2023-10-05,High Value
Blinkit,62510499,Khora,,711088,2024-08-14,High Value
Blinkit,34835738,Udupi,,891610,2023-08-13,High Value
Blinkit,9641623,Junagadh,,322889,2023-09-23,High Value
Blinkit,60275891,Nagaon,,419201,2024-10-01,Frequent Shopper
Blinkit,78750264,Pali,,192232,2024-09-19,Inactive
Blinkit,18986315,Katni,,277814,2023-04-05,High Value
Blinkit,10945990,Dibrugarh,,193503,2024-03-25,New User
Blinkit,1601161,Nandyal,,562508,2024-05-24,Inactive
Blinkit,6390687,Aizawl,,733851,2024-08-23,Frequent Shopper
Blinkit,63092485,Bathinda,,231756,2024-06-23,High Value
Blinkit,38244021,Bhubaneswar,,223908,2024-04-22,Inactive
Blinkit,44859592,Gandhinagar,,826520,2023-10-05,New User
Blinkit,87984862,Nanded,,447524,2023-11-21,High Value
Blinkit,86067293,,,230889,2023-06-07,Inactive
Blinkit,41164215,Malda,,907316,2023-03-23,High Value
Blinkit,46025543,Bhubaneswar,,928642,2023-11-25,High Value
Blinkit,33481252,Medininagar,,51896,2024-08-18,High Value
Blinkit,68692574,Kanpur,,841899,2024-08-07,Inactive
Blinkit,34839913,Bhiwandi,,552859,2024-08-12,Frequent Shopper
Blinkit,88923048,Phusro,,64983,2024-07-23,High Value
Blinkit,21201299,Bhusawal,,383439,2024-05-27,New User
Blinkit,34281470,Silchar,,963652,2024-01-10,High Value
Blinkit,72576730,Jaunpur,,734650,2024-02-17,Frequent Shopper
Blinkit,90856813,Bharatpur,,498623,2024-10-05,Frequent Shopper
Blinkit,81500385,Naihati,,51633,2023-11-05,New User
Blinkit,22974816,Kishanganj,,182024,2024-01-08,High Value
Blinkit,20496835,Karnal,,476814,2023-12-01,New User
Blinkit,38549299,Phagwara,,880031,2023-08-14,Frequent Shopper
Blinkit,78014505,Davanagere,,798846,2023-04-09,New User
Blinkit,64940409,Jammu,,546100,2024-09-06,Inactive
Blinkit,30042971,Sasaram,,416519,2024-10-12,Frequent Shopper
Blinkit,74682740,Howrah,,875966,2024-06-17,Frequent Shopper
Blinkit,84824280,Bihar Sharif,,989821,2024-05-09,Inactive
Blinkit,85907588,Sikar,,639737,2024-03-13,Inactive
Blinkit,6637282,Bhavnagar,,140071,2023-10-31,Inactive
Blinkit,21432404,Morena,,144309,2024-02-15,Inactive
Blinkit,87954926,Srikakulam,,181111,2024-02-07,High Value
Blinkit,29941225,Rajahmundry,,556077,2024-06-25,High Value
Blinkit,68906393,Maheshtala,,278297,2024-06-13,Frequent Shopper
Blinkit,94486311,Firozabad,,320760,2023-08-17,New User
Blinkit,28221067,Muzaffarpur,,119724,2024-10-21,Frequent Shopper
Blinkit,3872421,Uluberia,,973220,2023-07-06,High Value
Blinkit,77921718,Bareilly,,368568,2023-11-21,High Value
Blinkit,6187807,Jalgaon,,921070,2023-08-24,New User
Blinkit,96795047,Morena,,679019,2024-05-03,New User
Blinkit,44198187,Salem,,234734,2024-03-16,Frequent Shopper
Blinkit,94730288,Vadodara,,721290,2023-07-04,Frequent Shopper
Blinkit,49769532,Berhampore,,677659,2023-05-25,High Value
Blinkit,93730857,,,840019,2024-03-11,High Value
Blinkit,51556553,Fatehpur,,187126,2024-02-05,High Value
Blinkit,22253483,Faridabad,,115807,2023-09-27,Inactive
Blinkit,4438410,Kanpur,,368597,2024-10-17,Inactive
Blinkit,44410149,Saharsa,,600152,2023-05-18,New User
Blinkit,3282647,Lucknow,,736234,2024-01-15,High Value
Blinkit,69340015,Phagwara,,314322,2023-10-31,High Value
Blinkit,29600229,Visakhapatnam,,402619,2024-01-14,Inactive
Blinkit,89886179,Howrah,,816353,2024-02-10,Inactive
Blinkit,12077371,Gopalpur,,368657,2023-10-09,High Value
Blinkit,84216691,Shahjahanpur,,630561,2023-03-26,Inactive
Blinkit,90666073,Hajipur,,286455,2023-12-10,Inactive
Blinkit,21577948,Tiruvottiyur,,767957,2023-11-02,New User
Blinkit,32635818,Thrissur,,270937,2024-03-16,Frequent Shopper
Blinkit,98444183,Bidar,,503518,2024-02-04,Frequent Shopper
Blinkit,43047341,Giridih,,277120,2023-09-19,Frequent Shopper
Blinkit,52617081,Solapur,,785466,2024-07-31,Inactive
Blinkit,60371334,Sikar,,250315,2023-05-05,Inactive
Blinkit,34425723,Singrauli,,247144,2023-09-10,Frequent Shopper
Blinkit,64298209,Kulti,,426661,2023-06-15,Frequent Shopper
Blinkit,85518832,Sagar,,740506,2023-07-26,High Value
Blinkit,42432226,Tumkur,,337198,2023-08-03,High Value
Blinkit,50953418,Korba,,309093,2023-03-27,Frequent Shopper
Blinkit,52428250,Rajahmundry,,841456,2023-09-11,New User
Blinkit,60210778,Bhiwani,,841574,2024-04-14,Frequent Shopper
Blinkit,92209869,Dharmavaram,,680194,2023-10-03,Frequent Shopper
Blinkit,46828932,Nandyal,,878564,2023-04-30,High Value
Blinkit,83304462,Ghaziabad,,121929,2024-01-26,High Value
Blinkit,46875863,Purnia,,158018,2023-10-14,Frequent Shopper
Blinkit,36774480,Berhampur,,492281,2024-09-15,Frequent Shopper
Blinkit,18896771,Darbhanga,,350815,2023-05-17,Inactive
Blinkit,89669139,Moradabad,,775702,2023-03-19,High Value
Blinkit,81337068,Tadipatri,,958921,2024-01-28,Frequent Shopper
Blinkit,75082508,Bhavnagar,,757007,2024-01-10,High Value
Blinkit,84847500,Mysore,,856982,2024-08-01,Inactive
Blinkit,79942821,Allahabad,,776819,2023-09-05,High Value
Blinkit,62679120,Panchkula,,229431,2024-09-03,Frequent Shopper
Blinkit,54850870,Belgaum,,645655,2024-04-14,New User
Blinkit,50105174,Gorakhpur,,426543,2023-09-08,High Value
Blinkit,45700739,Jorhat,,717476,2024-08-07,Inactive
Blinkit,25081012,Davanagere,,218441,2023-12-24,New User
Blinkit,57566548,Rohtak,,898935,2023-05-04,Frequent Shopper
Blinkit,49449238,Gorakhpur,,120070,2024-06-28,Inactive
Blinkit,31156674,Bettiah,,457035,2024-04-07,Inactive
Blinkit,50088518,Gorakhpur,,225890,2023-05-16,Frequent Shopper
Blinkit,75836905,Muzaffarnagar,,444579,2023-12-07,Inactive
Blinkit,86487478,Jaipur,,955200,2024-01-09,High Value
Blinkit,93370787,Panvel,,701319,2024-10-16,New User
Blinkit,16400639,Arrah,,759756,2023-09-03,High Value
Blinkit,87943214,Gandhinagar,,167479,2024-09-02,Inactive
Blinkit,21409946,Guna,,472226,2024-03-22,Inactive
Blinkit,56604077,Bettiah,,596688,2024-01-11,Frequent Shopper
Blinkit,88571088,Bongaigaon,,578313,2024-10-16,Inactive
Blinkit,54099929,Shimoga,,132415,2023-10-22,New User
Blinkit,68714053,Kolkata,,861394,2024-07-19,New User
Blinkit,5751638,Sri Ganganagar,,589333,2024-09-11,New User
Blinkit,43431724,Jhansi,,217110,2023-11-26,New User
Blinkit,81136091,Bijapur,,578739,2024-03-27,Frequent Shopper
Blinkit,38671747,Medininagar,,758751,2023-11-05,New User
Blinkit,23095784,Kottayam,,360468,2023-05-30,High Value
Blinkit,91291123,Latur,,598689,2024-02-10,New User
Blinkit,10729474,Rourkela,,14994,2023-10-19,New User
Blinkit,96373206,Deoghar,,996221,2023-06-24,Frequent Shopper
Blinkit,93198324,Jamshedpur,,196294,2023-11-19,Inactive
Blinkit,95590889,Mysore,,916972,2023-06-23,Inactive
Blinkit,85177880,Ahmedabad,,285240,2024-01-27,Frequent Shopper
Blinkit,10524732,Bhopal,,134704,2023-11-16,Frequent Shopper
Blinkit,22931642,Anantapur,,346553,2024-10-03,New User
Blinkit,5901440,Mehsana,,719965,2024-05-16,High Value
Blinkit,6617417,Rajahmundry,,279112,2024-10-08,Inactive
Blinkit,92306841,Satara,,778285,2024-02-09,New User
Blinkit,89361574,Jhansi,,925948,2023-10-20,Frequent Shopper
Blinkit,93723634,Madurai,,952930,2023-03-16,High Value
Blinkit,75490147,Farrukhabad,,404379,2023-03-17,Inactive
Blinkit,45650429,,,306054,2023-03-30,High Value
Blinkit,59323931,Allahabad,,703311,2024-08-24,Inactive
Blinkit,77397957,Danapur,,754911,2024-02-14,New User
Blinkit,23976957,Gudivada,,928742,2023-08-31,New User
Blinkit,70543108,Bhatpara,,573783,2024-09-20,Frequent Shopper
Blinkit,20689141,Surat,,687107,2024-05-25,High Value
Blinkit,72797139,Ambarnath,,722930,2023-07-17,Frequent Shopper
Blinkit,75467328,Nagercoil,,966869,2023-04-07,Inactive
Blinkit,69276352,Delhi,,458924,2023-05-20,Inactive
Blinkit,39876773,,,336281,2024-10-21,High Value
Blinkit,36998375,Proddatur,,153951,2024-05-29,Inactive
Blinkit,97185284,Siliguri,,888357,2023-11-07,Frequent Shopper
Blinkit,23126356,Raiganj,,28548,2024-05-29,Inactive
Blinkit,93803038,Katihar,,929834,2024-10-14,High Value
Blinkit,1697604,Chennai,,743452,2023-07-24,Frequent Shopper
Blinkit,53332493,Gulbarga,,54821,2023-06-30,New User
Blinkit,35812567,Hazaribagh,,668122,2024-06-25,Frequent Shopper
Blinkit,74172010,Ballia,,216145,2023-05-08,Inactive
Blinkit,89157395,Deoghar,,783489,2024-09-28,High Value
Blinkit,79991320,Buxar,,316134,2024-03-25,New User
Blinkit,15568831,Madanapalle,,598277,2023-10-06,High Value
Blinkit,46563355,,,295136,2024-02-15,High Value
Blinkit,9278983,Guwahati,,566507,2024-02-23,Inactive
Blinkit,70168151,Ahmedabad,,336495,2024-09-17,Frequent Shopper
Blinkit,96149069,Ambala,,900241,2024-05-13,Frequent Shopper
Blinkit,22822088,Kottayam,,748122,2023-08-05,New User
Blinkit,1449273,Mathura,,562307,2023-12-06,New User
Blinkit,97388817,Kolkata,,522694,2024-06-16,Frequent Shopper
Blinkit,18567760,Medininagar,,321200,2024-05-28,Frequent Shopper
Blinkit,12695670,Ahmedabad,,7202,2023-09-25,High Value
Blinkit,33871107,North Dumdum,,837790,2024-11-02,Inactive
Blinkit,49869358,Vadodara,,13634,2024-05-03,Frequent Shopper
Blinkit,96806748,Rajkot,,752668,2024-10-19,New User
Blinkit,82948843,Jalna,,672485,2023-05-17,Frequent Shopper
Blinkit,79866758,Bhiwani,,912239,2023-04-13,Inactive
Blinkit,9335625,Purnia,,194689,2024-07-27,High Value
Blinkit,28876580,Srikakulam,,638995,2023-12-18,Inactive
Blinkit,91768226,Danapur,,706055,2023-11-09,Frequent Shopper
Blinkit,56457995,Kurnool,,306136,2024-01-01,Inactive
Blinkit,23844919,Ichalkaranji,,632415,2024-07-25,Frequent Shopper
Blinkit,81088747,Bettiah,,941766,2024-06-14,Frequent Shopper
Blinkit,85854265,Nashik,,772253,2024-06-07,High Value
Blinkit,73363613,Mau,,173439,2023-04-14,High Value
Blinkit,64141971,Machilipatnam,,554679,2023-06-20,High Value
Blinkit,70867736,Jamnagar,,596147,2024-05-29,High Value
Blinkit,52678787,Kolhapur,,187842,2024-01-29,New User
Blinkit,27586115,Karnal,,145067,2023-11-25,Inactive
Blinkit,92404798,Salem,,222676,2023-03-29,New User
Blinkit,55170753,Mango,,951611,2024-05-27,Inactive
Blinkit,19182548,Bhiwani,,783411,2023-03-22,Frequent Shopper
Blinkit,67701771,Jhansi,,928001,2023-11-14,High Value
Blinkit,75828735,Sri Ganganagar,,717189,2023-05-05,New User
Blinkit,2219590,Jamalpur,,116736,2024-09-24,Frequent Shopper
Blinkit,64497538,Mysore,,753834,2024-01-05,High Value
Blinkit,48033969,Panipat,,320524,2023-08-16,High Value
Blinkit,67708491,Srinagar,,872616,2024-10-12,Inactive
Blinkit,80858127,Alappuzha,,114778,2024-08-01,High Value
Blinkit,28280172,Bhopal,,711598,2023-06-19,High Value
Blinkit,6398761,Eluru,,350456,2024-08-10,Inactive
Blinkit,69749541,Adoni,,316215,2023-06-06,High Value
Blinkit,57474553,Tadepalligudem,,441368,2023-09-06,Frequent Shopper
Blinkit,37551429,Noida,,773280,2023-03-22,Frequent Shopper
Blinkit,949062,Mangalore,,106228,2023-10-13,Inactive
Blinkit,74174956,Eluru,,254231,2024-09-26,Frequent Shopper
Blinkit,55007963,Haridwar,,52382,2023-08-30,New User
Blinkit,64017365,Malda,,130657,2024-05-22,High Value
Blinkit,26199489,Singrauli,,555849,2024-07-15,Inactive
Blinkit,7288562,Faridabad,,868197,2023-06-14,New User
Blinkit,78394303,Belgaum,,740219,2023-07-31,Inactive
Blinkit,43518622,Pudukkottai,,694453,2024-05-20,Frequent Shopper
Blinkit,60967677,Ambarnath,,938373,2023-05-03,High Value
Blinkit,35144658,Dhule,,256023,2024-01-27,High Value
Blinkit,37054866,Mangalore,,224009,2024-04-30,Frequent Shopper
Blinkit,3100301,Orai,,892652,2023-06-19,New User
Blinkit,62194279,Bhilwara,,676770,2023-09-29,High Value
Blinkit,43599910,Jodhpur,,529673,2024-10-03,High Value
Blinkit,36222767,Indore,,124336,2023-05-12,Inactive
Blinkit,91320466,Yamunanagar,,776068,2023-10-15,High Value
Blinkit,30468930,Bhiwani,,478625,2024-05-24,Frequent Shopper
Blinkit,45503888,Anand,,813444,2023-05-18,High Value
Blinkit,85340038,Noida,,355666,2023-08-17,High Value
Blinkit,13796199,Unnao,,8504,2023-05-04,Frequent Shopper
Blinkit,10769994,Siwan,,766033,2023-05-07,Frequent Shopper
Blinkit,65406127,Nanded,,460669,2024-06-15,High Value
Blinkit,8383197,Mirzapur,,621192,2023-10-17,New User
Blinkit,8384106,Tadipatri,,42350,2023-08-03,High Value
Blinkit,27698051,Nangloi Jat,,229507,2023-07-30,High Value
Blinkit,56352626,Haridwar,,219851,2023-06-29,Frequent Shopper
Blinkit,41194825,Raipur,,711877,2023-10-26,Frequent Shopper
Blinkit,62526567,Hosur,,521820,2023-07-01,High Value
Blinkit,67277562,Bhiwandi,,721656,2023-11-20,Inactive
Blinkit,48228547,Bijapur,,248566,2024-07-13,Inactive
Blinkit,36578947,Dindigul,,68770,2023-04-08,New User
Blinkit,21701991,Kota,,296322,2023-10-05,New User
Blinkit,20469626,Ahmedabad,,304902,2023-12-26,Frequent Shopper
Blinkit,20314691,Tenali,,349141,2024-07-17,Inactive
Blinkit,91778474,Jammu,,968102,2024-02-25,Frequent Shopper
Blinkit,83964902,Latur,,569130,2023-11-10,Frequent Shopper
Blinkit,92455970,Tenali,,772301,2024-06-13,Inactive
Blinkit,52001314,Raiganj,,492160,2024-04-14,High Value
Blinkit,72917958,Satara,,261102,2023-12-19,New User
Blinkit,88739922,Pune,,138588,2024-03-27,Frequent Shopper
Blinkit,59297955,Rajahmundry,,182135,2024-02-26,High Value
Blinkit,99490786,Suryapet,,47845,2023-09-23,New User
Blinkit,54877984,Kolhapur,,784114,2023-05-09,Inactive
Blinkit,62243869,Tiruchirappalli,,430535,2024-09-24,High Value
Blinkit,19067680,Sultan Pur Majra,,608152,2023-12-29,New User
Blinkit,61753272,Bhubaneswar,,81264,2024-08-20,New User
Blinkit,34567918,Jalna,,550475,2024-10-09,Inactive
Blinkit,20163931,Sultan Pur Majra,,918590,2024-08-05,Frequent Shopper
Blinkit,69088723,Kolhapur,,547704,2024-10-12,New User
Blinkit,27620326,Dhule,,129682,2024-07-17,Frequent Shopper
Blinkit,71321741,Bhatpara,,205275,2024-02-27,Frequent Shopper
Blinkit,10855630,Nellore,,39724,2024-06-03,High Value
Blinkit,24137201,Dehri,,228579,2024-09-22,New User
Blinkit,31776996,Ongole,,643542,2024-04-13,New User
Blinkit,48167795,Thanjavur,,567196,2023-11-28,New User
Blinkit,62419778,Medininagar,,657089,2024-08-23,High Value
Blinkit,75510747,Adoni,,186578,2024-03-18,New User
Blinkit,99406165,Sri Ganganagar,,361264,2024-01-12,High Value
Blinkit,84572019,Bally,,643739,2023-11-15,Inactive
Blinkit,70391758,Morbi,,246888,2023-06-09,High Value
Blinkit,5135207,Gurgaon,,383404,2023-08-24,High Value
Blinkit,60834500,Bokaro,,487840,2024-10-28,Inactive
Blinkit,96629034,Nanded,,769553,2024-04-27,High Value
Blinkit,5418547,,,122989,2023-08-27,Frequent Shopper
Blinkit,32540616,Fatehpur,,40785,2024-03-21,New User
Blinkit,70798876,Nagercoil,,639571,2024-10-04,New User
Blinkit,79895967,Ramgarh,,715090,2024-05-05,Frequent Shopper
Blinkit,44477365,Thanjavur,,517368,2024-07-08,Frequent Shopper
Blinkit,72889295,Raichur,,545125,2024-05-07,New User
Blinkit,66886852,Ratlam,,953555,2024-03-24,Inactive
Blinkit,9195970,Jalandhar,,785030,2024-06-21,New User
Blinkit,60049160,Panvel,,815342,2023-09-10,New User
Blinkit,61522288,Ballia,,828461,2023-07-02,New User
Blinkit,90448312,Sambalpur,,753285,2024-05-21,Inactive
Blinkit,86748343,Morbi,,916917,2024-03-10,High Value
Blinkit,91791128,Patna,,48642,2024-03-18,Frequent Shopper
Blinkit,57548210,Korba,,401443,2024-09-29,Inactive
Blinkit,5369136,Eluru,,927996,2024-09-11,Frequent Shopper
Blinkit,54038173,Bally,,987434,2023-11-24,High Value
Blinkit,67528368,Rajpur Sonarpur,,173070,2023-04-16,High Value
Blinkit,25981385,Karaikudi,,361736,2023-10-07,New User
Blinkit,10088428,Bhiwandi,,155215,2024-01-16,High Value
Blinkit,57833505,Nagercoil,,805070,2024-01-10,New User
Blinkit,69416782,Farrukhabad,,48895,2024-06-21,Frequent Shopper
Blinkit,2114782,Gulbarga,,803955,2023-05-29,High Value
Blinkit,40323385,Bhiwandi,,451907,2023-11-17,Frequent Shopper
Blinkit,2414265,Solapur,,6805,2023-10-19,New User
Blinkit,21626705,Kolhapur,,420577,2023-11-27,High Value
Blinkit,8351747,Phusro,,186763,2024-09-13,Frequent Shopper
Blinkit,67046342,Gulbarga,,38403,2023-09-11,New User
Blinkit,6344788,Nagpur,,879635,2024-02-15,High Value
Blinkit,625395,Jamalpur,,645207,2024-03-27,High Value
Blinkit,33533919,Jhansi,,777861,2024-10-22,New User
Blinkit,58974323,Vijayanagaram,,526621,2024-06-12,New User
Blinkit,10686446,Coimbatore,,182979,2023-07-05,New User
Blinkit,5228136,Naihati,,314449,2024-09-30,High Value
Blinkit,81046421,Phagwara,,657178,2024-05-03,Inactive
Blinkit,13494314,Coimbatore,,741973,2023-06-16,High Value
Blinkit,19091057,Bulandshahr,,471587,2024-03-15,Frequent Shopper
Blinkit,65963876,Nizamabad,,830494,2024-05-20,New User
Blinkit,48765625,Morbi,,352264,2024-03-13,Inactive
Blinkit,12500465,Shimoga,,368657,2023-10-05,High Value
Blinkit,68703613,Phagwara,,939188,2023-11-26,Inactive
Blinkit,48284116,Jabalpur,,278326,2024-02-02,Inactive
Blinkit,773410,Bijapur,,906115,2023-06-25,New User
Blinkit,32929817,Aligarh,,339447,2024-08-26,Frequent Shopper
Blinkit,83298567,Khandwa,,149383,2024-10-02,High Value
Blinkit,97509888,Kadapa,,987744,2024-06-09,Inactive
Blinkit,31324823,Varanasi,,277910,2023-09-16,New User
Blinkit,60319216,Buxar,,780127,2023-08-25,High Value
Blinkit,94552818,Gwalior,,862794,2024-01-14,Inactive
Blinkit,16410708,Barasat,,629553,2024-10-14,Frequent Shopper
Blinkit,84848018,,,275189,2023-06-26,Frequent Shopper
Blinkit,31569754,Gulbarga,,556983,2024-02-02,Frequent Shopper
Blinkit,31384626,Thiruvananthapuram,,65311,2024-06-13,Frequent Shopper
Blinkit,98307019,Sambhal,,351499,2024-10-16,New User
Blinkit,55733729,Kamarhati,,200968,2024-07-13,High Value
Blinkit,80269862,Bokaro,,725705,2024-10-17,High Value
Blinkit,90586029,New Delhi,,792664,2024-07-30,Frequent Shopper
Blinkit,4594944,Dibrugarh,,599557,2024-03-26,Inactive
Blinkit,78209683,Bidar,,441254,2024-02-13,High Value
Blinkit,34588087,Chandigarh,,385345,2023-05-16,New User
Blinkit,77614510,Eluru,,615594,2023-03-28,Inactive
Blinkit,35455991,Cuttack,,504712,2023-04-02,New User
Blinkit,99714944,Guntur,,920070,2023-10-01,New User
Blinkit,63870636,Mango,,349728,2023-04-29,High Value
Blinkit,55936462,Siwan,,622771,2023-04-24,New User
Blinkit,211163,Jhansi,,50152,2024-06-10,Frequent Shopper
Blinkit,77618011,Tenali,,207673,2024-05-16,Inactive
Blinkit,82700270,Gudivada,,701245,2024-08-17,New User
Blinkit,41181125,Rewa,,277988,2023-06-14,New User
Blinkit,14458150,Buxar,,867424,2024-07-30,High Value
Blinkit,68965787,Bhimavaram,,571328,2024-10-09,High Value
Blinkit,10951674,Kulti,,284622,2023-04-23,Inactive
Blinkit,15345667,Bijapur,,750467,2023-08-29,High Value
Blinkit,8457972,Medininagar,,187523,2024-02-04,New User
Blinkit,57207678,Rohtak,,347833,2024-08-08,New User
Blinkit,64151769,Purnia,,33453,2024-05-02,New User
Blinkit,16786161,Patiala,,658428,2023-11-21,Inactive
Blinkit,6992801,Bhiwandi,,318377,2023-06-03,High Value
Blinkit,92091019,Jamalpur,,943347,2023-09-13,Frequent Shopper
Blinkit,14519263,Parbhani,,270755,2024-06-21,High Value
Blinkit,79169760,Bharatpur,,233710,2024-09-12,New User
Blinkit,63238941,Guntur,,778124,2024-03-11,Frequent Shopper
Blinkit,9551011,Ahmednagar,,648770,2023-04-10,Inactive
Blinkit,13581527,Pudukkottai,,786331,2024-06-01,New User
Blinkit,57523973,Tiruvottiyur,,254066,2023-09-26,New User
Blinkit,68941950,Mirzapur,,856620,2024-07-02,New User
Blinkit,97141762,Pune,,841879,2024-07-28,Frequent Shopper
Blinkit,2558646,Kavali,,516102,2024-11-01,High Value
Blinkit,61121421,Tadepalligudem,,173820,2024-01-17,New User
Blinkit,23380116,Loni,,616737,2024-05-07,New User
Blinkit,78961097,Aizawl,,387337,2024-04-26,Inactive
Blinkit,11202130,Lucknow,,854285,2023-11-28,High Value
Blinkit,8955057,Tirupati,,613585,2024-10-12,Frequent Shopper
Blinkit,22112867,Anand,,609126,2024-08-02,Frequent Shopper
Blinkit,5607734,Khandwa,,260720,2024-09-01,High Value
Blinkit,98016334,Thrissur,,326443,2024-08-19,Frequent Shopper
Blinkit,61024977,Farrukhabad,,509584,2024-03-05,New User
Blinkit,40727086,Akola,,113784,2024-01-05,New User
Blinkit,96109948,Kakinada,,528740,2023-08-12,Inactive
Blinkit,71176678,Gwalior,,103327,2024-05-05,Frequent Shopper
Blinkit,16547602,Gangtok,,216025,2023-04-19,Inactive
Blinkit,37379797,Kishanganj,,627760,2024-08-24,Inactive
Blinkit,37926207,Bettiah,,877706,2023-09-02,New User
Blinkit,63451391,Bhatpara,,477087,2024-03-26,High Value
Blinkit,62629494,Nizamabad,,597801,2024-09-13,High Value
Blinkit,13871547,Barasat,,626053,2023-06-17,High Value
Blinkit,1507408,Firozabad,,478862,2024-03-21,Inactive
Blinkit,3638834,Morbi,,563073,2023-07-08,High Value
Blinkit,32054313,Gandhidham,,537597,2024-10-03,Frequent Shopper
Blinkit,97678578,Mathura,,214414,2024-06-15,Frequent Shopper
Blinkit,75028268,Tadepalligudem,,412117,2023-11-13,Inactive
Blinkit,59930550,Kulti,,661359,2024-04-22,Inactive
Blinkit,23567263,Ambattur,,96950,2024-08-11,New User
Blinkit,65570302,Kirari Suleman Nagar,,918933,2024-10-11,Inactive
Blinkit,94529626,Purnia,,762221,2023-12-06,New User
Blinkit,54338574,Indore,,515677,2023-08-09,High Value
Blinkit,14006996,Akola,,998569,2023-07-31,Inactive
Blinkit,88324928,Panvel,,137999,2023-03-19,Frequent Shopper
Blinkit,77128325,Amravati,,833563,2023-08-05,Frequent Shopper
Blinkit,44562310,Srikakulam,,439591,2024-06-29,Inactive
Blinkit,32809328,Alappuzha,,117692,2024-02-09,High Value
Blinkit,37288781,,,355069,2023-08-04,New User
Blinkit,35049420,Nagpur,,720562,2023-03-25,Frequent Shopper
Blinkit,10789681,Salem,,22922,2023-06-28,Frequent Shopper
Blinkit,67918495,Kadapa,,878680,2023-10-28,Inactive
Blinkit,2667357,Rajkot,,819570,2024-06-13,High Value
Blinkit,7728406,Ujjain,,684048,2024-01-10,Inactive
Blinkit,77961205,Jabalpur,,921503,2023-06-27,High Value
Blinkit,28995786,Gandhidham,,985614,2024-10-02,Inactive
Blinkit,74762653,Raurkela Industrial Township,,58056,2024-01-22,High Value
Blinkit,93563435,Erode,,854006,2024-08-28,New User
Blinkit,66768157,Jorhat,,131116,2023-09-04,Inactive
Blinkit,98625898,Bhatpara,,355567,2023-10-17,High Value
Blinkit,24107959,Pune,,978633,2024-07-08,Frequent Shopper
Blinkit,27824078,Rourkela,,664273,2024-09-15,Inactive
Blinkit,97174235,Cuttack,,157060,2024-08-05,Frequent Shopper
Blinkit,28394354,Jorhat,,269616,2024-03-31,Frequent Shopper
Blinkit,29689766,,,243885,2023-03-20,New User
Blinkit,44589829,Tirunelveli,,110593,2023-09-25,Frequent Shopper
Blinkit,6959437,Gaya,,293835,2024-07-25,High Value
Blinkit,28173165,Jhansi,,743644,2023-08-09,Inactive
Blinkit,46564935,Chennai,,645064,2024-02-27,Inactive
Blinkit,77007315,Panchkula,,867852,2023-11-05,High Value
Blinkit,64403005,Chandrapur,,847487,2024-07-03,New User
Blinkit,28277304,Bhalswa Jahangir Pur,,159776,2024-02-14,Inactive
Blinkit,38568692,Bally,,658648,2023-12-06,New User
Blinkit,90299101,Secunderabad,,567715,2024-06-24,Frequent Shopper
Blinkit,77086539,Sagar,,813233,2024-05-14,New User
Blinkit,16341776,Aurangabad,,60359,2023-07-16,New User
Blinkit,62868582,Karawal Nagar,,253211,2024-04-04,New User
Blinkit,16435594,Kharagpur,,848945,2024-10-11,High Value
Blinkit,24337950,Rajkot,,17750,2023-04-26,Inactive
Blinkit,38728779,Surat,,648636,2024-02-24,Frequent Shopper
Blinkit,3483295,Rajahmundry,,632918,2024-03-08,Inactive
Blinkit,67908555,Bhopal,,757455,2023-04-21,New User
Blinkit,45028365,Dehradun,,418635,2023-11-06,Frequent Shopper
Blinkit,19216141,Tinsukia,,829446,2023-05-14,High Value
Blinkit,47590944,Nagercoil,,185673,2023-07-12,New User
Blinkit,72415263,Giridih,,624264,2023-05-29,Frequent Shopper
Blinkit,97873848,Sasaram,,764984,2023-10-23,Frequent Shopper
Blinkit,81541985,Latur,,221829,2023-04-30,Frequent Shopper
Blinkit,57213543,Bilaspur,,595160,2024-10-30,Frequent Shopper
Blinkit,60620291,Bhusawal,,201870,2023-05-01,Frequent Shopper
Blinkit,34655710,Katni,,161040,2024-09-16,Inactive
Blinkit,58415368,Ramagundam,,603119,2024-05-29,New User
Blinkit,67402645,Alappuzha,,737896,2023-03-25,Inactive
Blinkit,2903620,Tiruvottiyur,,495945,2024-05-11,New User
Blinkit,58115779,Alwar,,779863,2024-07-27,Frequent Shopper
Blinkit,40055711,Dhanbad,,415727,2024-09-23,Inactive
Blinkit,9419030,Ambala,,657231,2024-03-11,Inactive
Blinkit,75244116,Malda,,112503,2023-10-09,Inactive
Blinkit,2566268,Karimnagar,,644861,2023-12-04,High Value
Blinkit,24496983,Ajmer,,185526,2023-12-04,Frequent Shopper
Blinkit,7378768,Madurai,,671584,2023-05-20,New User
Blinkit,33544355,Karawal Nagar,,737494,2023-08-30,High Value
Blinkit,98012339,Muzaffarnagar,,766651,2023-03-22,Frequent Shopper
Blinkit,71771782,Jalandhar,,382294,2023-05-23,Inactive
Blinkit,39301587,Saharsa,,137712,2023-12-29,Frequent Shopper
Blinkit,12560669,Chittoor,,776029,2024-08-29,Inactive
Blinkit,73061709,Siwan,,214812,2024-08-22,High Value
Blinkit,73807097,Haldia,,795626,2023-12-12,Inactive
Blinkit,57579640,New Delhi,,847223,2023-07-11,High Value
Blinkit,71276926,Khandwa,,116387,2023-11-21,Inactive
Blinkit,54139038,,,888729,2024-09-30,Inactive
Blinkit,6853981,Ahmedabad,,209167,2023-12-13,Inactive
Blinkit,82898985,Visakhapatnam,,679447,2023-04-03,Frequent Shopper
Blinkit,92416428,Uluberia,,944699,2024-01-24,Frequent Shopper
Blinkit,80371626,Amravati,,865438,2024-10-02,New User
Blinkit,39042103,Kolkata,,148727,2024-05-31,Frequent Shopper
Blinkit,14693393,Motihari,,496205,2024-05-24,New User
Blinkit,41878908,Mehsana,,376225,2024-05-31,High Value
Blinkit,49117070,Amritsar,,238713,2024-09-27,Inactive
Blinkit,43761120,Bangalore,,33353,2024-06-01,Inactive
Blinkit,52672659,Ghaziabad,,279779,2023-03-17,Frequent Shopper
Blinkit,91448742,Nanded,,13029,2023-04-13,Frequent Shopper
Blinkit,55278329,Bulandshahr,,906383,2024-10-08,Inactive
Blinkit,13492411,Tirunelveli,,673157,2023-07-13,Frequent Shopper
Blinkit,39093069,Kottayam,,250605,2024-03-02,Frequent Shopper
Blinkit,16436211,Shahjahanpur,,892690,2023-11-09,Frequent Shopper
Blinkit,25747787,Jodhpur,,591446,2023-05-31,Inactive
Blinkit,24000329,Durg,,375546,2023-11-01,High Value
Blinkit,54923640,Raurkela Industrial Township,,664697,2024-04-10,Inactive
Blinkit,57217288,Bhubaneswar,,202075,2023-03-24,Frequent Shopper
Blinkit,70554546,Dibrugarh,,169284,2024-04-19,Inactive
Blinkit,39959491,New Delhi,,734014,2023-08-25,High Value
Blinkit,55042740,Tirupati,,97917,2024-03-12,Frequent Shopper
Blinkit,64846124,Lucknow,,46181,2024-06-19,Inactive
Blinkit,23434261,Bhind,,224620,2023-07-10,Inactive
Blinkit,33685414,Giridih,,269887,2024-03-09,Frequent Shopper
Blinkit,43649266,Nagaon,,984786,2024-03-14,Inactive
Blinkit,53299455,Bathinda,,963064,2023-05-25,High Value
Blinkit,9388085,Varanasi,,821263,2024-03-17,New User
Blinkit,46629917,Sagar,,139007,2024-02-09,High Value
Blinkit,82359623,Jamalpur,,504776,2023-08-17,High Value
Blinkit,58238092,Thiruvananthapuram,,971189,2023-07-01,Inactive
Blinkit,74572121,Kishanganj,,562013,2024-08-20,Inactive
Blinkit,3468355,Raiganj,,427282,2024-06-02,New User
Blinkit,34095555,,,561007,2023-09-07,High Value
Blinkit,76020843,Motihari,,619007,2024-06-25,Frequent Shopper
Blinkit,80571942,Kadapa,,140451,2023-09-01,Frequent Shopper
Blinkit,19375332,Jorhat,,278850,2024-07-01,Frequent Shopper
Blinkit,8739903,Guwahati,,985691,2023-07-07,Frequent Shopper
Blinkit,55472026,Kishanganj,,925280,2023-08-28,New User
Blinkit,19581959,Katihar,,187788,2023-04-23,High Value
Blinkit,32585389,Rohtak,,717606,2023-11-13,High Value
Blinkit,24308515,Thrissur,,546301,2023-10-26,Frequent Shopper
Blinkit,63025744,Shahjahanpur,,478112,2023-10-02,Frequent Shopper
Blinkit,89036169,Solapur,,856727,2024-03-05,Inactive
Blinkit,1816969,Tadepalligudem,,441464,2024-03-05,High Value
Blinkit,18256339,Thane,,963704,2023-11-04,New User
Blinkit,87059497,Sikar,,771247,2024-02-09,Frequent Shopper
Blinkit,47577193,Tumkur,,410068,2024-02-05,High Value
Blinkit,95595403,Nandyal,,533130,2024-03-06,Frequent Shopper
Blinkit,57658033,Raurkela Industrial Township,,357745,2023-11-10,New User
Blinkit,4597433,Bally,,580130,2024-04-02,Inactive
Blinkit,7923550,Kishanganj,,833973,2023-09-02,New User
Blinkit,21553672,Bhiwani,,278827,2024-04-19,New User
Blinkit,80499378,Shimla,,642495,2024-09-17,Inactive
Blinkit,16410155,Chennai,,306843,2023-04-29,High Value
Blinkit,52423524,Ichalkaranji,,386268,2023-06-05,Inactive
Blinkit,20834589,Erode,,330314,2024-07-15,Inactive
Blinkit,70372270,Farrukhabad,,993809,2023-08-05,New User
Blinkit,18082040,Ludhiana,,824038,2024-04-03,Frequent Shopper
Blinkit,24745800,Adoni,,465288,2024-01-10,High Value
Blinkit,12698783,Suryapet,,590916,2024-10-06,Inactive
Blinkit,24821281,Bhiwani,,618702,2023-06-04,Frequent Shopper
Blinkit,17843667,Mau,,599055,2024-03-20,New User
Blinkit,75137446,Siwan,,484847,2024-03-30,New User
Blinkit,43295656,Jaunpur,,356947,2024-02-21,Frequent Shopper
Blinkit,10663246,Nashik,,538790,2023-10-29,Frequent Shopper
Blinkit,74038361,Mehsana,,27671,2023-10-02,New User
Blinkit,56548063,Siliguri,,443618,2024-08-11,New User
Blinkit,58893807,Ghaziabad,,29632,2024-02-15,Inactive
Blinkit,1301661,Pali,,524586,2023-12-26,Inactive
Blinkit,72263318,Bhatpara,,398070,2023-06-23,Inactive
Blinkit,16484167,Jorhat,,104698,2023-04-07,New User
Blinkit,74694186,Haldia,,956627,2024-09-14,Inactive
Blinkit,89472859,Machilipatnam,,209011,2023-08-27,Inactive
Blinkit,21697638,Bhusawal,,422943,2024-06-13,New User
Blinkit,74231111,Pali,,190824,2023-10-05,High Value
Blinkit,89523804,Akola,,262919,2024-04-25,Inactive
Blinkit,22694456,Ahmednagar,,66654,2024-03-20,New User
Blinkit,14940427,Jaipur,,793600,2023-06-01,High Value
Blinkit,81940825,Burhanpur,,938207,2023-10-14,New User
Blinkit,73392739,Mysore,,682021,2024-03-17,New User
Blinkit,52770036,Kishanganj,,212770,2024-08-19,New User
Blinkit,38902193,Bareilly,,953914,2024-08-08,New User
Blinkit,72287157,New Delhi,,289225,2023-08-29,New User
Blinkit,94179692,Ghaziabad,,767956,2024-09-18,New User
Blinkit,61851054,Kadapa,,380443,2024-06-11,Frequent Shopper
Blinkit,1562083,Jalna,,405442,2024-01-11,High Value
Blinkit,33671354,Ratlam,,189078,2024-09-26,Inactive
Blinkit,46023497,Bokaro,,31910,2024-05-15,High Value
Blinkit,83597876,Karimnagar,,357046,2023-12-21,High Value
Blinkit,52913011,Tirupati,,505219,2023-11-01,Inactive
Blinkit,81373608,North Dumdum,,701263,2023-06-14,Inactive
Blinkit,46885873,Karawal Nagar,,253575,2023-09-19,High Value
Blinkit,31831843,Shahjahanpur,,762247,2023-03-28,Inactive
Blinkit,85088479,Sultan Pur Majra,,779561,2024-11-04,Inactive
Blinkit,97770901,Rajpur Sonarpur,,571261,2023-04-05,Inactive
Blinkit,4055790,Kavali,,170135,2023-11-14,Frequent Shopper
Blinkit,84986716,Baranagar,,408698,2024-04-21,Frequent Shopper
Blinkit,77085443,Bhalswa Jahangir Pur,,455466,2024-03-15,Frequent Shopper
Blinkit,10642655,Siliguri,,115141,2023-11-26,High Value
Blinkit,35826539,Silchar,,81838,2024-08-28,New User
Blinkit,376144,Karawal Nagar,,627253,2023-12-19,Frequent Shopper
Blinkit,22054087,Mango,,536699,2024-01-05,Inactive
Blinkit,21481338,Mirzapur,,90749,2023-11-17,New User
Blinkit,22851478,Gulbarga,,799601,2023-11-13,Frequent Shopper
Blinkit,3002538,Ramagundam,,755769,2024-07-10,Inactive
Blinkit,69339331,Bally,,343490,2024-03-02,Frequent Shopper
Blinkit,14991661,Erode,,865476,2023-10-18,New User
Blinkit,38613295,Hapur,,254021,2023-08-20,New User
Blinkit,51872499,Sirsa,,264965,2024-04-11,High Value
Blinkit,8241122,Alappuzha,,314766,2024-09-30,Inactive
Blinkit,97033691,Cuttack,,394940,2024-08-14,High Value
Blinkit,69242672,Panihati,,791492,2023-04-19,Frequent Shopper
Blinkit,41512861,Bidar,,831675,2024-04-24,Frequent Shopper
Blinkit,3408982,Aligarh,,119108,2023-07-01,High Value
Blinkit,42589311,Katihar,,176202,2023-11-29,Frequent Shopper
Blinkit,75732571,Kumbakonam,,882501,2024-04-20,New User
Blinkit,39681023,Vijayanagaram,,730587,2023-09-04,High Value
Blinkit,94404245,Gopalpur,,630779,2024-05-14,Inactive
Blinkit,97484394,Hindupur,,577563,2024-04-05,Inactive
Blinkit,66827191,Arrah,,409528,2023-11-19,New User
Blinkit,50554007,Hindupur,,534970,2023-04-04,High Value
Blinkit,65895091,Kadapa,,59036,2023-11-11,Inactive
Blinkit,48002829,Kishanganj,,45238,2024-01-25,Inactive
Blinkit,57392064,Korba,,688100,2024-06-23,Frequent Shopper
Blinkit,71688530,Loni,,528749,2024-03-18,Frequent Shopper
Blinkit,89051578,Pudukkottai,,586734,2024-09-06,High Value
Blinkit,78738569,Bally,,342448,2023-05-10,Inactive
Swiggy,CUST0001,Bengaluru,Karnataka,560078,2022-01-15,High Value
Swiggy,CUST0002,Mumbai,Maharashtra,400076,2022-02-20,Frequent Shopper
Swiggy,CUST0003,Gurugram,Haryana,122002,2024-11-10,New User
Swiggy,CUST0004,Kolkata,West Bengal,700091,2022-03-05,Frequent Shopper
Swiggy,CUST0005,Hyderabad,Telangana,500032,2022-04-12,Inactive
Swiggy,CUST0006,Chennai,Tamil Nadu,600020,2022-05-18,High Value
Swiggy,CUST0007,Pune,Maharashtra,411028,2022-06-25,Frequent Shopper
Swiggy,CUST0008,Ahmedabad,Gujarat,380054,2025-01-02,New User
Swiggy,CUST0009,New Delhi,Delhi,110048,2022-07-30,Frequent Shopper
Swiggy,CUST0010,Noida,Uttar Pradesh,201301,2022-08-14,High Value
Swiggy,CUST0011,Bengaluru,Karnataka,560011,2023-01-20,Frequent Shopper
Swiggy,CUST0012,Bengaluru,Karnataka,560066,2023-02-11,High Value
Swiggy,CUST0013,Gurugram,Haryana,122018,2025-03-15,New User
Swiggy,CUST0014,Bengaluru,Karnataka,560034,2022-09-01,Inactive
Swiggy,CUST0015,Hyderabad,Telangana,500049,2023-03-22,Frequent Shopper
Swiggy,CUST0016,Mumbai,Maharashtra,400001,2023-04-05,High Value
Swiggy,CUST0017,Hyderabad,Telangana,500001,2025-05-01,New User
Swiggy,CUST0018,Lucknow,Uttar Pradesh,226001,2023-05-19,Frequent Shopper
Swiggy,CUST0019,New Delhi,Delhi,110001,2023-06-08,High Value
Swiggy,CUST0020,Ahmedabad,Gujarat,380001,2023-07-14,Frequent Shopper
Swiggy,CUST0021,Jaipur,Rajasthan,302001,2022-10-02,Inactive
Swiggy,CUST0022,Chennai,Tamil Nadu,600001,2023-08-21,High Value
Swiggy,CUST0023,Kolkata,West Bengal,700001,2025-06-10,New User
Swiggy,CUST0024,Coimbatore,Tamil Nadu,641001,2023-09-18,Frequent Shopper
Swiggy,CUST0025,Surat,Gujarat,395001,2023-10-25,High Value
Swiggy,CUST0026,Chhatrapati Sambhajinagar,Maharashtra,431001,2023-11-11,Frequent Shopper
Swiggy,CUST0027,Kochi,Kerala,682011,2025-07-01,New User
Swiggy,CUST0028,Mysuru,Karnataka,570001,2024-01-09,High Value
Swiggy,CUST0029,Mangaluru,Karnataka,575001,2022-11-30,Inactive
Swiggy,CUST0030,Ahmedabad,Gujarat,380058,2024-02-14,Frequent Shopper
Swiggy,CUST0031,Lucknow,Uttar Pradesh,226022,2024-03-01,High Value
Swiggy,CUST0032,Noida,Uttar Pradesh,201307,2025-07-05,New User
Swiggy,CUST0033,Bhubaneswar,Odisha,751007,2024-04-10,Frequent Shopper
Swiggy,CUST0034,Bhopal,Madhya Pradesh,462023,2024-05-20,High Value
Swiggy,CUST0035,New Delhi,Delhi,110034,2024-06-15,Frequent Shopper
Swiggy,CUST0036,Lucknow,Uttar Pradesh,226007,2023-01-01,Inactive
Swiggy,CUST0037,Patna,Bihar,800020,2024-07-01,High Value
Swiggy,CUST0038,Chandigarh,Chandigarh,160047,2025-07-10,New User
Swiggy,CUST0039,Pune,Maharashtra,411052,2024-08-19,Frequent Shopper
Swiggy,CUST0040,Gurugram,Haryana,122009,2024-09-05,High Value
Swiggy,CUST0041,Hyderabad,Telangana,500034,2022-03-10,Frequent Shopper
Swiggy,CUST0042,New Delhi,Delhi,110057,2022-04-15,High Value
Swiggy,CUST0043,New Delhi,Delhi,110070,2025-07-12,New User
Swiggy,CUST0044,New Delhi,Delhi,110008,2022-05-20,Inactive
Swiggy,CUST0045,Jaipur,Rajasthan,302006,2022-06-25,Frequent Shopper
Swiggy,CUST0046,Lucknow,Uttar Pradesh,226004,2022-07-30,High Value
Swiggy,CUST0047,Vadodara,Gujarat,390001,2025-07-15,New User
Swiggy,CUST0048,Shimla,Himachal Pradesh,171001,2022-08-14,Frequent Shopper
Swiggy,CUST0049,Dehradun,Uttarakhand,248001,2022-09-18,High Value
Swiggy,CUST0050,Srinagar,Jammu And Kashmir,190001,2022-10-22,Frequent Shopper
